Nanoparticle,Type: Organic (O)/inorganic (I),coat,Diameter (nm),Concentration μM,Zeta potential (mV),Cells,Cell line (L)/primary cells (P),Animal/ Human,Cell morphology,"Cell age: embryonic (E), Adult (A)",Cell-organ/tissue source,Exposure time (h),Test,Test indicator,Biochemical metric,% Cell viability,Interference checked (Y/N),Colloidal stability checked (Y/N),Positive control (Y/N),toxicity class,toxicity class encoded
0.21875,0,0.739130435,0.020188285,1.65E-07,,0.475,0,0.571428571,0.285714286,0,0.068965517,0.068656716,0.590909091,0.875,0.6,0.354719661,0,0,0,non toxic,0
0.21875,0,0.739130435,0.020188285,3.30E-07,,0.475,0,0.571428571,0.285714286,0,0.068965517,0.068656716,0.590909091,0.875,0.6,0.349192557,0,0,0,non toxic,0
0.21875,0,0.739130435,0.020188285,6.61E-07,,0.475,0,0.571428571,0.285714286,0,0.068965517,0.068656716,0.590909091,0.875,0.6,0.353141733,0,0,0,non toxic,0
0.21875,0,0.739130435,0.020188285,1.32E-06,,0.475,0,0.571428571,0.285714286,0,0.068965517,0.068656716,0.590909091,0.875,0.6,0.342875,0,0,0,non toxic,0
0.21875,0,0.739130435,0.020188285,2.64E-06,,0.475,0,0.571428571,0.285714286,0,0.068965517,0.068656716,0.590909091,0.875,0.6,0.337344963,0,0,0,non toxic,0
0.875,0,0.739130435,0.082217573,8.72E-11,0.355555556,0.7375,0,0.285714286,0.142857143,0,0.586206897,0.068656716,1,0.875,0.6,0.32345264,0,0,0,non toxic,0
0.875,0,0.739130435,0.082217573,1.74E-10,0.355555556,0.7375,0,0.285714286,0.142857143,0,0.586206897,0.068656716,1,0.875,0.6,0.29440591,0,0,0,non toxic,0
0.875,0,0.739130435,0.082217573,3.49E-10,0.355555556,0.7375,0,0.285714286,0.142857143,0,0.586206897,0.068656716,1,0.875,0.6,0.24392681,0,0,0,non toxic,0
0.875,0,0.739130435,0.082217573,5.23E-10,0.355555556,0.7375,0,0.285714286,0.142857143,0,0.586206897,0.068656716,1,0.875,0.6,0.222035646,0,0,0,toxic,1
0.40625,0,0.739130435,0.053880753,2.31E-09,0.061703704,0.0125,0,0.285714286,0.142857143,0,0.517241379,0.068656716,0.590909091,0.875,0.6,0.287863083,0,0,0,non toxic,0
0.40625,0,0.739130435,0.053880753,5.79E-09,0.061703704,0.0125,0,0.285714286,0.142857143,0,0.517241379,0.068656716,0.590909091,0.875,0.6,0.26946338,0,0,0,non toxic,0
0.40625,0,0.739130435,0.053880753,1.16E-08,0.061703704,0.0125,0,0.285714286,0.142857143,0,0.517241379,0.068656716,0.590909091,0.875,0.6,0.230883381,0,0,0,toxic,1
0.40625,0,0.739130435,0.053880753,2.31E-09,0.061703704,0.0125,0,0.285714286,0.142857143,0,0.517241379,0.068656716,0.727272727,0.9375,0.8,0.309701569,0,0,0,non toxic,0
0.40625,0,0.739130435,0.053880753,5.79E-09,0.061703704,0.0125,0,0.285714286,0.142857143,0,0.517241379,0.068656716,0.727272727,0.9375,0.8,0.275108649,0,0,0,non toxic,0
0.40625,0,0.739130435,0.053880753,1.16E-08,0.061703704,0.0125,0,0.285714286,0.142857143,0,0.517241379,0.068656716,0.727272727,0.9375,0.8,0.224876471,0,0,0,toxic,1
0.40625,0,0.739130435,0.248953975,2.45E-15,,0.2875,1,0.285714286,0,0,0.413793103,0.032835821,0.590909091,0.875,0.6,0.340243395,0,1,0,non toxic,0
0.40625,0,0.739130435,0.248953975,2.45E-14,,0.2875,1,0.285714286,0,0,0.413793103,0.032835821,0.590909091,0.875,0.6,0.335397277,0,1,0,non toxic,0
0.40625,0,0.739130435,0.248953975,2.45E-13,,0.2875,1,0.285714286,0,0,0.413793103,0.032835821,0.590909091,0.875,0.6,0.335397277,0,1,0,non toxic,0
0.40625,0,0.739130435,0.248953975,2.45E-12,,0.2875,1,0.285714286,0,0,0.413793103,0.032835821,0.590909091,0.875,0.6,0.340243395,0,1,0,non toxic,0
0.40625,0,0.739130435,0.248953975,1.23E-11,,0.2875,1,0.285714286,0,0,0.413793103,0.032835821,0.590909091,0.875,0.6,0.308743619,0,1,0,non toxic,0
0.40625,0,0.739130435,0.248953975,2.45E-11,,0.2875,1,0.285714286,0,0,0.413793103,0.032835821,0.590909091,0.875,0.6,0.267551609,0,1,0,non toxic,0
0.40625,0,0.739130435,0.248953975,4.91E-11,,0.2875,1,0.285714286,0,0,0.413793103,0.032835821,0.590909091,0.875,0.6,0.226359592,0,1,0,toxic,1
0.40625,0,0.739130435,0.248953975,1.23E-10,,0.2875,1,0.285714286,0,0,0.413793103,0.032835821,0.590909091,0.875,0.6,0.163360033,0,1,0,toxic,1
0.40625,0,0.739130435,0.248953975,2.45E-10,,0.2875,1,0.285714286,0,0,0.413793103,0.032835821,0.590909091,0.875,0.6,0.158513913,0,1,0,toxic,1
0.40625,0,0.739130435,0.248953975,2.45E-15,,0.2875,1,0.285714286,0,0,0.413793103,0.068656716,0.590909091,0.875,0.6,0.335397277,0,1,0,non toxic,0
0.40625,0,0.739130435,0.248953975,2.45E-14,,0.2875,1,0.285714286,0,0,0.413793103,0.068656716,0.590909091,0.875,0.6,0.342666464,0,1,0,non toxic,0
0.40625,0,0.739130435,0.248953975,2.45E-13,,0.2875,1,0.285714286,0,0,0.413793103,0.068656716,0.590909091,0.875,0.6,0.332974218,0,1,0,non toxic,0
0.40625,0,0.739130435,0.248953975,2.45E-12,,0.2875,1,0.285714286,0,0,0.413793103,0.068656716,0.590909091,0.875,0.6,0.335397277,0,1,0,non toxic,0
0.40625,0,0.739130435,0.248953975,1.23E-11,,0.2875,1,0.285714286,0,0,0.413793103,0.068656716,0.590909091,0.875,0.6,0.289359149,0,1,0,non toxic,0
0.40625,0,0.739130435,0.248953975,2.45E-11,,0.2875,1,0.285714286,0,0,0.413793103,0.068656716,0.590909091,0.875,0.6,0.22151347,0,1,0,toxic,1
0.40625,0,0.739130435,0.248953975,4.91E-11,,0.2875,1,0.285714286,0,0,0.413793103,0.068656716,0.590909091,0.875,0.6,0.160936972,0,1,0,toxic,1
0.40625,0,0.739130435,0.248953975,1.23E-10,,0.2875,1,0.285714286,0,0,0.413793103,0.068656716,0.590909091,0.875,0.6,0.156090852,0,1,0,toxic,1
0.40625,0,0.739130435,0.248953975,2.45E-10,,0.2875,1,0.285714286,0,0,0.413793103,0.068656716,0.590909091,0.875,0.6,0.156090852,0,1,0,toxic,1
0.40625,0,0.739130435,0.248953975,2.45E-15,,0.2875,1,0.285714286,0,0,0.413793103,0.032835821,0.409090909,0.375,0.2,0.226848985,0,1,0,toxic,1
0.40625,0,0.739130435,0.248953975,2.45E-14,,0.2875,1,0.285714286,0,0,0.413793103,0.032835821,0.409090909,0.375,0.2,0.222742902,0,1,0,toxic,1
0.40625,0,0.739130435,0.248953975,2.45E-13,,0.2875,1,0.285714286,0,0,0.413793103,0.032835821,0.409090909,0.375,0.2,0.222685508,0,1,0,toxic,1
0.40625,0,0.739130435,0.248953975,2.45E-12,,0.2875,1,0.285714286,0,0,0.413793103,0.032835821,0.409090909,0.375,0.2,0.198362017,0,1,0,toxic,1
0.40625,0,0.739130435,0.248953975,1.23E-11,,0.2875,1,0.285714286,0,0,0.413793103,0.032835821,0.409090909,0.375,0.2,0.186179398,0,1,0,toxic,1
0.40625,0,0.739130435,0.248953975,2.45E-11,,0.2875,1,0.285714286,0,0,0.413793103,0.032835821,0.409090909,0.375,0.2,0.153763713,0,1,0,toxic,1
0.40625,0,0.739130435,0.248953975,4.91E-11,,0.2875,1,0.285714286,0,0,0.413793103,0.032835821,0.409090909,0.375,0.2,0.153706328,0,1,0,toxic,1
0.40625,0,0.739130435,0.248953975,1.23E-10,,0.2875,1,0.285714286,0,0,0.413793103,0.032835821,0.409090909,0.375,0.2,0.113208912,0,1,0,toxic,1
0.40625,0,0.739130435,0.248953975,2.45E-10,,0.2875,1,0.285714286,0,0,0.413793103,0.032835821,0.409090909,0.375,0.2,0.05654279,0,1,0,toxic,1
0.40625,0,0.739130435,0.248953975,2.45E-15,,0.2875,1,0.285714286,0,0,0.413793103,0.068656716,0.409090909,0.375,0.2,0.220551596,0,1,0,toxic,1
0.40625,0,0.739130435,0.248953975,2.45E-14,,0.2875,1,0.285714286,0,0,0.413793103,0.068656716,0.409090909,0.375,0.2,0.2164455,0,1,0,toxic,1
0.40625,0,0.739130435,0.248953975,2.45E-13,,0.2875,1,0.285714286,0,0,0.413793103,0.068656716,0.409090909,0.375,0.2,0.224480296,0,1,0,toxic,1
0.40625,0,0.739130435,0.248953975,2.45E-12,,0.2875,1,0.285714286,0,0,0.413793103,0.068656716,0.409090909,0.375,0.2,0.192064602,0,1,0,toxic,1
0.40625,0,0.739130435,0.248953975,1.23E-11,,0.2875,1,0.285714286,0,0,0.413793103,0.068656716,0.409090909,0.375,0.2,0.151577624,0,1,0,toxic,1
0.40625,0,0.739130435,0.248953975,2.45E-11,,0.2875,1,0.285714286,0,0,0.413793103,0.068656716,0.409090909,0.375,0.2,0.139384577,0,1,0,toxic,1
0.40625,0,0.739130435,0.248953975,4.91E-11,,0.2875,1,0.285714286,0,0,0.413793103,0.068656716,0.409090909,0.375,0.2,0.123148048,0,1,0,toxic,1
0.40625,0,0.739130435,0.248953975,1.23E-10,,0.2875,1,0.285714286,0,0,0.413793103,0.068656716,0.409090909,0.375,0.2,0.090742813,0,1,0,toxic,1
0.40625,0,0.739130435,0.248953975,2.45E-10,,0.2875,1,0.285714286,0,0,0.413793103,0.068656716,0.409090909,0.375,0.2,0.046201894,0,1,0,toxic,1
0.40625,0,0.739130435,0.033472803,6.67E-08,,0.775,0,0.285714286,0.142857143,0,0.172413793,0.140298507,0.545454545,0.875,0.6,0.202492294,0,0,0,toxic,1
0.40625,0,0.739130435,0.033472803,6.67E-06,,0.775,0,0.285714286,0.142857143,0,0.172413793,0.140298507,0.545454545,0.875,0.6,0.196037531,0,0,0,toxic,1
0.40625,0,0.739130435,0.033472803,6.67E-05,,0.775,0,0.285714286,0.142857143,0,0.172413793,0.140298507,0.545454545,0.875,0.6,0.207684915,0,0,0,toxic,1
0.40625,0,0.739130435,0.033472803,0.000666667,,0.775,0,0.285714286,0.142857143,0,0.172413793,0.140298507,0.545454545,0.875,0.6,0.216972339,0,0,0,toxic,1
0.40625,0,0.739130435,0.033472803,0.006666667,,0.775,0,0.285714286,0.142857143,0,0.172413793,0.140298507,0.545454545,0.875,0.6,0.123943331,0,0,0,toxic,1
0.40625,0,0.739130435,0.033472803,6.67E-08,,0.2625,0,0.285714286,0.142857143,0,0.24137931,0.140298507,0.545454545,0.875,0.6,0.281909504,0,0,0,non toxic,0
0.40625,0,0.739130435,0.033472803,6.67E-06,,0.2625,0,0.285714286,0.142857143,0,0.24137931,0.140298507,0.545454545,0.875,0.6,0.254370028,0,0,0,non toxic,0
0.40625,0,0.739130435,0.033472803,6.67E-05,,0.2625,0,0.285714286,0.142857143,0,0.24137931,0.140298507,0.545454545,0.875,0.6,0.274086845,0,0,0,non toxic,0
0.40625,0,0.739130435,0.033472803,0.000666667,,0.2625,0,0.285714286,0.142857143,0,0.24137931,0.140298507,0.545454545,0.875,0.6,0.209879782,0,0,0,toxic,1
0.40625,0,0.739130435,0.033472803,0.006666667,,0.2625,0,0.285714286,0.142857143,0,0.24137931,0.140298507,0.545454545,0.875,0.6,0.126935932,0,0,0,toxic,1
0.40625,0,0.739130435,0.033472803,6.67E-08,,0.775,0,0.285714286,0.142857143,0,0.172413793,0.140298507,0.454545455,0.125,0.4,0.337603745,0,0,0,non toxic,0
0.40625,0,0.739130435,0.033472803,6.67E-06,,0.775,0,0.285714286,0.142857143,0,0.172413793,0.140298507,0.454545455,0.125,0.4,0.340329828,0,0,0,non toxic,0
0.40625,0,0.739130435,0.033472803,6.67E-05,,0.775,0,0.285714286,0.142857143,0,0.172413793,0.140298507,0.454545455,0.125,0.4,0.337603745,0,0,0,non toxic,0
0.40625,0,0.739130435,0.033472803,0.000666667,,0.775,0,0.285714286,0.142857143,0,0.172413793,0.140298507,0.454545455,0.125,0.4,0.320565745,0,0,0,non toxic,0
0.40625,0,0.739130435,0.033472803,0.006666667,,0.775,0,0.285714286,0.142857143,0,0.172413793,0.140298507,0.454545455,0.125,0.4,0.215611708,0,0,0,toxic,1
0.40625,0,0.739130435,0.033472803,6.67E-08,,0.2625,0,0.285714286,0.142857143,0,0.24137931,0.140298507,0.454545455,0.125,0.4,0.338966785,0,0,0,non toxic,0
0.40625,0,0.739130435,0.033472803,6.67E-06,,0.2625,0,0.285714286,0.142857143,0,0.24137931,0.140298507,0.454545455,0.125,0.4,0.339648302,0,0,0,non toxic,0
0.40625,0,0.739130435,0.033472803,6.67E-05,,0.2625,0,0.285714286,0.142857143,0,0.24137931,0.140298507,0.454545455,0.125,0.4,0.336922219,0,0,0,non toxic,0
0.40625,0,0.739130435,0.033472803,0.000666667,,0.2625,0,0.285714286,0.142857143,0,0.24137931,0.140298507,0.454545455,0.125,0.4,0.321247271,0,0,0,non toxic,0
0.40625,0,0.739130435,0.033472803,0.006666667,,0.2625,0,0.285714286,0.142857143,0,0.24137931,0.140298507,0.454545455,0.125,0.4,0.25786593,0,0,0,non toxic,0
0.4375,0,0.739130435,0.00209205,0.006666667,,0.325,0,0.285714286,0.142857143,1,0.448275862,0.140298507,0.909090909,0.875,0.6,0.338099616,0,0,0,non toxic,0
0.4375,0,0.739130435,0.00209205,0.013333333,,0.325,0,0.285714286,0.142857143,1,0.448275862,0.140298507,0.909090909,0.875,0.6,0.335357166,0,0,0,non toxic,0
0.4375,0,0.739130435,0.00209205,0.026666667,,0.325,0,0.285714286,0.142857143,1,0.448275862,0.140298507,0.909090909,0.875,0.6,0.333903982,0,0,0,non toxic,0
0.4375,0,0.739130435,0.00209205,6.67E-08,,0.325,0,0.285714286,0.142857143,1,0.448275862,0.140298507,0.909090909,0.875,0.6,0.344312668,0,0,0,non toxic,0
0.4375,0,0.739130435,0.00209205,6.67E-07,,0.325,0,0.285714286,0.142857143,1,0.448275862,0.140298507,0.909090909,0.875,0.6,0.345958872,0,0,0,non toxic,0
0.4375,0,0.739130435,0.00209205,6.67E-06,,0.325,0,0.285714286,0.142857143,1,0.448275862,0.140298507,0.909090909,0.875,0.6,0.342666464,0,0,0,non toxic,0
0.4375,0,0.739130435,0.00209205,6.67E-05,,0.325,0,0.285714286,0.142857143,1,0.448275862,0.140298507,0.909090909,0.875,0.6,0.349800006,0,0,0,non toxic,0
0.4375,0,0.739130435,0.00209205,0.000666667,,0.325,0,0.285714286,0.142857143,1,0.448275862,0.140298507,0.909090909,0.875,0.6,0.338276602,0,0,0,non toxic,0
0.4375,0,0.739130435,0.00209205,0.006666667,,0.325,0,0.285714286,0.142857143,1,0.448275862,0.140298507,0.909090909,0.875,0.6,0.319619657,0,0,0,non toxic,0
0.4375,0,0.739130435,0.00209205,0.066666667,,0.325,0,0.285714286,0.142857143,1,0.448275862,0.140298507,0.909090909,0.875,0.6,0.241150739,0,0,0,non toxic,0
1,0,0.739130435,0.171548117,6.71E-14,0.162962963,0,0,0.285714286,0.142857143,0,0.620689655,0.005970149,0.590909091,0.875,0.6,0.343705749,0,0,0,non toxic,0
1,0,0.739130435,0.171548117,6.71E-13,0.162962963,0,0,0.285714286,0.142857143,0,0.620689655,0.005970149,0.590909091,0.875,0.6,0.334352161,0,0,0,non toxic,0
1,0,0.739130435,0.171548117,6.71E-12,0.162962963,0,0,0.285714286,0.142857143,0,0.620689655,0.005970149,0.590909091,0.875,0.6,0.323439625,0,0,0,non toxic,0
1,0,0.739130435,0.171548117,4.19E-11,0.162962963,0,0,0.285714286,0.142857143,0,0.620689655,0.005970149,0.590909091,0.875,0.6,0.312527089,0,0,0,non toxic,0
1,0,0.739130435,0.171548117,6.71E-11,0.162962963,0,0,0.285714286,0.142857143,0,0.620689655,0.005970149,0.590909091,0.875,0.6,0.312527089,0,0,0,non toxic,0
1,0,0.739130435,0.171548117,1.68E-10,0.162962963,0,0,0.285714286,0.142857143,0,0.620689655,0.005970149,0.590909091,0.875,0.6,0.276671654,0,0,0,non toxic,0
1,0,0.739130435,0.171548117,6.71E-14,0.162962963,0,0,0.285714286,0.142857143,0,0.620689655,0.014925373,0.590909091,0.875,0.6,0.334352161,0,0,0,non toxic,0
1,0,0.739130435,0.171548117,6.71E-13,0.162962963,0,0,0.285714286,0.142857143,0,0.620689655,0.014925373,0.590909091,0.875,0.6,0.329675374,0,0,0,non toxic,0
1,0,0.739130435,0.171548117,6.71E-12,0.162962963,0,0,0.285714286,0.142857143,0,0.620689655,0.014925373,0.590909091,0.875,0.6,0.321880685,0,0,0,non toxic,0
1,0,0.739130435,0.171548117,4.19E-11,0.162962963,0,0,0.285714286,0.142857143,0,0.620689655,0.014925373,0.590909091,0.875,0.6,0.310968181,0,0,0,non toxic,0
1,0,0.739130435,0.171548117,6.71E-11,0.162962963,0,0,0.285714286,0.142857143,0,0.620689655,0.014925373,0.590909091,0.875,0.6,0.292260967,0,0,0,non toxic,0
1,0,0.739130435,0.171548117,1.68E-10,0.162962963,0,0,0.285714286,0.142857143,0,0.620689655,0.014925373,0.590909091,0.875,0.6,0.264200191,0,0,0,non toxic,0
1,0,0.739130435,0.171548117,6.71E-14,0.162962963,0,0,0.285714286,0.142857143,0,0.620689655,0.068656716,0.590909091,0.875,0.6,0.342146807,0,0,0,non toxic,0
1,0,0.739130435,0.171548117,6.71E-13,0.162962963,0,0,0.285714286,0.142857143,0,0.620689655,0.068656716,0.590909091,0.875,0.6,0.317203898,0,0,0,non toxic,0
1,0,0.739130435,0.171548117,6.71E-12,0.162962963,0,0,0.285714286,0.142857143,0,0.620689655,0.068656716,0.590909091,0.875,0.6,0.312527089,0,0,0,non toxic,0
1,0,0.739130435,0.171548117,4.19E-11,0.162962963,0,0,0.285714286,0.142857143,0,0.620689655,0.068656716,0.590909091,0.875,0.6,0.239257268,0,0,0,non toxic,0
1,0,0.739130435,0.171548117,6.71E-11,0.162962963,0,0,0.285714286,0.142857143,0,0.620689655,0.068656716,0.590909091,0.875,0.6,0.183135703,0,0,0,toxic,1
1,0,0.739130435,0.171548117,1.68E-10,0.162962963,0,0,0.285714286,0.142857143,0,0.620689655,0.068656716,0.590909091,0.875,0.6,0.142603459,0,0,0,toxic,1
1,0,0.739130435,0.171548117,6.71E-14,0.162962963,0,0,0.285714286,0.142857143,0,0.620689655,0.140298507,0.590909091,0.875,0.6,0.321880685,0,0,0,non toxic,0
1,0,0.739130435,0.171548117,6.71E-13,0.162962963,0,0,0.285714286,0.142857143,0,0.620689655,0.140298507,0.590909091,0.875,0.6,0.317203898,0,0,0,non toxic,0
1,0,0.739130435,0.171548117,6.71E-12,0.162962963,0,0,0.285714286,0.142857143,0,0.620689655,0.140298507,0.590909091,0.875,0.6,0.312527089,0,0,0,non toxic,0
1,0,0.739130435,0.171548117,4.19E-11,0.162962963,0,0,0.285714286,0.142857143,0,0.620689655,0.140298507,0.590909091,0.875,0.6,0.217432217,0,0,0,toxic,1
1,0,0.739130435,0.171548117,6.71E-11,0.162962963,0,0,0.285714286,0.142857143,0,0.620689655,0.140298507,0.590909091,0.875,0.6,0.147280257,0,0,0,toxic,1
1,0,0.739130435,0.171548117,1.68E-10,0.162962963,0,0,0.285714286,0.142857143,0,0.620689655,0.140298507,0.590909091,0.875,0.6,0.141044526,0,0,0,toxic,1
1,0,0.739130435,0.171548117,6.71E-14,0.162962963,0,0,0.285714286,0.142857143,0,0.620689655,0.005970149,0.727272727,0.9375,0.8,0.34379286,0,0,0,non toxic,0
1,0,0.739130435,0.171548117,6.71E-13,0.162962963,0,0,0.285714286,0.142857143,0,0.620689655,0.005970149,0.727272727,0.9375,0.8,0.337581167,0,0,0,non toxic,0
1,0,0.739130435,0.171548117,6.71E-12,0.162962963,0,0,0.285714286,0.142857143,0,0.620689655,0.005970149,0.727272727,0.9375,0.8,0.338848728,0,0,0,non toxic,0
1,0,0.739130435,0.171548117,4.19E-11,0.162962963,0,0,0.285714286,0.142857143,0,0.620689655,0.005970149,0.727272727,0.9375,0.8,0.352077133,0,0,0,non toxic,0
1,0,0.739130435,0.171548117,6.71E-11,0.162962963,0,0,0.285714286,0.142857143,0,0.620689655,0.005970149,0.727272727,0.9375,0.8,0.345865429,0,0,0,non toxic,0
1,0,0.739130435,0.171548117,1.68E-10,0.162962963,0,0,0.285714286,0.142857143,0,0.620689655,0.005970149,0.727272727,0.9375,0.8,0.341143571,0,0,0,non toxic,0
1,0,0.739130435,0.171548117,6.71E-14,0.162962963,0,0,0.285714286,0.142857143,0,0.620689655,0.014925373,0.727272727,0.9375,0.8,0.340572868,0,0,0,non toxic,0
1,0,0.739130435,0.171548117,6.71E-13,0.162962963,0,0,0.285714286,0.142857143,0,0.620689655,0.014925373,0.727272727,0.9375,0.8,0.338848728,0,0,0,non toxic,0
1,0,0.739130435,0.171548117,6.71E-12,0.162962963,0,0,0.285714286,0.142857143,0,0.620689655,0.014925373,0.727272727,0.9375,0.8,0.332625023,0,0,0,non toxic,0
1,0,0.739130435,0.171548117,4.19E-11,0.162962963,0,0,0.285714286,0.142857143,0,0.620689655,0.014925373,0.727272727,0.9375,0.8,0.326413317,0,0,0,non toxic,0
1,0,0.739130435,0.171548117,6.71E-11,0.162962963,0,0,0.285714286,0.142857143,0,0.620689655,0.014925373,0.727272727,0.9375,0.8,0.305231061,0,0,0,non toxic,0
1,0,0.739130435,0.171548117,1.68E-10,0.162962963,0,0,0.285714286,0.142857143,0,0.620689655,0.014925373,0.727272727,0.9375,0.8,0.263124857,0,0,0,non toxic,0
1,0,0.739130435,0.171548117,6.71E-14,0.162962963,0,0,0.285714286,0.142857143,0,0.620689655,0.068656716,0.727272727,0.9375,0.8,0.346556293,0,0,0,non toxic,0
1,0,0.739130435,0.171548117,6.71E-13,0.162962963,0,0,0.285714286,0.142857143,0,0.620689655,0.068656716,0.727272727,0.9375,0.8,0.344826147,0,0,0,non toxic,0
1,0,0.739130435,0.171548117,6.71E-12,0.162962963,0,0,0.285714286,0.142857143,0,0.620689655,0.068656716,0.727272727,0.9375,0.8,0.337112584,0,0,0,non toxic,0
1,0,0.739130435,0.171548117,4.19E-11,0.162962963,0,0,0.285714286,0.142857143,0,0.620689655,0.068656716,0.727272727,0.9375,0.8,0.31894005,0,0,0,non toxic,0
1,0,0.739130435,0.171548117,6.71E-11,0.162962963,0,0,0.285714286,0.142857143,0,0.620689655,0.068656716,0.727272727,0.9375,0.8,0.24540289,0,0,0,non toxic,0
1,0,0.739130435,0.171548117,1.68E-10,0.162962963,0,0,0.285714286,0.142857143,0,0.620689655,0.068656716,0.727272727,0.9375,0.8,0.231711923,0,0,0,toxic,1
1,0,0.739130435,0.171548117,6.71E-14,0.162962963,0,0,0.285714286,0.142857143,0,0.620689655,0.140298507,0.727272727,0.9375,0.8,0.328600032,0,0,0,non toxic,0
1,0,0.739130435,0.171548117,6.71E-13,0.162962963,0,0,0.285714286,0.142857143,0,0.620689655,0.140298507,0.727272727,0.9375,0.8,0.325380032,0,0,0,non toxic,0
1,0,0.739130435,0.171548117,6.71E-12,0.162962963,0,0,0.285714286,0.142857143,0,0.620689655,0.140298507,0.727272727,0.9375,0.8,0.335622742,0,0,0,non toxic,0
1,0,0.739130435,0.171548117,4.19E-11,0.162962963,0,0,0.285714286,0.142857143,0,0.620689655,0.140298507,0.727272727,0.9375,0.8,0.277050124,0,0,0,non toxic,0
1,0,0.739130435,0.171548117,6.71E-11,0.162962963,0,0,0.285714286,0.142857143,0,0.620689655,0.140298507,0.727272727,0.9375,0.8,0.221469229,0,0,0,toxic,1
1,0,0.739130435,0.171548117,1.68E-10,0.162962963,0,0,0.285714286,0.142857143,0,0.620689655,0.140298507,0.727272727,0.9375,0.8,0.201794836,0,0,0,toxic,1
1,0,0.739130435,0.009414226,5.65E-08,,0.7625,0,0.571428571,0.785714286,0,0.103448276,0.068656716,0.909090909,0.875,0.6,0.394566165,1,0,1,non toxic,0
1,0,0.739130435,0.010460251,1.80E-07,,0.7625,0,0.571428571,0.785714286,0,0.103448276,0.068656716,0.909090909,0.875,0.6,0.420967453,1,0,1,non toxic,0
1,0,0.739130435,0.011506276,2.41E-07,,0.7625,0,0.571428571,0.785714286,0,0.103448276,0.068656716,0.909090909,0.875,0.6,0.29274405,1,0,1,non toxic,0
1,0,0.739130435,0.012552301,6.71E-07,,0.7625,0,0.571428571,0.785714286,0,0.103448276,0.068656716,0.909090909,0.875,0.6,0.195037745,1,0,1,toxic,1
1,0,0.739130435,0.013598326,9.62E-07,,0.7625,0,0.571428571,0.785714286,0,0.103448276,0.068656716,0.909090909,0.875,0.6,0.186852971,1,0,1,toxic,1
1,0,0.739130435,0.014644351,8.86E-09,,0.7625,0,0.571428571,0.785714286,0,0.103448276,0.068656716,0.409090909,0.375,0.2,0.185441482,1,0,1,toxic,1
1,0,0.739130435,0.015690377,3.33E-08,,0.7625,0,0.571428571,0.785714286,0,0.103448276,0.068656716,0.409090909,0.375,0.2,0.241006763,1,0,1,non toxic,0
1,0,0.739130435,0.016736402,5.12E-08,,0.7625,0,0.571428571,0.785714286,0,0.103448276,0.068656716,0.409090909,0.375,0.2,0.244292341,1,0,1,non toxic,0
1,0,0.739130435,0.017782427,1.60E-07,,0.7625,0,0.571428571,0.785714286,0,0.103448276,0.068656716,0.409090909,0.375,0.2,0.244310421,1,0,1,non toxic,0
1,0,0.739130435,0.018828452,2.53E-07,,0.7625,0,0.571428571,0.785714286,0,0.103448276,0.068656716,0.409090909,0.375,0.2,0.239427289,1,0,1,non toxic,0
1,0,0.739130435,0.116108787,1.07E-09,,0.1625,0,0.285714286,0.142857143,0,0.344827586,0.068656716,0.454545455,0.5,0.4,0.338353418,0,1,1,non toxic,0
1,0,0.739130435,0.116108787,1.07E-09,,0.1625,0,0.285714286,0.142857143,0,0.344827586,0.068656716,0.454545455,0.0625,0.4,0.342666464,0,1,1,non toxic,0
1,0,0.739130435,0.116108787,1.07E-09,,0.1625,0,0.285714286,0.142857143,0,0.344827586,0.068656716,0.409090909,0.375,0.2,0.30180603,0,1,1,non toxic,0
1,0,0.739130435,0.116108787,1.07E-09,,0.1625,0,0.285714286,0.142857143,0,0.344827586,0.068656716,0.590909091,0.875,0.6,0.277177863,0,1,1,non toxic,0
1,0,0.739130435,0.061715481,1.29E-11,,0.2375,1,0.285714286,0.285714286,0,0.620689655,0.008955224,0.545454545,0.875,0.6,0.301283256,0,0,0,non toxic,0
1,0,0.739130435,0.061715481,5.15E-11,,0.2375,1,0.285714286,0.285714286,0,0.620689655,0.008955224,0.545454545,0.875,0.6,0.305433723,0,0,0,non toxic,0
1,0,0.739130435,0.061715481,2.05E-10,,0.2375,1,0.285714286,0.285714286,0,0.620689655,0.008955224,0.545454545,0.875,0.6,0.307956626,0,0,0,non toxic,0
1,0,0.739130435,0.061715481,8.42E-10,,0.2375,1,0.285714286,0.285714286,0,0.620689655,0.008955224,0.545454545,0.875,0.6,0.29013636,0,0,0,non toxic,0
1,0,0.739130435,0.061715481,3.35E-09,,0.2375,1,0.285714286,0.285714286,0,0.620689655,0.008955224,0.545454545,0.875,0.6,0.330907299,0,0,0,non toxic,0
1,0,0.739130435,0.061715481,1.34E-08,,0.2375,1,0.285714286,0.285714286,0,0.620689655,0.008955224,0.545454545,0.875,0.6,0.303320028,0,0,0,non toxic,0
1,0,0.739130435,0.061715481,5.35E-08,,0.2375,1,0.285714286,0.285714286,0,0.620689655,0.008955224,0.545454545,0.875,0.6,0.30502915,0,0,0,non toxic,0
1,0,0.739130435,0.061715481,2.14E-07,,0.2375,1,0.285714286,0.285714286,0,0.620689655,0.008955224,0.545454545,0.875,0.6,0.296972798,0,0,0,non toxic,0
1,0,0.739130435,0.061715481,5.19E-07,,0.2375,1,0.285714286,0.285714286,0,0.620689655,0.008955224,0.545454545,0.875,0.6,0.300280249,0,0,0,non toxic,0
1,0,0.739130435,0.061715481,1.29E-11,,0.2375,1,0.285714286,0.285714286,0,0.620689655,0.068656716,0.545454545,0.875,0.6,0.323255533,0,0,0,non toxic,0
1,0,0.739130435,0.061715481,5.14E-11,,0.2375,1,0.285714286,0.285714286,0,0.620689655,0.068656716,0.545454545,0.875,0.6,0.324150857,0,0,0,non toxic,0
1,0,0.739130435,0.061715481,2.05E-10,,0.2375,1,0.285714286,0.285714286,0,0.620689655,0.068656716,0.545454545,0.875,0.6,0.323418599,0,0,0,non toxic,0
1,0,0.739130435,0.061715481,8.41E-10,,0.2375,1,0.285714286,0.285714286,0,0.620689655,0.068656716,0.545454545,0.875,0.6,0.315363801,0,0,0,non toxic,0
1,0,0.739130435,0.061715481,3.36E-09,,0.2375,1,0.285714286,0.285714286,0,0.620689655,0.068656716,0.545454545,0.875,0.6,0.278824856,0,0,0,non toxic,0
1,0,0.739130435,0.061715481,1.35E-08,,0.2375,1,0.285714286,0.285714286,0,0.620689655,0.068656716,0.545454545,0.875,0.6,0.182879387,0,0,0,toxic,1
1,0,0.739130435,0.061715481,5.41E-08,,0.2375,1,0.285714286,0.285714286,0,0.620689655,0.068656716,0.545454545,0.875,0.6,0.135761202,0,0,0,toxic,1
1,0,0.739130435,0.061715481,2.22E-07,,0.2375,1,0.285714286,0.285714286,0,0.620689655,0.068656716,0.545454545,0.875,0.6,0.130961545,0,0,0,toxic,1
1,0,0.739130435,0.667364017,1.44E-16,,0.2875,1,0.285714286,0,0,0.413793103,0.032835821,0.590909091,0.875,0.6,0.335397277,0,1,0,non toxic,0
1,0,0.739130435,0.667364017,1.44E-15,,0.2875,1,0.285714286,0,0,0.413793103,0.032835821,0.590909091,0.875,0.6,0.337820347,0,1,0,non toxic,0
1,0,0.739130435,0.667364017,1.44E-14,,0.2875,1,0.285714286,0,0,0.413793103,0.032835821,0.590909091,0.875,0.6,0.345089534,0,1,0,non toxic,0
1,0,0.739130435,0.667364017,1.44E-13,,0.2875,1,0.285714286,0,0,0.413793103,0.032835821,0.590909091,0.875,0.6,0.340243395,0,1,0,non toxic,0
1,0,0.739130435,0.667364017,7.22E-13,,0.2875,1,0.285714286,0,0,0.413793103,0.032835821,0.590909091,0.875,0.6,0.32570505,0,1,0,non toxic,0
1,0,0.739130435,0.667364017,1.44E-12,,0.2875,1,0.285714286,0,0,0.413793103,0.032835821,0.590909091,0.875,0.6,0.289359149,0,1,0,non toxic,0
1,0,0.739130435,0.667364017,2.89E-12,,0.2875,1,0.285714286,0,0,0.413793103,0.032835821,0.590909091,0.875,0.6,0.26512855,0,1,0,non toxic,0
1,0,0.739130435,0.667364017,7.22E-12,,0.2875,1,0.285714286,0,0,0.413793103,0.032835821,0.590909091,0.875,0.6,0.204552048,0,1,0,toxic,1
1,0,0.739130435,0.667364017,1.44E-11,,0.2875,1,0.285714286,0,0,0.413793103,0.032835821,0.590909091,0.875,0.6,0.197282871,0,1,0,toxic,1
1,0,0.739130435,0.667364017,1.44E-16,,0.2875,1,0.285714286,0,0,0.413793103,0.068656716,0.590909091,0.875,0.6,0.328128111,0,1,0,non toxic,0
1,0,0.739130435,0.667364017,1.44E-15,,0.2875,1,0.285714286,0,0,0.413793103,0.068656716,0.590909091,0.875,0.6,0.340243395,0,1,0,non toxic,0
1,0,0.739130435,0.667364017,1.44E-14,,0.2875,1,0.285714286,0,0,0.413793103,0.068656716,0.590909091,0.875,0.6,0.335397277,0,1,0,non toxic,0
1,0,0.739130435,0.667364017,1.44E-13,,0.2875,1,0.285714286,0,0,0.413793103,0.068656716,0.590909091,0.875,0.6,0.337820347,0,1,0,non toxic,0
1,0,0.739130435,0.667364017,7.22E-13,,0.2875,1,0.285714286,0,0,0.413793103,0.068656716,0.590909091,0.875,0.6,0.282089962,0,1,0,non toxic,0
1,0,0.739130435,0.667364017,1.44E-12,,0.2875,1,0.285714286,0,0,0.413793103,0.068656716,0.590909091,0.875,0.6,0.257859365,0,1,0,non toxic,0
1,0,0.739130435,0.667364017,2.89E-12,,0.2875,1,0.285714286,0,0,0.413793103,0.068656716,0.590909091,0.875,0.6,0.22151347,0,1,0,toxic,1
1,0,0.739130435,0.667364017,7.22E-12,,0.2875,1,0.285714286,0,0,0.413793103,0.068656716,0.590909091,0.875,0.6,0.187590632,0,1,0,toxic,1
1,0,0.739130435,0.667364017,1.44E-11,,0.2875,1,0.285714286,0,0,0.413793103,0.068656716,0.590909091,0.875,0.6,0.175475331,0,1,0,toxic,1
1,0,0.739130435,0.667364017,1.44E-16,,0.2875,1,0.285714286,0,0,0.413793103,0.032835821,0.409090909,0.375,0.2,0.333539761,0,1,0,non toxic,0
1,0,0.739130435,0.667364017,1.44E-15,,0.2875,1,0.285714286,0,0,0.413793103,0.032835821,0.409090909,0.375,0.2,0.337508232,0,1,0,non toxic,0
1,0,0.739130435,0.667364017,1.44E-14,,0.2875,1,0.285714286,0,0,0.413793103,0.032835821,0.409090909,0.375,0.2,0.333414934,0,1,0,non toxic,0
1,0,0.739130435,0.667364017,1.44E-13,,0.2875,1,0.285714286,0,0,0.413793103,0.032835821,0.409090909,0.375,0.2,0.321265069,0,1,0,non toxic,0
1,0,0.739130435,0.667364017,7.22E-13,,0.2875,1,0.285714286,0,0,0.413793103,0.032835821,0.409090909,0.375,0.2,0.288955577,0,1,0,non toxic,0
1,0,0.739130435,0.667364017,1.44E-12,,0.2875,1,0.285714286,0,0,0.413793103,0.032835821,0.409090909,0.375,0.2,0.228435093,0,1,0,toxic,1
1,0,0.739130435,0.667364017,2.89E-12,,0.2875,1,0.285714286,0,0,0.413793103,0.032835821,0.409090909,0.375,0.2,0.220316114,0,1,0,toxic,1
1,0,0.739130435,0.667364017,7.22E-12,,0.2875,1,0.285714286,0,0,0.413793103,0.032835821,0.409090909,0.375,0.2,0.192032311,0,1,0,toxic,1
1,0,0.739130435,0.667364017,1.44E-11,,0.2875,1,0.285714286,0,0,0.413793103,0.032835821,0.409090909,0.375,0.2,0.151671433,0,1,0,toxic,1
1,0,0.739130435,0.667364017,1.44E-16,,0.2875,1,0.285714286,0,0,0.413793103,0.068656716,0.409090909,0.375,0.2,0.331292869,0,1,0,non toxic,0
1,0,0.739130435,0.667364017,1.44E-15,,0.2875,1,0.285714286,0,0,0.413793103,0.068656716,0.409090909,0.375,0.2,0.331230454,0,1,0,non toxic,0
1,0,0.739130435,0.667364017,1.44E-14,,0.2875,1,0.285714286,0,0,0.413793103,0.068656716,0.409090909,0.375,0.2,0.323106272,0,1,0,non toxic,0
1,0,0.739130435,0.667364017,1.44E-13,,0.2875,1,0.285714286,0,0,0.413793103,0.068656716,0.409090909,0.375,0.2,0.274678444,0,1,0,non toxic,0
1,0,0.739130435,0.667364017,7.22E-13,,0.2875,1,0.285714286,0,0,0.413793103,0.068656716,0.409090909,0.375,0.2,0.254461605,0,1,0,non toxic,0
1,0,0.739130435,0.667364017,1.44E-12,,0.2875,1,0.285714286,0,0,0.413793103,0.068656716,0.409090909,0.375,0.2,0.230219085,0,1,0,toxic,1
1,0,0.739130435,0.667364017,2.89E-12,,0.2875,1,0.285714286,0,0,0.413793103,0.068656716,0.409090909,0.375,0.2,0.19388391,0,1,0,toxic,1
1,0,0.739130435,0.667364017,7.22E-12,,0.2875,1,0.285714286,0,0,0.413793103,0.068656716,0.409090909,0.375,0.2,0.149481764,0,1,0,toxic,1
1,0,0.739130435,0.667364017,1.44E-11,,0.2875,1,0.285714286,0,0,0.413793103,0.068656716,0.409090909,0.375,0.2,0.125239229,0,1,0,toxic,1
1,0,0.739130435,0.024058577,1.36E-09,0.68,0.0125,0,0.285714286,0.142857143,0,0.517241379,0.140298507,0.909090909,0.875,0.6,0.342750871,0,0,0,non toxic,0
1,0,0.739130435,0.024058577,1.36E-08,0.68,0.0125,0,0.285714286,0.142857143,0,0.517241379,0.140298507,0.909090909,0.875,0.6,0.321987476,0,0,0,non toxic,0
1,0,0.739130435,0.024058577,1.36E-07,0.68,0.0125,0,0.285714286,0.142857143,0,0.517241379,0.140298507,0.909090909,0.875,0.6,0.200952073,0,0,0,toxic,1
1,0,0.739130435,0.024058577,3.41E-07,0.68,0.0125,0,0.285714286,0.142857143,0,0.517241379,0.140298507,0.909090909,0.875,0.6,0.179682255,0,0,0,toxic,1
1,0,0.739130435,0.024058577,6.68E-07,0.68,0.0125,0,0.285714286,0.142857143,0,0.517241379,0.140298507,0.909090909,0.875,0.6,0.142713285,0,0,0,toxic,1
1,0,0.739130435,0.024058577,1.37E-06,0.68,0.0125,0,0.285714286,0.142857143,0,0.517241379,0.140298507,0.909090909,0.875,0.6,0.14321971,0,0,0,toxic,1
1,0,0.739130435,0.024058577,2.73E-06,0.68,0.0125,0,0.285714286,0.142857143,0,0.517241379,0.140298507,0.909090909,0.875,0.6,0.152335347,0,0,0,toxic,1
1,0,0.739130435,0.024058577,1.36E-09,0.025185185,0.0125,0,0.285714286,0.142857143,0,0.517241379,0.140298507,0.909090909,0.875,0.6,0.323506747,0,0,0,non toxic,0
1,0,0.739130435,0.024058577,1.36E-08,0.025185185,0.0125,0,0.285714286,0.142857143,0,0.517241379,0.140298507,0.909090909,0.875,0.6,0.320468205,0,0,0,non toxic,0
1,0,0.739130435,0.024058577,1.36E-07,0.025185185,0.0125,0,0.285714286,0.142857143,0,0.517241379,0.140298507,0.909090909,0.875,0.6,0.24804953,0,0,0,non toxic,0
1,0,0.739130435,0.024058577,3.41E-07,0.025185185,0.0125,0,0.285714286,0.142857143,0,0.517241379,0.140298507,0.909090909,0.875,0.6,0.143726135,0,0,0,toxic,1
1,0,0.739130435,0.024058577,6.82E-07,0.025185185,0.0125,0,0.285714286,0.142857143,0,0.517241379,0.140298507,0.909090909,0.875,0.6,0.145751832,0,0,0,toxic,1
1,0,0.739130435,0.024058577,1.36E-06,0.025185185,0.0125,0,0.285714286,0.142857143,0,0.517241379,0.140298507,0.909090909,0.875,0.6,0.152841772,0,0,0,toxic,1
1,0,0.739130435,0.024058577,2.73E-06,0.025185185,0.0125,0,0.285714286,0.142857143,0,0.517241379,0.140298507,0.909090909,0.875,0.6,0.175630862,0,0,0,toxic,1
1,0,0.739130435,0.069037657,6.27E-11,0.682222222,0.0125,0,0.285714286,0.142857143,0,0.517241379,0.140298507,0.909090909,0.875,0.6,0.344776558,0,0,0,non toxic,0
1,0,0.739130435,0.069037657,6.27E-10,0.682222222,0.0125,0,0.285714286,0.142857143,0,0.517241379,0.140298507,0.909090909,0.875,0.6,0.346295841,0,0,0,non toxic,0
1,0,0.739130435,0.069037657,6.27E-09,0.682222222,0.0125,0,0.285714286,0.142857143,0,0.517241379,0.140298507,0.909090909,0.875,0.6,0.270332196,0,0,0,non toxic,0
1,0,0.739130435,0.069037657,1.57E-08,0.682222222,0.0125,0,0.285714286,0.142857143,0,0.517241379,0.140298507,0.909090909,0.875,0.6,0.246023835,0,0,0,non toxic,0
1,0,0.739130435,0.069037657,3.13E-08,0.682222222,0.0125,0,0.285714286,0.142857143,0,0.517241379,0.140298507,0.909090909,0.875,0.6,0.181201528,0,0,0,toxic,1
1,0,0.739130435,0.069037657,6.27E-08,0.682222222,0.0125,0,0.285714286,0.142857143,0,0.517241379,0.140298507,0.909090909,0.875,0.6,0.148790376,0,0,0,toxic,1
1,0,0.739130435,0.069037657,1.25E-07,0.682222222,0.0125,0,0.285714286,0.142857143,0,0.517241379,0.140298507,0.909090909,0.875,0.6,0.147271105,0,0,0,toxic,1
1,0,0.739130435,0.069037657,6.27E-11,0.69037037,0.0125,0,0.285714286,0.142857143,0,0.517241379,0.140298507,0.909090909,0.875,0.6,0.337686621,0,0,0,non toxic,0
1,0,0.739130435,0.069037657,6.27E-10,0.69037037,0.0125,0,0.285714286,0.142857143,0,0.517241379,0.140298507,0.909090909,0.875,0.6,0.342244446,0,0,0,non toxic,0
1,0,0.739130435,0.069037657,6.27E-09,0.69037037,0.0125,0,0.285714286,0.142857143,0,0.517241379,0.140298507,0.909090909,0.875,0.6,0.261722979,0,0,0,non toxic,0
1,0,0.739130435,0.069037657,1.57E-08,0.69037037,0.0125,0,0.285714286,0.142857143,0,0.517241379,0.140298507,0.909090909,0.875,0.6,0.148790376,0,0,0,toxic,1
1,0,0.739130435,0.069037657,3.13E-08,0.69037037,0.0125,0,0.285714286,0.142857143,0,0.517241379,0.140298507,0.909090909,0.875,0.6,0.14676468,0,0,0,toxic,1
1,0,0.739130435,0.069037657,6.27E-08,0.69037037,0.0125,0,0.285714286,0.142857143,0,0.517241379,0.140298507,0.909090909,0.875,0.6,0.158412438,0,0,0,toxic,1
1,0,0.739130435,0.069037657,1.25E-07,0.69037037,0.0125,0,0.285714286,0.142857143,0,0.517241379,0.140298507,0.909090909,0.875,0.6,0.185759347,0,0,0,toxic,1
1,0,0.739130435,0.007322176,0.041666667,,0.0875,1,0.285714286,0.5,0,0.103448276,0.068656716,0.454545455,0.75,0.4,0.299201651,0,0,0,non toxic,0
1,0,0.739130435,0.007322176,0.066666667,,0.0875,1,0.285714286,0.5,0,0.103448276,0.068656716,0.454545455,0.75,0.4,0.28332028,0,0,0,non toxic,0
1,0,0.739130435,0.007322176,0.166666667,,0.0875,1,0.285714286,0.5,0,0.103448276,0.068656716,0.454545455,0.75,0.4,0.266603041,0,0,0,non toxic,0
1,0,0.739130435,0.007322176,0.333333333,,0.0875,1,0.285714286,0.5,0,0.103448276,0.068656716,0.454545455,0.75,0.4,0.221466512,0,0,0,toxic,1
1,0,0.739130435,0.007322176,0.666666667,,0.0875,1,0.285714286,0.5,0,0.103448276,0.068656716,0.454545455,0.75,0.4,0.158776881,0,0,0,toxic,1
1,0,0.739130435,0.007322176,0.041666667,,0.1,1,0.285714286,0.5,0,0.103448276,0.068656716,0.454545455,0.75,0.4,0.276633386,0,0,0,non toxic,0
1,0,0.739130435,0.007322176,0.066666667,,0.1,1,0.285714286,0.5,0,0.103448276,0.068656716,0.454545455,0.75,0.4,0.274125813,0,0,0,non toxic,0
1,0,0.739130435,0.007322176,0.166666667,,0.1,1,0.285714286,0.5,0,0.103448276,0.068656716,0.454545455,0.75,0.4,0.265767194,0,0,0,non toxic,0
1,0,0.739130435,0.007322176,0.333333333,,0.1,1,0.285714286,0.5,0,0.103448276,0.068656716,0.454545455,0.75,0.4,0.229825131,0,0,0,toxic,1
1,0,0.739130435,0.007322176,0.666666667,,0.1,1,0.285714286,0.5,0,0.103448276,0.068656716,0.454545455,0.75,0.4,0.180509286,0,0,0,toxic,1
1,0,0.739130435,0.007322176,0.041666667,,0.0375,1,0.285714286,0.5,0,0.103448276,0.068656716,0.454545455,0.75,0.4,0.319262331,0,0,0,non toxic,0
1,0,0.739130435,0.007322176,0.066666667,,0.0375,1,0.285714286,0.5,0,0.103448276,0.068656716,0.454545455,0.75,0.4,0.301709234,0,0,0,non toxic,0
1,0,0.739130435,0.007322176,0.166666667,,0.0375,1,0.285714286,0.5,0,0.103448276,0.068656716,0.454545455,0.75,0.4,0.271618208,0,0,0,non toxic,0
1,0,0.739130435,0.007322176,0.333333333,,0.0375,1,0.285714286,0.5,0,0.103448276,0.068656716,0.454545455,0.75,0.4,0.220630652,0,0,0,toxic,1
1,0,0.739130435,0.007322176,0.666666667,,0.0375,1,0.285714286,0.5,0,0.103448276,0.068656716,0.454545455,0.75,0.4,0.172986531,0,0,0,toxic,1
1,0,0.739130435,0.007322176,0.041666667,,0.6625,1,0.285714286,0.5,0,0.103448276,0.068656716,0.454545455,0.75,0.4,0.262423742,0,0,0,non toxic,0
1,0,0.739130435,0.007322176,0.066666667,,0.6625,1,0.285714286,0.5,0,0.103448276,0.068656716,0.454545455,0.75,0.4,0.223138234,0,0,0,toxic,1
1,0,0.739130435,0.007322176,0.166666667,,0.6625,1,0.285714286,0.5,0,0.103448276,0.068656716,0.454545455,0.75,0.4,0.184688594,0,0,0,toxic,1
1,0,0.739130435,0.007322176,0.333333333,,0.6625,1,0.285714286,0.5,0,0.103448276,0.068656716,0.454545455,0.75,0.4,0.156269294,0,0,0,toxic,1
1,0,0.739130435,0.007322176,0.666666667,,0.6625,1,0.285714286,0.5,0,0.103448276,0.068656716,0.454545455,0.75,0.4,0.133701027,0,0,0,toxic,1
1,0,0.739130435,0.007322176,0.041666667,,0.6375,1,0.285714286,0.714285714,0,0.103448276,0.068656716,0.454545455,0.75,0.4,0.181345146,0,0,0,toxic,1
1,0,0.739130435,0.007322176,0.066666667,,0.6375,1,0.285714286,0.714285714,0,0.103448276,0.068656716,0.454545455,0.75,0.4,0.142059645,0,0,0,toxic,1
1,0,0.739130435,0.007322176,0.666666667,,0.85,1,0.285714286,0.5,0,0.103448276,0.068656716,0.454545455,0.75,0.4,0.201704003,0,0,0,toxic,1
1,0,0.739130435,0.007322176,0.666666667,,0.6875,1,0.285714286,0.5,0,0.103448276,0.068656716,0.454545455,0.75,0.4,0.222624673,0,0,0,toxic,1
1,0,0.739130435,0.007322176,0.666666667,,0.625,1,0.285714286,0.5,0,0.103448276,0.068656716,0.454545455,0.75,0.4,0.166017359,0,0,0,toxic,1
1,0,0.739130435,0.003138075,0.333333333,,0.1,1,0.285714286,0.5,0,0.103448276,0.068656716,0.454545455,0.75,0.4,0.169921354,0,0,0,toxic,1
1,0,0.739130435,0.00209205,0.333333333,,0.1,1,0.285714286,0.5,0,0.103448276,0.068656716,0.454545455,0.75,0.4,0.191564479,0,0,0,toxic,1
1,0,0.739130435,0.019874477,0.333333333,,0.1,1,0.285714286,0.5,0,0.103448276,0.068656716,0.454545455,0.75,0.4,0.246315612,0,0,0,non toxic,0
1,0,0.739130435,0.003138075,0.066666667,,0.1,1,0.285714286,0.5,0,0.103448276,0.068656716,0.454545455,0.75,0.4,0.261218374,0,0,0,non toxic,0
1,0,0.739130435,0.003138075,0.333333333,,0.1,1,0.285714286,0.5,0,0.103448276,0.068656716,0.454545455,0.75,0.4,0.169589271,0,0,0,toxic,1
1,0,0.739130435,0.003138075,0.666666667,,0.1,1,0.285714286,0.5,0,0.103448276,0.068656716,0.454545455,0.75,0.4,0.132567412,0,0,0,toxic,1
1,0,0.739130435,0.019874477,0.066666667,,0.1,1,0.285714286,0.5,0,0.103448276,0.068656716,0.454545455,0.75,0.4,0.293612503,0,0,0,non toxic,0
1,0,0.739130435,0.019874477,0.333333333,,0.1,1,0.285714286,0.5,0,0.103448276,0.068656716,0.454545455,0.75,0.4,0.236228617,0,0,0,non toxic,0
1,0,0.739130435,0.019874477,0.666666667,,0.1,1,0.285714286,0.5,0,0.103448276,0.068656716,0.454545455,0.75,0.4,0.154780529,0,0,0,toxic,1
1,0,0.739130435,0.077405858,1.12E-08,,0.5125,1,0.285714286,0.5,0,0.103448276,0.005970149,0.590909091,0.875,0.6,0.332967276,0,0,0,non toxic,0
1,0,0.739130435,0.077405858,2.23E-08,,0.5125,1,0.285714286,0.5,0,0.103448276,0.005970149,0.590909091,0.875,0.6,0.355254781,0,0,0,non toxic,0
1,0,0.739130435,0.077405858,4.47E-08,,0.5125,1,0.285714286,0.5,0,0.103448276,0.005970149,0.590909091,0.875,0.6,0.289217703,0,0,0,non toxic,0
1,0,0.739130435,0.077405858,8.93E-08,,0.5125,1,0.285714286,0.5,0,0.103448276,0.005970149,0.590909091,0.875,0.6,0.233086191,0,0,0,toxic,1
1,0,0.739130435,0.077405858,1.12E-08,,0.5125,1,0.285714286,0.5,0,0.103448276,0.005970149,0.454545455,1,0.4,0.31150522,0,0,0,non toxic,0
1,0,0.739130435,0.077405858,2.23E-08,,0.5125,1,0.285714286,0.5,0,0.103448276,0.005970149,0.454545455,1,0.4,0.308203367,0,0,0,non toxic,0
1,0,0.739130435,0.077405858,4.47E-08,,0.5125,1,0.285714286,0.5,0,0.103448276,0.005970149,0.454545455,1,0.4,0.286741315,0,0,0,non toxic,0
1,0,0.739130435,0.077405858,8.93E-08,,0.5125,1,0.285714286,0.5,0,0.103448276,0.005970149,0.454545455,1,0.4,0.259501018,0,0,0,non toxic,0
1,0,0.934782609,0.019874477,2.36E-08,,0.1625,0,0.285714286,0.142857143,0,0.344827586,0.068656716,0.227272727,0,0.6,0.316925986,0,0,0,non toxic,0
1,0,0.934782609,0.019874477,2.36E-08,,0.1625,0,0.285714286,0.142857143,0,0.344827586,0.104477612,0.227272727,0,0.6,0.296195403,0,0,0,non toxic,0
1,0,0.934782609,0.019874477,2.36E-08,,0.1625,0,0.285714286,0.142857143,0,0.344827586,0.140298507,0.227272727,0,0.6,0.21321464,0,0,0,toxic,1
1,0,0.934782609,0.019874477,4.71E-08,,0.1625,0,0.285714286,0.142857143,0,0.344827586,0.068656716,0.227272727,0,0.6,0.274030624,0,0,0,non toxic,0
1,0,0.934782609,0.019874477,4.71E-08,,0.1625,0,0.285714286,0.142857143,0,0.344827586,0.104477612,0.227272727,0,0.6,0.234034712,0,0,0,toxic,1
1,0,0.934782609,0.019874477,4.71E-08,,0.1625,0,0.285714286,0.142857143,0,0.344827586,0.140298507,0.227272727,0,0.6,0.18069559,0,0,0,toxic,1
1,0,0.934782609,0.019874477,1.18E-07,,0.1625,0,0.285714286,0.142857143,0,0.344827586,0.068656716,0.227272727,0,0.6,0.200012771,0,0,0,toxic,1
1,0,0.934782609,0.019874477,1.18E-07,,0.1625,0,0.285714286,0.142857143,0,0.344827586,0.104477612,0.227272727,0,0.6,0.137780768,0,0,0,toxic,1
1,0,0.934782609,0.019874477,1.18E-07,,0.1625,0,0.285714286,0.142857143,0,0.344827586,0.140298507,0.227272727,0,0.6,0.136319369,0,0,0,toxic,1
1,0,0.934782609,0.019874477,2.36E-07,,0.1625,0,0.285714286,0.142857143,0,0.344827586,0.068656716,0.227272727,0,0.6,0.17045672,0,0,0,toxic,1
1,0,0.934782609,0.019874477,2.36E-07,,0.1625,0,0.285714286,0.142857143,0,0.344827586,0.104477612,0.227272727,0,0.6,0.127495215,0,0,0,toxic,1
1,0,0.934782609,0.019874477,2.36E-07,,0.1625,0,0.285714286,0.142857143,0,0.344827586,0.140298507,0.227272727,0,0.6,0.131958512,0,0,0,toxic,1
1,0,0.934782609,0.019874477,4.71E-07,,0.1625,0,0.285714286,0.142857143,0,0.344827586,0.068656716,0.227272727,0,0.6,0.149793545,0,0,0,toxic,1
1,0,0.934782609,0.019874477,4.71E-07,,0.1625,0,0.285714286,0.142857143,0,0.344827586,0.104477612,0.227272727,0,0.6,0.127582095,0,0,0,toxic,1
1,0,0.934782609,0.019874477,4.71E-07,,0.1625,0,0.285714286,0.142857143,0,0.344827586,0.140298507,0.227272727,0,0.6,0.132046689,0,0,0,toxic,1
1,0,0.934782609,0.040794979,2.94E-09,,0.1625,0,0.285714286,0.142857143,0,0.344827586,0.068656716,0.227272727,0,0.6,0.360354333,0,0,0,non toxic,0
1,0,0.934782609,0.040794979,2.94E-09,,0.1625,0,0.285714286,0.142857143,0,0.344827586,0.104477612,0.227272727,0,0.6,0.342590598,0,0,0,non toxic,0
1,0,0.934782609,0.040794979,2.94E-09,,0.1625,0,0.285714286,0.142857143,0,0.344827586,0.140298507,0.227272727,0,0.6,0.335200624,0,0,0,non toxic,0
1,0,0.934782609,0.040794979,5.89E-09,,0.1625,0,0.285714286,0.142857143,0,0.344827586,0.068656716,0.227272727,0,0.6,0.344144071,0,0,0,non toxic,0
1,0,0.934782609,0.040794979,5.89E-09,,0.1625,0,0.285714286,0.142857143,0,0.344827586,0.104477612,0.227272727,0,0.6,0.321933908,0,0,0,non toxic,0
1,0,0.934782609,0.040794979,5.89E-09,,0.1625,0,0.285714286,0.142857143,0,0.344827586,0.140298507,0.227272727,0,0.6,0.267115245,0,0,0,non toxic,0
1,0,0.934782609,0.040794979,1.47E-08,,0.1625,0,0.285714286,0.142857143,0,0.344827586,0.068656716,0.227272727,0,0.6,0.329417268,0,0,0,non toxic,0
1,0,0.934782609,0.040794979,1.47E-08,,0.1625,0,0.285714286,0.142857143,0,0.344827586,0.104477612,0.227272727,0,0.6,0.302759375,0,0,0,non toxic,0
1,0,0.934782609,0.040794979,1.47E-08,,0.1625,0,0.285714286,0.142857143,0,0.344827586,0.140298507,0.227272727,0,0.6,0.22126206,0,0,0,toxic,1
1,0,0.934782609,0.040794979,2.94E-08,,0.1625,0,0.285714286,0.142857143,0,0.344827586,0.068656716,0.227272727,0,0.6,0.285046232,0,0,0,non toxic,0
1,0,0.934782609,0.040794979,2.94E-08,,0.1625,0,0.285714286,0.142857143,0,0.344827586,0.104477612,0.227272727,0,0.6,0.245049021,0,0,0,non toxic,0
1,0,0.934782609,0.040794979,2.94E-08,,0.1625,0,0.285714286,0.142857143,0,0.344827586,0.140298507,0.227272727,0,0.6,0.184300461,0,0,0,toxic,1
1,0,0.934782609,0.040794979,5.89E-08,,0.1625,0,0.285714286,0.142857143,0,0.344827586,0.068656716,0.227272727,0,0.6,0.219925141,0,0,0,toxic,1
1,0,0.934782609,0.040794979,5.89E-08,,0.1625,0,0.285714286,0.142857143,0,0.344827586,0.104477612,0.227272727,0,0.6,0.182890931,0,0,0,toxic,1
1,0,0.934782609,0.040794979,5.89E-08,,0.1625,0,0.285714286,0.142857143,0,0.344827586,0.140298507,0.227272727,0,0.6,0.139930723,0,0,0,toxic,1
1,0,0.739130435,0.061715481,6.67E-08,,0.775,0,0.285714286,0.142857143,0,0.172413793,0.140298507,0.545454545,0.875,0.6,0.344161183,0,0,0,non toxic,0
1,0,0.739130435,0.061715481,6.67E-06,,0.775,0,0.285714286,0.142857143,0,0.172413793,0.140298507,0.545454545,0.875,0.6,0.325901879,0,0,0,non toxic,0
1,0,0.739130435,0.061715481,6.67E-05,,0.775,0,0.285714286,0.142857143,0,0.172413793,0.140298507,0.545454545,0.875,0.6,0.275372349,0,0,0,non toxic,0
1,0,0.739130435,0.061715481,0.000666667,,0.775,0,0.285714286,0.142857143,0,0.172413793,0.140298507,0.545454545,0.875,0.6,0.246881402,0,0,0,non toxic,0
1,0,0.739130435,0.061715481,0.006666667,,0.775,0,0.285714286,0.142857143,0,0.172413793,0.140298507,0.545454545,0.875,0.6,0.127090338,0,0,0,toxic,1
1,0,0.739130435,0.061715481,6.67E-08,,0.2625,0,0.285714286,0.142857143,0,0.24137931,0.140298507,0.545454545,0.875,0.6,0.365018591,0,0,0,non toxic,0
1,0,0.739130435,0.061715481,6.67E-06,,0.2625,0,0.285714286,0.142857143,0,0.24137931,0.140298507,0.545454545,0.875,0.6,0.358665366,0,0,0,non toxic,0
1,0,0.739130435,0.061715481,6.67E-05,,0.2625,0,0.285714286,0.142857143,0,0.24137931,0.140298507,0.545454545,0.875,0.6,0.336828281,0,0,0,non toxic,0
1,0,0.739130435,0.061715481,0.000666667,,0.2625,0,0.285714286,0.142857143,0,0.24137931,0.140298507,0.545454545,0.875,0.6,0.319878776,0,0,0,non toxic,0
1,0,0.739130435,0.061715481,0.006666667,,0.2625,0,0.285714286,0.142857143,0,0.24137931,0.140298507,0.545454545,0.875,0.6,0.227970774,0,0,0,toxic,1
1,0,0.739130435,0.061715481,6.67E-08,,0.775,0,0.285714286,0.142857143,0,0.172413793,0.140298507,0.454545455,0.125,0.4,0.339816425,0,0,0,non toxic,0
1,0,0.739130435,0.061715481,6.67E-06,,0.775,0,0.285714286,0.142857143,0,0.172413793,0.140298507,0.454545455,0.125,0.4,0.339816425,0,0,0,non toxic,0
1,0,0.739130435,0.061715481,6.67E-05,,0.775,0,0.285714286,0.142857143,0,0.172413793,0.140298507,0.454545455,0.125,0.4,0.339151418,0,0,0,non toxic,0
1,0,0.739130435,0.061715481,0.000666667,,0.775,0,0.285714286,0.142857143,0,0.172413793,0.140298507,0.454545455,0.125,0.4,0.339816425,0,0,0,non toxic,0
1,0,0.739130435,0.061715481,0.006666667,,0.775,0,0.285714286,0.142857143,0,0.172413793,0.140298507,0.454545455,0.125,0.4,0.337156396,0,0,0,non toxic,0
1,0,0.739130435,0.061715481,6.67E-08,,0.2625,0,0.285714286,0.142857143,0,0.24137931,0.140298507,0.454545455,0.125,0.4,0.342476466,0,0,0,non toxic,0
1,0,0.739130435,0.061715481,6.67E-06,,0.2625,0,0.285714286,0.142857143,0,0.24137931,0.140298507,0.454545455,0.125,0.4,0.339151418,0,0,0,non toxic,0
1,0,0.739130435,0.061715481,6.67E-05,,0.2625,0,0.285714286,0.142857143,0,0.24137931,0.140298507,0.454545455,0.125,0.4,0.339816425,0,0,0,non toxic,0
1,0,0.739130435,0.061715481,0.000666667,,0.2625,0,0.285714286,0.142857143,0,0.24137931,0.140298507,0.454545455,0.125,0.4,0.341811446,0,0,0,non toxic,0
1,0,0.739130435,0.061715481,0.006666667,,0.2625,0,0.285714286,0.142857143,0,0.24137931,0.140298507,0.454545455,0.125,0.4,0.331836348,0,0,0,non toxic,0
1,0,0.739130435,0.017782427,6.46E-07,,0.7875,0,0.285714286,0.142857143,0,0.551724138,0.068656716,0.590909091,0.875,0.6,0.181471792,0,0,1,toxic,1
1,0,0.739130435,0.017782427,6.46E-07,,0.7875,0,0.285714286,0.142857143,0,0.551724138,0.140298507,0.590909091,0.875,0.6,0.157510422,0,0,1,toxic,1
1,0,0.739130435,0.017782427,6.46E-07,,0.6125,0,0.285714286,0.714285714,0,0.103448276,0.068656716,0.409090909,0.375,0.2,0.223370088,0,0,1,toxic,1
0.5625,0,0.195652174,0.030334728,1.49E-10,,0.6375,1,0.285714286,0.714285714,0,0.103448276,0.068656716,0.727272727,0.9375,0.8,0.334579502,0,0,0,non toxic,0
0.5625,0,0.195652174,0.030334728,1.49E-10,,0.6375,1,0.285714286,0.714285714,0,0.103448276,0.140298507,0.727272727,0.9375,0.8,0.350304145,0,0,0,non toxic,0
0.5625,0,0.195652174,0.030334728,1.49E-10,,0.6375,1,0.285714286,0.714285714,0,0.103448276,0.211940299,0.727272727,0.9375,0.8,0.321999777,0,0,0,non toxic,0
0.5625,0,0.195652174,0.030334728,1.49E-09,,0.6375,1,0.285714286,0.714285714,0,0.103448276,0.068656716,0.727272727,0.9375,0.8,0.333007043,0,0,0,non toxic,0
0.5625,0,0.195652174,0.030334728,1.49E-09,,0.6375,1,0.285714286,0.714285714,0,0.103448276,0.140298507,0.727272727,0.9375,0.8,0.348731686,0,0,0,non toxic,0
0.5625,0,0.195652174,0.030334728,1.49E-09,,0.6375,1,0.285714286,0.714285714,0,0.103448276,0.211940299,0.727272727,0.9375,0.8,0.323572253,0,0,0,non toxic,0
0.5625,0,0.195652174,0.030334728,1.49E-08,,0.6375,1,0.285714286,0.714285714,0,0.103448276,0.068656716,0.727272727,0.9375,0.8,0.337724437,0,0,0,non toxic,0
0.5625,0,0.195652174,0.030334728,1.49E-08,,0.6375,1,0.285714286,0.714285714,0,0.103448276,0.140298507,0.727272727,0.9375,0.8,0.350304145,0,0,0,non toxic,0
0.5625,0,0.195652174,0.030334728,1.49E-08,,0.6375,1,0.285714286,0.714285714,0,0.103448276,0.211940299,0.727272727,0.9375,0.8,0.334579502,0,0,0,non toxic,0
0.5625,0,0.195652174,0.030334728,1.49E-07,,0.6375,1,0.285714286,0.714285714,0,0.103448276,0.068656716,0.727272727,0.9375,0.8,0.334579502,0,0,0,non toxic,0
0.5625,0,0.195652174,0.030334728,1.49E-07,,0.6375,1,0.285714286,0.714285714,0,0.103448276,0.140298507,0.727272727,0.9375,0.8,0.351876622,0,0,0,non toxic,0
0.5625,0,0.195652174,0.030334728,1.49E-07,,0.6375,1,0.285714286,0.714285714,0,0.103448276,0.211940299,0.727272727,0.9375,0.8,0.331434566,0,0,0,non toxic,0
0.5625,0,0.195652174,0.030334728,1.49E-06,,0.6375,1,0.285714286,0.714285714,0,0.103448276,0.068656716,0.727272727,0.9375,0.8,0.340869356,0,0,0,non toxic,0
0.5625,0,0.195652174,0.030334728,1.49E-06,,0.6375,1,0.285714286,0.714285714,0,0.103448276,0.140298507,0.727272727,0.9375,0.8,0.358166476,0,0,0,non toxic,0
0.5625,0,0.195652174,0.030334728,1.49E-06,,0.6375,1,0.285714286,0.714285714,0,0.103448276,0.211940299,0.727272727,0.9375,0.8,0.342441832,0,0,0,non toxic,0
0.5625,0,0.195652174,0.030334728,1.49E-05,,0.6375,1,0.285714286,0.714285714,0,0.103448276,0.068656716,0.727272727,0.9375,0.8,0.287405555,0,0,0,non toxic,0
0.5625,0,0.195652174,0.030334728,1.49E-05,,0.6375,1,0.285714286,0.714285714,0,0.103448276,0.140298507,0.727272727,0.9375,0.8,0.287405555,0,0,0,non toxic,0
0.5625,0,0.195652174,0.030334728,1.49E-05,,0.6375,1,0.285714286,0.714285714,0,0.103448276,0.211940299,0.727272727,0.9375,0.8,0.312564987,0,0,0,non toxic,0
0.5625,0,0.195652174,0.030334728,1.49E-10,,0.6375,1,0.285714286,0.714285714,0,0.103448276,0.211940299,0.590909091,0.875,0.6,0.326745823,0,0,0,non toxic,0
0.5625,0,0.195652174,0.030334728,1.49E-09,,0.6375,1,0.285714286,0.714285714,0,0.103448276,0.211940299,0.590909091,0.875,0.6,0.328482622,0,0,0,non toxic,0
0.5625,0,0.195652174,0.030334728,1.49E-08,,0.6375,1,0.285714286,0.714285714,0,0.103448276,0.211940299,0.590909091,0.875,0.6,0.321535426,0,0,0,non toxic,0
0.5625,0,0.195652174,0.030334728,1.49E-07,,0.6375,1,0.285714286,0.714285714,0,0.103448276,0.211940299,0.590909091,0.875,0.6,0.328482622,0,0,0,non toxic,0
0.5625,0,0.195652174,0.030334728,1.49E-06,,0.6375,1,0.285714286,0.714285714,0,0.103448276,0.211940299,0.590909091,0.875,0.6,0.316325028,0,0,0,non toxic,0
0.5625,0,0.195652174,0.030334728,1.49E-05,,0.6375,1,0.285714286,0.714285714,0,0.103448276,0.211940299,0.590909091,0.875,0.6,0.232958771,0,0,0,toxic,1
0.5625,0,0.195652174,0.030334728,5.98E-07,,0.6375,1,0.285714286,0.714285714,0,0.103448276,0.068656716,0.727272727,0.9375,0.8,0.327845564,0,0,0,non toxic,0
0.5625,0,0.195652174,0.030334728,5.98E-07,,0.6375,1,0.285714286,0.714285714,0,0.103448276,0.140298507,0.727272727,0.9375,0.8,0.324848083,0,0,0,non toxic,0
0.5625,0,0.195652174,0.030334728,5.98E-07,,0.6375,1,0.285714286,0.714285714,0,0.103448276,0.211940299,0.727272727,0.9375,0.8,0.333840526,0,0,0,non toxic,0
0.5625,0,0.195652174,0.030334728,5.98E-07,,0.6375,1,0.285714286,0.714285714,0,0.103448276,0.28358209,0.727272727,0.9375,0.8,0.332841379,0,0,0,non toxic,0
0.5625,0,0.195652174,0.030334728,5.98E-07,,0.6375,0,0.285714286,0.714285714,0,0.103448276,0.498507463,0.727272727,0.9375,0.8,0.328844746,0,0,0,non toxic,0
0.5625,0,0.195652174,0.030334728,5.98E-07,,0.6375,0,0.285714286,0.714285714,0,0.103448276,0.641791045,0.727272727,0.9375,0.8,0.329843893,0,0,0,non toxic,0
0.5625,0,0.195652174,0.030334728,5.98E-07,,0.6375,0,0.285714286,0.714285714,0,0.103448276,1,0.727272727,0.9375,0.8,0.304864853,0,0,0,non toxic,0
0.5625,0,0.456521739,0.151464435,2.03E-11,0.486666667,0.775,0,0.285714286,0.142857143,0,0.172413793,0.211940299,0.545454545,0.875,0.6,0.319123635,1,0,0,non toxic,0
0.5625,0,0.456521739,0.151464435,4.07E-11,0.486666667,0.775,0,0.285714286,0.142857143,0,0.172413793,0.211940299,0.545454545,0.875,0.6,0.381276707,1,0,0,non toxic,0
0.5625,0,0.456521739,0.151464435,8.14E-11,0.486666667,0.775,0,0.285714286,0.142857143,0,0.172413793,0.211940299,0.545454545,0.875,0.6,0.42082866,1,0,0,non toxic,0
0.5625,0,0.456521739,0.151464435,1.63E-10,0.486666667,0.775,0,0.285714286,0.142857143,0,0.172413793,0.211940299,0.545454545,0.875,0.6,0.396344119,1,0,0,non toxic,0
0.5625,0,0.456521739,0.151464435,3.25E-10,0.486666667,0.775,0,0.285714286,0.142857143,0,0.172413793,0.211940299,0.545454545,0.875,0.6,0.385043571,1,0,0,non toxic,0
0.5625,0,0.456521739,0.151464435,2.03E-11,0.486666667,0.775,0,0.285714286,0.142857143,0,0.172413793,0.211940299,0.227272727,0,0.6,0.369976158,1,0,0,non toxic,0
0.5625,0,0.456521739,0.151464435,4.07E-11,0.486666667,0.775,0,0.285714286,0.142857143,0,0.172413793,0.211940299,0.227272727,0,0.6,0.466030919,1,0,0,non toxic,0
0.5625,0,0.456521739,0.151464435,8.14E-11,0.486666667,0.775,0,0.285714286,0.142857143,0,0.172413793,0.211940299,0.227272727,0,0.6,0.492398859,1,0,0,non toxic,0
0.5625,0,0.456521739,0.151464435,1.63E-10,0.486666667,0.775,0,0.285714286,0.142857143,0,0.172413793,0.211940299,0.227272727,0,0.6,0.513116557,1,0,0,non toxic,0
0.5625,0,0.456521739,0.151464435,3.25E-10,0.486666667,0.775,0,0.285714286,0.142857143,0,0.172413793,0.211940299,0.227272727,0,0.6,0.437779494,1,0,0,non toxic,0
0.5625,0,0.456521739,0.151464435,2.03E-11,0.486666667,0.775,0,0.285714286,0.142857143,0,0.172413793,0.211940299,0.318181818,0.6875,0,0.426478923,1,0,0,non toxic,0
0.5625,0,0.456521739,0.151464435,4.07E-11,0.486666667,0.775,0,0.285714286,0.142857143,0,0.172413793,0.211940299,0.318181818,0.6875,0,0.385043571,1,0,0,non toxic,0
0.5625,0,0.456521739,0.151464435,8.14E-11,0.486666667,0.775,0,0.285714286,0.142857143,0,0.172413793,0.211940299,0.318181818,0.6875,0,0.273921397,1,0,0,non toxic,0
0.5625,0,0.456521739,0.151464435,1.63E-10,0.486666667,0.775,0,0.285714286,0.142857143,0,0.172413793,0.211940299,0.318181818,0.6875,0,0.232486022,1,0,0,toxic,1
0.5625,0,0.456521739,0.151464435,3.25E-10,0.486666667,0.775,0,0.285714286,0.142857143,0,0.172413793,0.211940299,0.318181818,0.6875,0,0.183516925,1,0,0,toxic,1
0.5625,0,0.456521739,0.151464435,2.03E-11,0.486666667,0.775,0,0.285714286,0.142857143,0,0.172413793,0.211940299,0.454545455,1,0.4,0.260737405,1,0,0,non toxic,0
0.5625,0,0.456521739,0.151464435,4.07E-11,0.486666667,0.775,0,0.285714286,0.142857143,0,0.172413793,0.211940299,0.454545455,1,0.4,0.21741861,1,0,0,toxic,1
0.5625,0,0.456521739,0.151464435,8.14E-11,0.486666667,0.775,0,0.285714286,0.142857143,0,0.172413793,0.211940299,0.454545455,1,0.4,0.196700912,1,0,0,toxic,1
0.5625,0,0.456521739,0.151464435,1.63E-10,0.486666667,0.775,0,0.285714286,0.142857143,0,0.172413793,0.211940299,0.454545455,1,0.4,0.177866648,1,0,0,toxic,1
0.5625,0,0.456521739,0.151464435,3.25E-10,0.486666667,0.775,0,0.285714286,0.142857143,0,0.172413793,0.211940299,0.454545455,1,0.4,0.159032382,1,0,0,toxic,1
0.5625,0,0.456521739,0.151464435,2.03E-11,0.486666667,0.7625,0,0.285714286,0.785714286,0,0.103448276,0.211940299,0.545454545,0.875,0.6,0.443536117,1,0,0,non toxic,0
0.5625,0,0.456521739,0.151464435,4.07E-11,0.486666667,0.7625,0,0.285714286,0.785714286,0,0.103448276,0.211940299,0.545454545,0.875,0.6,0.407014338,1,0,0,non toxic,0
0.5625,0,0.456521739,0.151464435,8.14E-11,0.486666667,0.7625,0,0.285714286,0.785714286,0,0.103448276,0.211940299,0.545454545,0.875,0.6,0.396579547,1,0,0,non toxic,0
0.5625,0,0.456521739,0.151464435,1.63E-10,0.486666667,0.7625,0,0.285714286,0.785714286,0,0.103448276,0.211940299,0.545454545,0.875,0.6,0.353101255,1,0,0,non toxic,0
0.5625,0,0.456521739,0.151464435,3.25E-10,0.486666667,0.7625,0,0.285714286,0.785714286,0,0.103448276,0.211940299,0.545454545,0.875,0.6,0.342666464,1,0,0,non toxic,0
0.5625,0,0.456521739,0.151464435,2.03E-11,0.486666667,0.7625,0,0.285714286,0.785714286,0,0.103448276,0.211940299,0.227272727,0,0.6,0.353101255,1,0,0,non toxic,0
0.5625,0,0.456521739,0.151464435,4.07E-11,0.486666667,0.7625,0,0.285714286,0.785714286,0,0.103448276,0.211940299,0.272727273,0,0.6,0.347883871,1,0,0,non toxic,0
0.5625,0,0.456521739,0.151464435,8.14E-11,0.486666667,0.7625,0,0.285714286,0.785714286,0,0.103448276,0.211940299,0.272727273,0,0.6,0.340927336,1,0,0,non toxic,0
0.5625,0,0.456521739,0.151464435,1.63E-10,0.486666667,0.7625,0,0.285714286,0.785714286,0,0.103448276,0.211940299,0.272727273,0,0.6,0.33570993,1,0,0,non toxic,0
0.5625,0,0.456521739,0.151464435,3.25E-10,0.486666667,0.7625,0,0.285714286,0.785714286,0,0.103448276,0.211940299,0.272727273,0,0.6,0.342666464,1,0,0,non toxic,0
0.5625,0,0.456521739,0.151464435,2.03E-11,0.486666667,0.7625,0,0.285714286,0.785714286,0,0.103448276,0.211940299,0.272727273,0,0.6,0.410492594,1,0,0,non toxic,0
0.5625,0,0.456521739,0.151464435,4.07E-11,0.486666667,0.7625,0,0.285714286,0.785714286,0,0.103448276,0.211940299,0.272727273,0,0.6,0.375709965,1,0,0,non toxic,0
0.5625,0,0.456521739,0.151464435,8.14E-11,0.486666667,0.7625,0,0.285714286,0.785714286,0,0.103448276,0.211940299,0.272727273,0,0.6,0.35657952,1,0,0,non toxic,0
0.5625,0,0.456521739,0.151464435,1.63E-10,0.486666667,0.7625,0,0.285714286,0.785714286,0,0.103448276,0.211940299,0.272727273,0,0.6,0.311362092,1,0,0,non toxic,0
0.5625,0,0.456521739,0.151464435,3.25E-10,0.486666667,0.7625,0,0.285714286,0.785714286,0,0.103448276,0.211940299,0.272727273,0,0.6,0.25223162,1,0,0,non toxic,0
0.5625,0,0.456521739,0.151464435,2.03E-11,0.486666667,0.775,0,0.285714286,0.142857143,0,0.172413793,0.068656716,0.454545455,1,0.4,0.30568378,1,0,0,non toxic,0
0.5625,0,0.456521739,0.151464435,4.07E-11,0.486666667,0.775,0,0.285714286,0.142857143,0,0.172413793,0.068656716,0.454545455,1,0.4,0.272170127,1,0,0,non toxic,0
0.5625,0,0.456521739,0.151464435,8.14E-11,0.486666667,0.775,0,0.285714286,0.142857143,0,0.172413793,0.068656716,0.454545455,1,0.4,0.247886855,1,0,0,non toxic,0
0.5625,0,0.456521739,0.151464435,1.63E-10,0.486666667,0.775,0,0.285714286,0.142857143,0,0.172413793,0.068656716,0.454545455,1,0.4,0.218986036,1,0,0,toxic,1
0.5625,0,0.456521739,0.151464435,3.25E-10,0.486666667,0.775,0,0.285714286,0.142857143,0,0.172413793,0.068656716,0.454545455,1,0.4,0.213154096,1,0,0,toxic,1
0.5625,0,0.456521739,0.151464435,2.03E-11,0.486666667,0.775,0,0.285714286,0.142857143,0,0.172413793,0.211940299,0.454545455,1,0.4,0.256811271,1,0,0,non toxic,0
0.5625,0,0.456521739,0.151464435,4.07E-11,0.486666667,0.775,0,0.285714286,0.142857143,0,0.172413793,0.211940299,0.454545455,1,0.4,0.215229877,1,0,0,toxic,1
0.5625,0,0.456521739,0.151464435,8.14E-11,0.486666667,0.775,0,0.285714286,0.142857143,0,0.172413793,0.211940299,0.454545455,1,0.4,0.194401515,1,0,0,toxic,1
0.5625,0,0.456521739,0.151464435,1.63E-10,0.486666667,0.775,0,0.285714286,0.142857143,0,0.172413793,0.211940299,0.454545455,1,0.4,0.175884283,1,0,0,toxic,1
0.5625,0,0.456521739,0.151464435,3.25E-10,0.486666667,0.775,0,0.285714286,0.142857143,0,0.172413793,0.211940299,0.454545455,1,0.4,0.156218548,1,0,0,toxic,1
0.5625,0,0.456521739,0.151464435,2.03E-11,0.486666667,0.775,0,0.285714286,0.142857143,0,0.172413793,0.355223881,0.454545455,1,0.4,0.21832235,1,0,0,toxic,1
0.5625,0,0.456521739,0.151464435,4.07E-11,0.486666667,0.775,0,0.285714286,0.142857143,0,0.172413793,0.355223881,0.454545455,1,0.4,0.197498703,1,0,0,toxic,1
0.5625,0,0.456521739,0.151464435,8.14E-11,0.486666667,0.775,0,0.285714286,0.142857143,0,0.172413793,0.355223881,0.454545455,1,0.4,0.178981471,1,0,0,toxic,1
0.5625,0,0.456521739,0.151464435,1.63E-10,0.486666667,0.775,0,0.285714286,0.142857143,0,0.172413793,0.355223881,0.454545455,1,0.4,0.17084782,1,0,0,toxic,1
0.5625,0,0.456521739,0.151464435,3.25E-10,0.486666667,0.775,0,0.285714286,0.142857143,0,0.172413793,0.355223881,0.454545455,1,0.4,0.150014759,1,0,0,toxic,1
0.5625,0,0.456521739,0.151464435,2.03E-11,0.486666667,0.775,0,0.285714286,0.142857143,0,0.172413793,0.498507463,0.454545455,1,0.4,0.210974767,1,0,0,toxic,1
0.5625,0,0.456521739,0.151464435,4.07E-11,0.486666667,0.775,0,0.285714286,0.142857143,0,0.172413793,0.498507463,0.454545455,1,0.4,0.186686787,1,0,0,toxic,1
0.5625,0,0.456521739,0.151464435,8.14E-11,0.486666667,0.775,0,0.285714286,0.142857143,0,0.172413793,0.498507463,0.454545455,1,0.4,0.169322762,1,0,0,toxic,1
0.5625,0,0.456521739,0.151464435,1.63E-10,0.486666667,0.775,0,0.285714286,0.142857143,0,0.172413793,0.498507463,0.454545455,1,0.4,0.157720073,1,0,0,toxic,1
0.5625,0,0.456521739,0.151464435,3.25E-10,0.486666667,0.775,0,0.285714286,0.142857143,0,0.172413793,0.498507463,0.454545455,1,0.4,0.128828672,1,0,0,toxic,1
0.5625,0,0.456521739,0.151464435,2.03E-11,0.486666667,0.7625,0,0.285714286,0.785714286,0,0.103448276,0.068656716,0.454545455,1,0.4,0.33888802,1,0,0,non toxic,0
0.5625,0,0.456521739,0.151464435,4.07E-11,0.486666667,0.7625,0,0.285714286,0.785714286,0,0.103448276,0.068656716,0.454545455,1,0.4,0.340080513,1,0,0,non toxic,0
0.5625,0,0.456521739,0.151464435,8.14E-11,0.486666667,0.7625,0,0.285714286,0.785714286,0,0.103448276,0.068656716,0.454545455,1,0.4,0.30285217,1,0,0,non toxic,0
0.5625,0,0.456521739,0.151464435,1.63E-10,0.486666667,0.7625,0,0.285714286,0.785714286,0,0.103448276,0.068656716,0.454545455,1,0.4,0.3213893,1,0,0,non toxic,0
0.5625,0,0.456521739,0.151464435,3.25E-10,0.486666667,0.7625,0,0.285714286,0.785714286,0,0.103448276,0.068656716,0.454545455,1,0.4,0.305233813,1,0,0,non toxic,0
0.5625,0,0.456521739,0.151464435,2.03E-11,0.486666667,0.7625,0,0.285714286,0.785714286,0,0.103448276,0.211940299,0.454545455,1,0.4,0.334861726,1,0,0,non toxic,0
0.5625,0,0.456521739,0.151464435,4.07E-11,0.486666667,0.7625,0,0.285714286,0.785714286,0,0.103448276,0.211940299,0.454545455,1,0.4,0.310027204,1,0,0,non toxic,0
0.5625,0,0.456521739,0.151464435,8.14E-11,0.486666667,0.7625,0,0.285714286,0.785714286,0,0.103448276,0.211940299,0.454545455,1,0.4,0.291386238,1,0,0,non toxic,0
0.5625,0,0.456521739,0.151464435,1.63E-10,0.486666667,0.7625,0,0.285714286,0.785714286,0,0.103448276,0.211940299,0.454545455,1,0.4,0.290099958,1,0,0,non toxic,0
0.5625,0,0.456521739,0.151464435,3.25E-10,0.486666667,0.7625,0,0.285714286,0.785714286,0,0.103448276,0.211940299,0.454545455,1,0.4,0.272701719,1,0,0,non toxic,0
0.5625,0,0.456521739,0.151464435,2.03E-11,0.486666667,0.7625,0,0.285714286,0.785714286,0,0.103448276,0.355223881,0.454545455,1,0.4,0.327110556,1,0,0,non toxic,0
0.5625,0,0.456521739,0.151464435,4.07E-11,0.486666667,0.7625,0,0.285714286,0.785714286,0,0.103448276,0.355223881,0.454545455,1,0.4,0.304758149,1,0,0,non toxic,0
0.5625,0,0.456521739,0.151464435,8.14E-11,0.486666667,0.7625,0,0.285714286,0.785714286,0,0.103448276,0.355223881,0.454545455,1,0.4,0.293553468,1,0,0,non toxic,0
0.5625,0,0.456521739,0.151464435,1.63E-10,0.486666667,0.7625,0,0.285714286,0.785714286,0,0.103448276,0.355223881,0.454545455,1,0.4,0.261282669,1,0,0,non toxic,0
0.5625,0,0.456521739,0.151464435,3.25E-10,0.486666667,0.7625,0,0.285714286,0.785714286,0,0.103448276,0.355223881,0.454545455,1,0.4,0.263711186,1,0,0,non toxic,0
0.5625,0,0.456521739,0.151464435,2.03E-11,0.486666667,0.7625,0,0.285714286,0.785714286,0,0.103448276,0.498507463,0.454545455,1,0.4,0.287145532,1,0,0,non toxic,0
0.5625,0,0.456521739,0.151464435,4.07E-11,0.486666667,0.7625,0,0.285714286,0.785714286,0,0.103448276,0.498507463,0.454545455,1,0.4,0.274701476,1,0,0,non toxic,0
0.5625,0,0.456521739,0.151464435,8.14E-11,0.486666667,0.7625,0,0.285714286,0.785714286,0,0.103448276,0.498507463,0.454545455,1,0.4,0.25606051,1,0,0,non toxic,0
0.5625,0,0.456521739,0.151464435,1.63E-10,0.486666667,0.7625,0,0.285714286,0.785714286,0,0.103448276,0.498507463,0.454545455,1,0.4,0.226268464,1,0,0,toxic,1
0.5625,0,0.456521739,0.151464435,3.25E-10,0.486666667,0.7625,0,0.285714286,0.785714286,0,0.103448276,0.498507463,0.454545455,1,0.4,0.212588386,1,0,0,toxic,1
0.5625,0,0.456521739,0.151464435,2.03E-11,0.486666667,0.775,0,0.285714286,0.142857143,0,0.172413793,0,0.409090909,0.375,0.2,0.317628864,1,0,0,non toxic,0
0.5625,0,0.456521739,0.151464435,4.07E-11,0.486666667,0.775,0,0.285714286,0.142857143,0,0.172413793,0,0.409090909,0.375,0.2,0.317628864,1,0,0,non toxic,0
0.5625,0,0.456521739,0.151464435,8.14E-11,0.486666667,0.775,0,0.285714286,0.142857143,0,0.172413793,0,0.409090909,0.375,0.2,0.317628864,1,0,0,non toxic,0
0.5625,0,0.456521739,0.151464435,1.63E-10,0.486666667,0.775,0,0.285714286,0.142857143,0,0.172413793,0,0.409090909,0.375,0.2,0.317628864,1,0,0,non toxic,0
0.5625,0,0.456521739,0.151464435,3.25E-10,0.486666667,0.775,0,0.285714286,0.142857143,0,0.172413793,0,0.409090909,0.375,0.2,0.31488752,1,0,0,non toxic,0
0.5625,0,0.456521739,0.151464435,2.03E-11,0.486666667,0.775,0,0.285714286,0.142857143,0,0.172413793,0.008955224,0.409090909,0.375,0.2,0.289301652,1,0,0,non toxic,0
0.5625,0,0.456521739,0.151464435,4.07E-11,0.486666667,0.775,0,0.285714286,0.142857143,0,0.172413793,0.008955224,0.409090909,0.375,0.2,0.292956773,1,0,0,non toxic,0
0.5625,0,0.456521739,0.151464435,8.14E-11,0.486666667,0.775,0,0.285714286,0.142857143,0,0.172413793,0.008955224,0.409090909,0.375,0.2,0.295698118,1,0,0,non toxic,0
0.5625,0,0.456521739,0.151464435,1.63E-10,0.486666667,0.775,0,0.285714286,0.142857143,0,0.172413793,0.008955224,0.409090909,0.375,0.2,0.294784336,1,0,0,non toxic,0
0.5625,0,0.456521739,0.151464435,3.25E-10,0.486666667,0.775,0,0.285714286,0.142857143,0,0.172413793,0.008955224,0.409090909,0.375,0.2,0.290215429,1,0,0,non toxic,0
0.5625,0,0.456521739,0.151464435,2.03E-11,0.486666667,0.775,0,0.285714286,0.142857143,0,0.172413793,0.068656716,0.409090909,0.375,0.2,0.271026027,1,0,0,non toxic,0
0.5625,0,0.456521739,0.151464435,4.07E-11,0.486666667,0.775,0,0.285714286,0.142857143,0,0.172413793,0.068656716,0.409090909,0.375,0.2,0.26919847,1,0,0,non toxic,0
0.5625,0,0.456521739,0.151464435,8.14E-11,0.486666667,0.775,0,0.285714286,0.142857143,0,0.172413793,0.068656716,0.409090909,0.375,0.2,0.26919847,1,0,0,non toxic,0
0.5625,0,0.456521739,0.151464435,1.63E-10,0.486666667,0.775,0,0.285714286,0.142857143,0,0.172413793,0.068656716,0.409090909,0.375,0.2,0.265543347,1,0,0,non toxic,0
0.5625,0,0.456521739,0.151464435,3.25E-10,0.486666667,0.775,0,0.285714286,0.142857143,0,0.172413793,0.068656716,0.409090909,0.375,0.2,0.250922843,1,0,0,non toxic,0
0.5625,0,0.456521739,0.151464435,2.03E-11,0.486666667,0.775,0,0.285714286,0.142857143,0,0.172413793,0.211940299,0.409090909,0.375,0.2,0.242698821,1,0,0,non toxic,0
0.5625,0,0.456521739,0.151464435,4.07E-11,0.486666667,0.775,0,0.285714286,0.142857143,0,0.172413793,0.211940299,0.409090909,0.375,0.2,0.231733443,1,0,0,toxic,1
0.5625,0,0.456521739,0.151464435,8.14E-11,0.486666667,0.775,0,0.285714286,0.142857143,0,0.172413793,0.211940299,0.409090909,0.375,0.2,0.234292024,1,0,0,toxic,1
0.5625,0,0.456521739,0.151464435,1.63E-10,0.486666667,0.775,0,0.285714286,0.142857143,0,0.172413793,0.211940299,0.409090909,0.375,0.2,0.23447479,1,0,0,toxic,1
0.5625,0,0.456521739,0.151464435,3.25E-10,0.486666667,0.775,0,0.285714286,0.142857143,0,0.172413793,0.211940299,0.409090909,0.375,0.2,0.228992101,1,0,0,toxic,1
0.5625,0,0.456521739,0.151464435,2.03E-11,0.486666667,0.7625,0,0.285714286,0.785714286,0,0.103448276,0,0.409090909,0.375,0.2,0.332897598,1,0,0,non toxic,0
0.5625,0,0.456521739,0.151464435,4.07E-11,0.486666667,0.7625,0,0.285714286,0.785714286,0,0.103448276,0,0.409090909,0.375,0.2,0.331976007,1,0,0,non toxic,0
0.5625,0,0.456521739,0.151464435,8.14E-11,0.486666667,0.7625,0,0.285714286,0.785714286,0,0.103448276,0,0.409090909,0.375,0.2,0.331976007,1,0,0,non toxic,0
0.5625,0,0.456521739,0.151464435,1.63E-10,0.486666667,0.7625,0,0.285714286,0.785714286,0,0.103448276,0,0.409090909,0.375,0.2,0.330132824,1,0,0,non toxic,0
0.5625,0,0.456521739,0.151464435,3.25E-10,0.486666667,0.7625,0,0.285714286,0.785714286,0,0.103448276,0,0.409090909,0.375,0.2,0.330132824,1,0,0,non toxic,0
0.5625,0,0.456521739,0.151464435,2.03E-11,0.486666667,0.7625,0,0.285714286,0.785714286,0,0.103448276,0.008955224,0.409090909,0.375,0.2,0.329211233,1,0,0,non toxic,0
0.5625,0,0.456521739,0.151464435,4.07E-11,0.486666667,0.7625,0,0.285714286,0.785714286,0,0.103448276,0.008955224,0.409090909,0.375,0.2,0.331976007,1,0,0,non toxic,0
0.5625,0,0.456521739,0.151464435,8.14E-11,0.486666667,0.7625,0,0.285714286,0.785714286,0,0.103448276,0.008955224,0.409090909,0.375,0.2,0.332897598,1,0,0,non toxic,0
0.5625,0,0.456521739,0.151464435,1.63E-10,0.486666667,0.7625,0,0.285714286,0.785714286,0,0.103448276,0.008955224,0.409090909,0.375,0.2,0.331976007,1,0,0,non toxic,0
0.5625,0,0.456521739,0.151464435,3.25E-10,0.486666667,0.7625,0,0.285714286,0.785714286,0,0.103448276,0.008955224,0.409090909,0.375,0.2,0.330132824,1,0,0,non toxic,0
0.5625,0,0.456521739,0.151464435,2.03E-11,0.486666667,0.7625,0,0.285714286,0.785714286,0,0.103448276,0.068656716,0.409090909,0.375,0.2,0.329211233,1,0,0,non toxic,0
0.5625,0,0.456521739,0.151464435,4.07E-11,0.486666667,0.7625,0,0.285714286,0.785714286,0,0.103448276,0.068656716,0.409090909,0.375,0.2,0.330132824,1,0,0,non toxic,0
0.5625,0,0.456521739,0.151464435,8.14E-11,0.486666667,0.7625,0,0.285714286,0.785714286,0,0.103448276,0.068656716,0.409090909,0.375,0.2,0.330132824,1,0,0,non toxic,0
0.5625,0,0.456521739,0.151464435,1.63E-10,0.486666667,0.7625,0,0.285714286,0.785714286,0,0.103448276,0.068656716,0.409090909,0.375,0.2,0.330132824,1,0,0,non toxic,0
0.5625,0,0.456521739,0.151464435,3.25E-10,0.486666667,0.7625,0,0.285714286,0.785714286,0,0.103448276,0.068656716,0.409090909,0.375,0.2,0.331054416,1,0,0,non toxic,0
0.5625,0,0.456521739,0.151464435,2.03E-11,0.486666667,0.7625,0,0.285714286,0.785714286,0,0.103448276,0.211940299,0.409090909,0.375,0.2,0.329211233,1,0,0,non toxic,0
0.5625,0,0.456521739,0.151464435,4.07E-11,0.486666667,0.7625,0,0.285714286,0.785714286,0,0.103448276,0.211940299,0.409090909,0.375,0.2,0.329211233,1,0,0,non toxic,0
0.5625,0,0.456521739,0.151464435,8.14E-11,0.486666667,0.7625,0,0.285714286,0.785714286,0,0.103448276,0.211940299,0.409090909,0.375,0.2,0.329211233,1,0,0,non toxic,0
0.5625,0,0.456521739,0.151464435,1.63E-10,0.486666667,0.7625,0,0.285714286,0.785714286,0,0.103448276,0.211940299,0.409090909,0.375,0.2,0.32644646,1,0,0,non toxic,0
0.5625,0,0.456521739,0.151464435,3.25E-10,0.486666667,0.7625,0,0.285714286,0.785714286,0,0.103448276,0.211940299,0.409090909,0.375,0.2,0.32644646,1,0,0,non toxic,0
0.5625,0,0.369565217,0.376987448,1.33E-12,0.445185185,0.775,0,0.285714286,0.142857143,0,0.172413793,0.211940299,0.545454545,0.875,0.6,0.333848958,1,0,0,non toxic,0
0.5625,0,0.369565217,0.376987448,2.67E-12,0.445185185,0.775,0,0.285714286,0.142857143,0,0.172413793,0.211940299,0.545454545,0.875,0.6,0.34576706,1,0,0,non toxic,0
0.5625,0,0.369565217,0.376987448,5.34E-12,0.445185185,0.775,0,0.285714286,0.142857143,0,0.172413793,0.211940299,0.545454545,0.875,0.6,0.373681216,1,0,0,non toxic,0
0.5625,0,0.369565217,0.376987448,1.07E-11,0.445185185,0.775,0,0.285714286,0.142857143,0,0.172413793,0.211940299,0.545454545,0.875,0.6,0.478243095,1,0,0,non toxic,0
0.5625,0,0.369565217,0.376987448,2.14E-11,0.445185185,0.775,0,0.285714286,0.142857143,0,0.172413793,0.211940299,0.545454545,0.875,0.6,0.480260135,1,0,0,non toxic,0
0.5625,0,0.369565217,0.376987448,1.07E-11,0.445185185,0.775,0,0.285714286,0.142857143,0,0.172413793,0.211940299,0.227272727,0,0.6,0.993905018,1,0,0,non toxic,0
0.5625,0,0.369565217,0.376987448,2.14E-11,0.445185185,0.775,0,0.285714286,0.142857143,0,0.172413793,0.211940299,0.227272727,0,0.6,1,1,0,0,non toxic,0
0.5625,0,0.369565217,0.376987448,2.67E-12,0.445185185,0.775,0,0.285714286,0.142857143,0,0.172413793,0.211940299,0.227272727,0,0.6,0.317344266,1,0,0,non toxic,0
0.5625,0,0.369565217,0.376987448,5.34E-12,0.445185185,0.775,0,0.285714286,0.142857143,0,0.172413793,0.211940299,0.227272727,0,0.6,0.264050429,1,0,0,non toxic,0
0.5625,0,0.369565217,0.376987448,1.33E-12,0.445185185,0.7625,0,0.285714286,0.785714286,0,0.103448276,0.211940299,0.545454545,0.875,0.6,0.342772112,1,0,0,non toxic,0
0.5625,0,0.369565217,0.376987448,2.67E-12,0.445185185,0.7625,0,0.285714286,0.785714286,0,0.103448276,0.211940299,0.545454545,0.875,0.6,0.329189078,1,0,0,non toxic,0
0.5625,0,0.369565217,0.376987448,5.34E-12,0.445185185,0.7625,0,0.285714286,0.785714286,0,0.103448276,0.211940299,0.545454545,0.875,0.6,0.310577106,1,0,0,non toxic,0
0.5625,0,0.369565217,0.376987448,1.07E-11,0.445185185,0.7625,0,0.285714286,0.785714286,0,0.103448276,0.211940299,0.545454545,0.875,0.6,0.343522237,1,0,0,non toxic,0
0.5625,0,0.369565217,0.376987448,2.14E-11,0.445185185,0.7625,0,0.285714286,0.785714286,0,0.103448276,0.211940299,0.545454545,0.875,0.6,0.405992944,1,0,0,non toxic,0
0.5625,0,0.369565217,0.376987448,1.33E-12,0.445185185,0.7625,0,0.285714286,0.785714286,0,0.103448276,0.211940299,0.227272727,0,0.6,0.353037756,1,0,0,non toxic,0
0.5625,0,0.369565217,0.376987448,2.67E-12,0.445185185,0.7625,0,0.285714286,0.785714286,0,0.103448276,0.211940299,0.227272727,0,0.6,0.365127603,1,0,0,non toxic,0
0.5625,0,0.369565217,0.376987448,5.34E-12,0.445185185,0.7625,0,0.285714286,0.785714286,0,0.103448276,0.211940299,0.227272727,0,0.6,0.375611585,1,0,0,non toxic,0
0.5625,0,0.369565217,0.376987448,1.07E-11,0.445185185,0.7625,0,0.285714286,0.785714286,0,0.103448276,0.211940299,0.227272727,0,0.6,0.360637498,1,0,0,non toxic,0
0.5625,0,0.369565217,0.376987448,2.14E-11,0.445185185,0.7625,0,0.285714286,0.785714286,0,0.103448276,0.211940299,0.227272727,0,0.6,0.359781733,1,0,0,non toxic,0
0.5625,0,0.369565217,0.376987448,1.33E-12,0.445185185,0.7625,0,0.285714286,0.785714286,0,0.103448276,0.211940299,0.227272727,0,0.6,0.334214476,1,0,0,non toxic,0
0.5625,0,0.369565217,0.376987448,2.67E-12,0.445185185,0.7625,0,0.285714286,0.785714286,0,0.103448276,0.211940299,0.227272727,0,0.6,0.313781819,1,0,0,non toxic,0
0.5625,0,0.369565217,0.376987448,5.34E-12,0.445185185,0.7625,0,0.285714286,0.785714286,0,0.103448276,0.211940299,0.227272727,0,0.6,0.290035262,1,0,0,non toxic,0
0.5625,0,0.369565217,0.376987448,1.07E-11,0.445185185,0.7625,0,0.285714286,0.785714286,0,0.103448276,0.211940299,0.227272727,0,0.6,0.285330332,1,0,0,non toxic,0
0.5625,0,0.369565217,0.376987448,2.14E-11,0.445185185,0.7625,0,0.285714286,0.785714286,0,0.103448276,0.211940299,0.227272727,0,0.6,0.286186095,1,0,0,non toxic,0
0.5625,0,0.369565217,0.376987448,1.33E-12,0.445185185,0.775,0,0.285714286,0.142857143,0,0.172413793,0.068656716,0.454545455,1,0.4,0.332919464,1,0,0,non toxic,0
0.5625,0,0.369565217,0.376987448,2.67E-12,0.445185185,0.775,0,0.285714286,0.142857143,0,0.172413793,0.068656716,0.454545455,1,0.4,0.265908856,1,0,0,non toxic,0
0.5625,0,0.369565217,0.376987448,5.34E-12,0.445185185,0.775,0,0.285714286,0.142857143,0,0.172413793,0.068656716,0.454545455,1,0.4,0.250069979,1,0,0,non toxic,0
0.5625,0,0.369565217,0.376987448,1.07E-11,0.445185185,0.775,0,0.285714286,0.142857143,0,0.172413793,0.068656716,0.454545455,1,0.4,0.248851604,1,0,0,non toxic,0
0.5625,0,0.369565217,0.376987448,2.14E-11,0.445185185,0.775,0,0.285714286,0.142857143,0,0.172413793,0.068656716,0.454545455,1,0.4,0.247633237,1,0,0,non toxic,0
0.5625,0,0.369565217,0.376987448,1.33E-12,0.445185185,0.775,0,0.285714286,0.142857143,0,0.172413793,0.211940299,0.454545455,1,0.4,0.258598608,1,0,0,non toxic,0
0.5625,0,0.369565217,0.376987448,2.67E-12,0.445185185,0.775,0,0.285714286,0.142857143,0,0.172413793,0.211940299,0.454545455,1,0.4,0.207426868,1,0,0,toxic,1
0.5625,0,0.369565217,0.376987448,5.34E-12,0.445185185,0.775,0,0.285714286,0.142857143,0,0.172413793,0.211940299,0.454545455,1,0.4,0.178185872,1,0,0,toxic,1
0.5625,0,0.369565217,0.376987448,1.07E-11,0.445185185,0.775,0,0.285714286,0.142857143,0,0.172413793,0.211940299,0.454545455,1,0.4,0.156255127,1,0,0,toxic,1
0.5625,0,0.369565217,0.376987448,2.14E-11,0.445185185,0.775,0,0.285714286,0.142857143,0,0.172413793,0.211940299,0.454545455,1,0.4,0.133106007,1,0,0,toxic,1
0.5625,0,0.369565217,0.376987448,1.33E-12,0.445185185,0.775,0,0.285714286,0.142857143,0,0.172413793,0.355223881,0.454545455,1,0.4,0.248851604,1,0,0,non toxic,0
0.5625,0,0.369565217,0.376987448,2.67E-12,0.445185185,0.775,0,0.285714286,0.142857143,0,0.172413793,0.355223881,0.454545455,1,0.4,0.200116616,1,0,0,toxic,1
0.5625,0,0.369565217,0.376987448,5.34E-12,0.445185185,0.775,0,0.285714286,0.142857143,0,0.172413793,0.355223881,0.454545455,1,0.4,0.16478375,1,0,0,toxic,1
0.5625,0,0.369565217,0.376987448,1.07E-11,0.445185185,0.775,0,0.285714286,0.142857143,0,0.172413793,0.355223881,0.454545455,1,0.4,0.14894488,1,0,0,toxic,1
0.5625,0,0.369565217,0.376987448,2.14E-11,0.445185185,0.775,0,0.285714286,0.142857143,0,0.172413793,0.355223881,0.454545455,1,0.4,0.135542757,1,0,0,toxic,1
0.5625,0,0.369565217,0.376987448,1.33E-12,0.445185185,0.775,0,0.285714286,0.142857143,0,0.172413793,0.498507463,0.454545455,1,0.4,0.209863618,1,0,0,toxic,1
0.5625,0,0.369565217,0.376987448,2.67E-12,0.445185185,0.775,0,0.285714286,0.142857143,0,0.172413793,0.498507463,0.454545455,1,0.4,0.18793287,1,0,0,toxic,1
0.5625,0,0.369565217,0.376987448,5.34E-12,0.445185185,0.775,0,0.285714286,0.142857143,0,0.172413793,0.498507463,0.454545455,1,0.4,0.157473501,1,0,0,toxic,1
0.5625,0,0.369565217,0.376987448,1.07E-11,0.445185185,0.775,0,0.285714286,0.142857143,0,0.172413793,0.498507463,0.454545455,1,0.4,0.127014133,1,0,0,toxic,1
0.5625,0,0.369565217,0.376987448,2.14E-11,0.445185185,0.775,0,0.285714286,0.142857143,0,0.172413793,0.498507463,0.454545455,1,0.4,0.127014133,1,0,0,toxic,1
0.5625,0,0.369565217,0.376987448,1.33E-12,0.445185185,0.7625,0,0.285714286,0.785714286,0,0.103448276,0.068656716,0.454545455,1,0.4,0.343891766,1,0,0,non toxic,0
0.5625,0,0.369565217,0.376987448,2.67E-12,0.445185185,0.7625,0,0.285714286,0.785714286,0,0.103448276,0.068656716,0.454545455,1,0.4,0.308358141,1,0,0,non toxic,0
0.5625,0,0.369565217,0.376987448,5.34E-12,0.445185185,0.7625,0,0.285714286,0.785714286,0,0.103448276,0.068656716,0.454545455,1,0.4,0.307132847,1,0,0,non toxic,0
0.5625,0,0.369565217,0.376987448,1.07E-11,0.445185185,0.7625,0,0.285714286,0.785714286,0,0.103448276,0.068656716,0.454545455,1,0.4,0.298555763,1,0,0,non toxic,0
0.5625,0,0.369565217,0.376987448,2.14E-11,0.445185185,0.7625,0,0.285714286,0.785714286,0,0.103448276,0.068656716,0.454545455,1,0.4,0.247093276,1,0,0,non toxic,0
0.5625,0,0.369565217,0.376987448,1.33E-12,0.445185185,0.7625,0,0.285714286,0.785714286,0,0.103448276,0.211940299,0.454545455,1,0.4,0.340215877,1,0,0,non toxic,0
0.5625,0,0.369565217,0.376987448,2.67E-12,0.445185185,0.7625,0,0.285714286,0.785714286,0,0.103448276,0.211940299,0.454545455,1,0.4,0.313259336,1,0,0,non toxic,0
0.5625,0,0.369565217,0.376987448,5.34E-12,0.445185185,0.7625,0,0.285714286,0.785714286,0,0.103448276,0.211940299,0.454545455,1,0.4,0.305907541,1,0,0,non toxic,0
0.5625,0,0.369565217,0.376987448,1.07E-11,0.445185185,0.7625,0,0.285714286,0.785714286,0,0.103448276,0.211940299,0.454545455,1,0.4,0.258120951,1,0,0,non toxic,0
0.5625,0,0.369565217,0.376987448,2.14E-11,0.445185185,0.7625,0,0.285714286,0.785714286,0,0.103448276,0.211940299,0.454545455,1,0.4,0.245867974,1,0,0,non toxic,0
0.5625,0,0.369565217,0.376987448,1.33E-12,0.445185185,0.7625,0,0.285714286,0.785714286,0,0.103448276,0.355223881,0.454545455,1,0.4,0.326737607,1,0,0,non toxic,0
0.5625,0,0.369565217,0.376987448,2.67E-12,0.445185185,0.7625,0,0.285714286,0.785714286,0,0.103448276,0.355223881,0.454545455,1,0.4,0.289978684,1,0,0,non toxic,0
0.5625,0,0.369565217,0.376987448,5.34E-12,0.445185185,0.7625,0,0.285714286,0.785714286,0,0.103448276,0.355223881,0.454545455,1,0.4,0.28752808,1,0,0,non toxic,0
0.5625,0,0.369565217,0.376987448,1.07E-11,0.445185185,0.7625,0,0.285714286,0.785714286,0,0.103448276,0.355223881,0.454545455,1,0.4,0.242192085,1,0,0,non toxic,0
0.5625,0,0.369565217,0.376987448,2.14E-11,0.445185185,0.7625,0,0.285714286,0.785714286,0,0.103448276,0.355223881,0.454545455,1,0.4,0.221362028,1,0,0,toxic,1
0.5625,0,0.369565217,0.376987448,1.33E-12,0.445185185,0.7625,0,0.285714286,0.785714286,0,0.103448276,0.498507463,0.454545455,1,0.4,0.277725698,1,0,0,non toxic,0
0.5625,0,0.369565217,0.376987448,2.67E-12,0.445185185,0.7625,0,0.285714286,0.785714286,0,0.103448276,0.498507463,0.454545455,1,0.4,0.260571547,1,0,0,non toxic,0
0.5625,0,0.369565217,0.376987448,5.34E-12,0.445185185,0.7625,0,0.285714286,0.785714286,0,0.103448276,0.498507463,0.454545455,1,0.4,0.245867974,1,0,0,non toxic,0
0.5625,0,0.369565217,0.376987448,1.07E-11,0.445185185,0.7625,0,0.285714286,0.785714286,0,0.103448276,0.498507463,0.454545455,1,0.4,0.236065592,1,0,0,non toxic,0
0.5625,0,0.369565217,0.376987448,2.14E-11,0.445185185,0.7625,0,0.285714286,0.785714286,0,0.103448276,0.498507463,0.454545455,1,0.4,0.198081376,1,0,0,toxic,1
0.5625,0,0.369565217,0.376987448,1.33E-12,0.445185185,0.775,0,0.285714286,0.142857143,0,0.172413793,0,0.409090909,0.375,0.2,0.325655075,1,0,0,non toxic,0
0.5625,0,0.369565217,0.376987448,2.67E-12,0.445185185,0.775,0,0.285714286,0.142857143,0,0.172413793,0,0.409090909,0.375,0.2,0.325690059,1,0,0,non toxic,0
0.5625,0,0.369565217,0.376987448,5.34E-12,0.445185185,0.775,0,0.285714286,0.142857143,0,0.172413793,0,0.409090909,0.375,0.2,0.325719661,1,0,0,non toxic,0
0.5625,0,0.369565217,0.376987448,1.07E-11,0.445185185,0.775,0,0.285714286,0.142857143,0,0.172413793,0,0.409090909,0.375,0.2,0.32270027,1,0,0,non toxic,0
0.5625,0,0.369565217,0.376987448,2.14E-11,0.445185185,0.775,0,0.285714286,0.142857143,0,0.172413793,0,0.409090909,0.375,0.2,0.32476971,1,0,0,non toxic,0
0.5625,0,0.369565217,0.376987448,1.33E-12,0.445185185,0.775,0,0.285714286,0.142857143,0,0.172413793,0.008955224,0.409090909,0.375,0.2,0.328959721,1,0,0,non toxic,0
0.5625,0,0.369565217,0.376987448,2.67E-12,0.445185185,0.775,0,0.285714286,0.142857143,0,0.172413793,0.008955224,0.409090909,0.375,0.2,0.328992014,1,0,0,non toxic,0
0.5625,0,0.369565217,0.376987448,5.34E-12,0.445185185,0.775,0,0.285714286,0.142857143,0,0.172413793,0.008955224,0.409090909,0.375,0.2,0.3320733,1,0,0,non toxic,0
0.5625,0,0.369565217,0.376987448,1.07E-11,0.445185185,0.775,0,0.285714286,0.142857143,0,0.172413793,0.008955224,0.409090909,0.375,0.2,0.332110975,1,0,0,non toxic,0
0.5625,0,0.369565217,0.376987448,2.14E-11,0.445185185,0.775,0,0.285714286,0.142857143,0,0.172413793,0.008955224,0.409090909,0.375,0.2,0.325028055,1,0,0,non toxic,0
0.5625,0,0.369565217,0.376987448,1.33E-12,0.445185185,0.775,0,0.285714286,0.142857143,0,0.172413793,0.068656716,0.409090909,0.375,0.2,0.334304204,1,0,0,non toxic,0
0.5625,0,0.369565217,0.376987448,2.67E-12,0.445185185,0.775,0,0.285714286,0.142857143,0,0.172413793,0.068656716,0.409090909,0.375,0.2,0.33738549,1,0,0,non toxic,0
0.5625,0,0.369565217,0.376987448,5.34E-12,0.445185185,0.775,0,0.285714286,0.142857143,0,0.172413793,0.068656716,0.409090909,0.375,0.2,0.33436879,1,0,0,non toxic,0
0.5625,0,0.369565217,0.376987448,1.07E-11,0.445185185,0.775,0,0.285714286,0.142857143,0,0.172413793,0.068656716,0.409090909,0.375,0.2,0.3313494,1,0,0,non toxic,0
0.5625,0,0.369565217,0.376987448,2.14E-11,0.445185185,0.775,0,0.285714286,0.142857143,0,0.172413793,0.068656716,0.409090909,0.375,0.2,0.311042514,1,0,0,non toxic,0
0.5625,0,0.369565217,0.376987448,1.33E-12,0.445185185,0.775,0,0.285714286,0.142857143,0,0.172413793,0.211940299,0.409090909,0.375,0.2,0.176884145,1,0,0,toxic,1
0.5625,0,0.369565217,0.376987448,2.67E-12,0.445185185,0.775,0,0.285714286,0.142857143,0,0.172413793,0.211940299,0.409090909,0.375,0.2,0.176916428,1,0,0,toxic,1
0.5625,0,0.369565217,0.376987448,5.34E-12,0.445185185,0.775,0,0.285714286,0.142857143,0,0.172413793,0.211940299,0.409090909,0.375,0.2,0.189160844,1,0,0,toxic,1
0.5625,0,0.369565217,0.376987448,1.07E-11,0.445185185,0.775,0,0.285714286,0.142857143,0,0.172413793,0.211940299,0.409090909,0.375,0.2,0.209537692,1,0,0,toxic,1
0.5625,0,0.369565217,0.376987448,2.14E-11,0.445185185,0.775,0,0.285714286,0.142857143,0,0.172413793,0.211940299,0.409090909,0.375,0.2,0.201434847,1,0,0,toxic,1
0.5625,0,0.369565217,0.376987448,1.33E-12,0.445185185,0.7625,0,0.571428571,0.785714286,0,0.103448276,0,0.409090909,0.375,0.2,0.33157281,1,0,0,non toxic,0
0.5625,0,0.369565217,0.376987448,2.67E-12,0.445185185,0.7625,0,0.571428571,0.785714286,0,0.103448276,0,0.409090909,0.375,0.2,0.329684372,1,0,0,non toxic,0
0.5625,0,0.369565217,0.376987448,5.34E-12,0.445185185,0.7625,0,0.571428571,0.785714286,0,0.103448276,0,0.409090909,0.375,0.2,0.329718552,1,0,0,non toxic,0
0.5625,0,0.369565217,0.376987448,1.07E-11,0.445185185,0.7625,0,0.571428571,0.785714286,0,0.103448276,0,0.409090909,0.375,0.2,0.327821568,1,0,0,non toxic,0
0.5625,0,0.369565217,0.376987448,2.14E-11,0.445185185,0.7625,0,0.571428571,0.785714286,0,0.103448276,0,0.409090909,0.375,0.2,0.327858596,1,0,0,non toxic,0
0.5625,0,0.369565217,0.376987448,1.33E-12,0.445185185,0.7625,0,0.571428571,0.785714286,0,0.103448276,0.008955224,0.409090909,0.375,0.2,0.328935262,1,0,0,non toxic,0
0.5625,0,0.369565217,0.376987448,2.67E-12,0.445185185,0.7625,0,0.571428571,0.785714286,0,0.103448276,0.008955224,0.409090909,0.375,0.2,0.328001012,1,0,0,non toxic,0
0.5625,0,0.369565217,0.376987448,5.34E-12,0.445185185,0.7625,0,0.571428571,0.785714286,0,0.103448276,0.008955224,0.409090909,0.375,0.2,0.329963508,1,0,0,non toxic,0
0.5625,0,0.369565217,0.376987448,1.07E-11,0.445185185,0.7625,0,0.571428571,0.785714286,0,0.103448276,0.008955224,0.409090909,0.375,0.2,0.327112335,1,0,0,non toxic,0
0.5625,0,0.369565217,0.376987448,2.14E-11,0.445185185,0.7625,0,0.571428571,0.785714286,0,0.103448276,0.008955224,0.409090909,0.375,0.2,0.334842687,1,0,0,non toxic,0
0.5625,0,0.369565217,0.376987448,1.33E-12,0.445185185,0.7625,0,0.571428571,0.785714286,0,0.103448276,0.068656716,0.409090909,0.375,0.2,0.328220333,1,0,0,non toxic,0
0.5625,0,0.369565217,0.376987448,2.67E-12,0.445185185,0.7625,0,0.571428571,0.785714286,0,0.103448276,0.068656716,0.409090909,0.375,0.2,0.327288931,1,0,0,non toxic,0
0.5625,0,0.369565217,0.376987448,5.34E-12,0.445185185,0.7625,0,0.571428571,0.785714286,0,0.103448276,0.068656716,0.409090909,0.375,0.2,0.326354682,1,0,0,non toxic,0
0.5625,0,0.369565217,0.376987448,1.07E-11,0.445185185,0.7625,0,0.571428571,0.785714286,0,0.103448276,0.068656716,0.409090909,0.375,0.2,0.323503508,1,0,0,non toxic,0
0.5625,0,0.369565217,0.376987448,2.14E-11,0.445185185,0.7625,0,0.571428571,0.785714286,0,0.103448276,0.068656716,0.409090909,0.375,0.2,0.323543384,1,0,0,non toxic,0
0.5625,0,0.369565217,0.376987448,1.33E-12,0.445185185,0.7625,0,0.571428571,0.785714286,0,0.103448276,0.211940299,0.409090909,0.375,0.2,0.316915333,1,0,0,non toxic,0
0.5625,0,0.369565217,0.376987448,2.67E-12,0.445185185,0.7625,0,0.571428571,0.785714286,0,0.103448276,0.211940299,0.409090909,0.375,0.2,0.316943817,1,0,0,non toxic,0
0.5625,0,0.369565217,0.376987448,5.34E-12,0.445185185,0.7625,0,0.571428571,0.785714286,0,0.103448276,0.211940299,0.409090909,0.375,0.2,0.320823236,1,0,0,non toxic,0
0.5625,0,0.369565217,0.376987448,1.07E-11,0.445185185,0.7625,0,0.571428571,0.785714286,0,0.103448276,0.211940299,0.409090909,0.375,0.2,0.321820147,1,0,0,non toxic,0
0.5625,0,0.369565217,0.376987448,2.14E-11,0.445185185,0.7625,0,0.571428571,0.785714286,0,0.103448276,0.211940299,0.409090909,0.375,0.2,0.324745378,1,0,0,non toxic,0
0.5625,0,0.347826087,0.015690377,1.97E-07,,0.35,0,0.285714286,0.071428571,1,0.620689655,0.068656716,0.045454545,0.6875,0,0.363835997,0,0,0,non toxic,0
0.5625,0,0.347826087,0.015690377,1.97E-07,,0.35,0,0.285714286,0.071428571,1,0.620689655,0.211940299,0.045454545,0.6875,0,0.367426544,0,0,0,non toxic,0
0.5625,0,0.413043478,0.015690377,1.97E-07,,0.35,0,0.285714286,0.071428571,1,0.620689655,0.068656716,0.045454545,0.6875,0,0.313978774,0,0,0,non toxic,0
0.5625,0,0.413043478,0.015690377,1.97E-07,,0.35,0,0.285714286,0.071428571,1,0.620689655,0.211940299,0.045454545,0.6875,0,0.297539209,0,0,0,non toxic,0
0.5625,0,0.739130435,1,4.60E-17,,0.2875,1,0.285714286,0,0,0.413793103,0.032835821,0.590909091,0.875,0.6,0.330551159,0,1,0,non toxic,0
0.5625,0,0.739130435,1,4.60E-16,,0.2875,1,0.285714286,0,0,0.413793103,0.032835821,0.590909091,0.875,0.6,0.330551159,0,1,0,non toxic,0
0.5625,0,0.739130435,1,4.60E-15,,0.2875,1,0.285714286,0,0,0.413793103,0.032835821,0.590909091,0.875,0.6,0.335397277,0,1,0,non toxic,0
0.5625,0,0.739130435,1,4.60E-14,,0.2875,1,0.285714286,0,0,0.413793103,0.032835821,0.590909091,0.875,0.6,0.335397277,0,1,0,non toxic,0
0.5625,0,0.739130435,1,2.30E-13,,0.2875,1,0.285714286,0,0,0.413793103,0.032835821,0.590909091,0.875,0.6,0.342666464,0,1,0,non toxic,0
0.5625,0,0.739130435,1,4.60E-13,,0.2875,1,0.285714286,0,0,0.413793103,0.032835821,0.590909091,0.875,0.6,0.340243395,0,1,0,non toxic,0
0.5625,0,0.739130435,1,9.21E-13,,0.2875,1,0.285714286,0,0,0.413793103,0.032835821,0.590909091,0.875,0.6,0.337820347,0,1,0,non toxic,0
0.5625,0,0.739130435,1,2.30E-12,,0.2875,1,0.285714286,0,0,0.413793103,0.032835821,0.590909091,0.875,0.6,0.337820347,0,1,0,non toxic,0
0.5625,0,0.739130435,1,4.60E-12,,0.2875,1,0.285714286,0,0,0.413793103,0.032835821,0.590909091,0.875,0.6,0.332974218,0,1,0,non toxic,0
0.5625,0,0.739130435,1,4.60E-17,,0.2875,1,0.285714286,0,0,0.413793103,0.068656716,0.590909091,0.875,0.6,0.335397277,0,1,0,non toxic,0
0.5625,0,0.739130435,1,4.60E-16,,0.2875,1,0.285714286,0,0,0.413793103,0.068656716,0.590909091,0.875,0.6,0.337820347,0,1,0,non toxic,0
0.5625,0,0.739130435,1,4.60E-15,,0.2875,1,0.285714286,0,0,0.413793103,0.068656716,0.590909091,0.875,0.6,0.337820347,0,1,0,non toxic,0
0.5625,0,0.739130435,1,4.60E-14,,0.2875,1,0.285714286,0,0,0.413793103,0.068656716,0.590909091,0.875,0.6,0.328128111,0,1,0,non toxic,0
0.5625,0,0.739130435,1,2.30E-13,,0.2875,1,0.285714286,0,0,0.413793103,0.068656716,0.590909091,0.875,0.6,0.318435868,0,1,0,non toxic,0
0.5625,0,0.739130435,1,4.60E-13,,0.2875,1,0.285714286,0,0,0.413793103,0.068656716,0.590909091,0.875,0.6,0.320858924,0,1,0,non toxic,0
0.5625,0,0.739130435,1,9.21E-13,,0.2875,1,0.285714286,0,0,0.413793103,0.068656716,0.590909091,0.875,0.6,0.32570505,0,1,0,non toxic,0
0.5625,0,0.739130435,1,2.30E-12,,0.2875,1,0.285714286,0,0,0.413793103,0.068656716,0.590909091,0.875,0.6,0.32570505,0,1,0,non toxic,0
0.5625,0,0.739130435,1,4.60E-12,,0.2875,1,0.285714286,0,0,0.413793103,0.068656716,0.590909091,0.875,0.6,0.320858924,0,1,0,non toxic,0
0.5625,0,0.739130435,1,4.60E-17,,0.2875,1,0.285714286,0,0,0.413793103,0.032835821,0.409090909,0.375,0.2,0.33294163,0,1,0,non toxic,0
0.5625,0,0.739130435,1,4.60E-16,,0.2875,1,0.285714286,0,0,0.413793103,0.032835821,0.409090909,0.375,0.2,0.340946187,0,1,0,non toxic,0
0.5625,0,0.739130435,1,4.60E-15,,0.2875,1,0.285714286,0,0,0.413793103,0.032835821,0.409090909,0.375,0.2,0.332822004,0,1,0,non toxic,0
0.5625,0,0.739130435,1,4.60E-14,,0.2875,1,0.285714286,0,0,0.413793103,0.032835821,0.409090909,0.375,0.2,0.33275959,0,1,0,non toxic,0
0.5625,0,0.739130435,1,2.30E-13,,0.2875,1,0.285714286,0,0,0.413793103,0.032835821,0.409090909,0.375,0.2,0.316584039,0,1,0,non toxic,0
0.5625,0,0.739130435,1,4.60E-13,,0.2875,1,0.285714286,0,0,0.413793103,0.032835821,0.409090909,0.375,0.2,0.316516424,0,1,0,non toxic,0
0.5625,0,0.739130435,1,9.21E-13,,0.2875,1,0.285714286,0,0,0.413793103,0.032835821,0.409090909,0.375,0.2,0.312428326,0,1,0,non toxic,0
0.5625,0,0.739130435,1,2.30E-12,,0.2875,1,0.285714286,0,0,0.413793103,0.032835821,0.409090909,0.375,0.2,0.324463769,0,1,0,non toxic,0
0.5625,0,0.739130435,1,4.60E-12,,0.2875,1,0.285714286,0,0,0.413793103,0.032835821,0.409090909,0.375,0.2,0.316339587,0,1,0,non toxic,0
0.5625,0,0.739130435,1,4.60E-17,,0.2875,1,0.285714286,0,0,0.413793103,0.068656716,0.409090909,0.375,0.2,0.338756506,0,1,0,non toxic,0
0.5625,0,0.739130435,1,4.60E-16,,0.2875,1,0.285714286,0,0,0.413793103,0.068656716,0.409090909,0.375,0.2,0.338694093,0,1,0,non toxic,0
0.5625,0,0.739130435,1,4.60E-15,,0.2875,1,0.285714286,0,0,0.413793103,0.068656716,0.409090909,0.375,0.2,0.330575111,0,1,0,non toxic,0
0.5625,0,0.739130435,1,4.60E-14,,0.2875,1,0.285714286,0,0,0.413793103,0.068656716,0.409090909,0.375,0.2,0.31439436,0,1,0,non toxic,0
0.5625,0,0.739130435,1,2.30E-13,,0.2875,1,0.285714286,0,0,0.413793103,0.068656716,0.409090909,0.375,0.2,0.314331946,0,1,0,non toxic,0
0.5625,0,0.739130435,1,4.60E-13,,0.2875,1,0.285714286,0,0,0.413793103,0.068656716,0.409090909,0.375,0.2,0.314269531,0,1,0,non toxic,0
0.5625,0,0.739130435,1,9.21E-13,,0.2875,1,0.285714286,0,0,0.413793103,0.068656716,0.409090909,0.375,0.2,0.30615575,0,1,0,non toxic,0
0.5625,0,0.739130435,1,2.30E-12,,0.2875,1,0.285714286,0,0,0.413793103,0.068656716,0.409090909,0.375,0.2,0.310124224,0,1,0,non toxic,0
0.5625,0,0.739130435,1,4.60E-12,,0.2875,1,0.285714286,0,0,0.413793103,0.068656716,0.409090909,0.375,0.2,0.306036126,0,1,0,non toxic,0
0.5625,0,0.739130435,0.204393305,5.33E-12,,0.0125,0,0.285714286,0.142857143,0,0.517241379,0.068656716,0.090909091,0,0.6,0.334787813,0,1,0,non toxic,0
0.5625,0,0.739130435,0.204393305,5.33E-12,,0.0125,0,0.285714286,0.142857143,0,0.517241379,0.211940299,0.090909091,0,0.6,0.332505034,0,1,0,non toxic,0
0.5625,0,0.739130435,0.204393305,5.33E-11,,0.0125,0,0.285714286,0.142857143,0,0.517241379,0.068656716,0.090909091,0,0.6,0.331975263,0,1,0,non toxic,0
0.5625,0,0.739130435,0.204393305,5.33E-11,,0.0125,0,0.285714286,0.142857143,0,0.517241379,0.211940299,0.090909091,0,0.6,0.323841126,0,1,0,non toxic,0
0.5625,0,0.739130435,0.204393305,5.33E-10,,0.0125,0,0.285714286,0.142857143,0,0.517241379,0.068656716,0.090909091,0,0.6,0.3291621,0,1,0,non toxic,0
0.5625,0,0.739130435,0.204393305,5.33E-10,,0.0125,0,0.285714286,0.142857143,0,0.517241379,0.211940299,0.090909091,0,0.6,0.317428737,0,1,0,non toxic,0
0.5625,0,0.739130435,0.204393305,5.33E-12,,0.0125,0,0.285714286,0.142857143,0,0.517241379,0.068656716,0.409090909,0.375,0.2,0.336893106,0,1,0,non toxic,0
0.5625,0,0.739130435,0.204393305,5.33E-11,,0.0125,0,0.285714286,0.142857143,0,0.517241379,0.068656716,0.409090909,0.375,0.2,0.323308692,0,1,0,non toxic,0
0.5625,0,0.739130435,0.204393305,5.33E-10,,0.0125,0,0.285714286,0.142857143,0,0.517241379,0.068656716,0.409090909,0.375,0.2,0,0,1,0,toxic,1
0.5625,0,0.739130435,0.204393305,5.33E-12,,0.0125,0,0.285714286,0.142857143,0,0.517241379,0.068656716,0.454545455,0.8125,0.4,0.34158336,0,1,0,non toxic,0
0.5625,0,0.739130435,0.204393305,5.33E-11,,0.0125,0,0.285714286,0.142857143,0,0.517241379,0.068656716,0.454545455,0.8125,0.4,0.341553447,0,1,0,non toxic,0
0.5625,0,0.739130435,0.204393305,5.33E-10,,0.0125,0,0.285714286,0.142857143,0,0.517241379,0.068656716,0.454545455,0.8125,0.4,0.338814736,0,1,0,non toxic,0
0.5625,0,0.02173913,0.011506276,1.17E-05,,0.4,0,0.285714286,0.142857143,0,0.310344828,0.014925373,0.090909091,0,0.6,0.378638265,0,1,0,non toxic,0
0.5625,0,0.02173913,0.011506276,2.33E-05,,0.4,0,0.285714286,0.142857143,0,0.310344828,0.014925373,0.090909091,0,0.6,0.39822588,0,1,0,non toxic,0
0.5625,0,0.02173913,0.011506276,4.67E-05,,0.4,0,0.285714286,0.142857143,0,0.310344828,0.014925373,0.090909091,0,0.6,0.382403749,0,1,0,non toxic,0
0.5625,0,0.02173913,0.011506276,9.34E-05,,0.4,0,0.285714286,0.142857143,0,0.310344828,0.014925373,0.090909091,0,0.6,0.356328708,0,1,0,non toxic,0
0.5625,0,0.02173913,0.011506276,0.000186799,,0.4,0,0.285714286,0.142857143,0,0.310344828,0.014925373,0.090909091,0,0.6,0.257571883,0,1,0,non toxic,0
0.5625,0,0.02173913,0.011506276,1.17E-05,,0.5875,0,0.571428571,0.285714286,1,0.827586207,0.014925373,0.090909091,0,0.6,0.332163657,0,1,0,non toxic,0
0.5625,0,0.02173913,0.011506276,2.33E-05,,0.5875,0,0.571428571,0.285714286,1,0.827586207,0.014925373,0.090909091,0,0.6,0.336840552,0,1,0,non toxic,0
0.5625,0,0.02173913,0.011506276,4.67E-05,,0.5875,0,0.571428571,0.285714286,1,0.827586207,0.014925373,0.090909091,0,0.6,0.343379756,0,1,0,non toxic,0
0.5625,0,0.02173913,0.011506276,9.34E-05,,0.5875,0,0.571428571,0.285714286,1,0.827586207,0.014925373,0.090909091,0,0.6,0.307990432,0,1,0,non toxic,0
0.5625,0,0.02173913,0.011506276,0.000186799,,0.5875,0,0.571428571,0.285714286,1,0.827586207,0.014925373,0.090909091,0,0.6,0.239984168,0,1,0,non toxic,0
0.5625,0,0.02173913,0.011506276,1.17E-05,,0.4125,0,0.285714286,0.142857143,0,0.896551724,0.014925373,0.090909091,0,0.6,0.300598409,0,1,0,non toxic,0
0.5625,0,0.02173913,0.011506276,2.33E-05,,0.4125,0,0.285714286,0.142857143,0,0.896551724,0.014925373,0.090909091,0,0.6,0.31366183,0,1,0,non toxic,0
0.5625,0,0.02173913,0.011506276,4.67E-05,,0.4125,0,0.285714286,0.142857143,0,0.896551724,0.014925373,0.090909091,0,0.6,0.298770174,0,1,0,non toxic,0
0.5625,0,0.02173913,0.011506276,9.34E-05,,0.4125,0,0.285714286,0.142857143,0,0.896551724,0.014925373,0.090909091,0,0.6,0.290401354,0,1,0,non toxic,0
0.5625,0,0.02173913,0.011506276,0.000186799,,0.4125,0,0.285714286,0.142857143,0,0.896551724,0.014925373,0.090909091,0,0.6,0.209349404,0,1,0,toxic,1
0.5625,0,0.02173913,0.011506276,1.17E-05,,0.25,0,0.857142857,0.142857143,0,0.965517241,0.014925373,0.090909091,0,0.6,0.342645438,0,1,0,non toxic,0
0.5625,0,0.02173913,0.011506276,2.33E-05,,0.25,0,0.857142857,0.142857143,0,0.965517241,0.014925373,0.090909091,0,0.6,0.360370744,0,1,0,non toxic,0
0.5625,0,0.02173913,0.011506276,4.67E-05,,0.25,0,0.857142857,0.142857143,0,0.965517241,0.014925373,0.090909091,0,0.6,0.373434154,0,1,0,non toxic,0
0.5625,0,0.02173913,0.011506276,9.34E-05,,0.25,0,0.857142857,0.142857143,0,0.965517241,0.014925373,0.090909091,0,0.6,0.337111648,0,1,0,non toxic,0
0.5625,0,0.02173913,0.011506276,0.000186799,,0.25,0,0.857142857,0.142857143,0,0.965517241,0.014925373,0.090909091,0,0.6,0.243944472,0,1,0,non toxic,0
0.5625,0,0.02173913,0.011506276,1.17E-05,,0.5375,0,0.285714286,0.142857143,0,0.275862069,0.014925373,0.090909091,0,0.6,0.356742868,0,1,0,non toxic,0
0.5625,0,0.02173913,0.011506276,2.33E-05,,0.5375,0,0.285714286,0.142857143,0,0.275862069,0.014925373,0.090909091,0,0.6,0.346510381,0,1,0,non toxic,0
0.5625,0,0.02173913,0.011506276,4.67E-05,,0.5375,0,0.285714286,0.142857143,0,0.275862069,0.014925373,0.090909091,0,0.6,0.354911881,0,1,0,non toxic,0
0.5625,0,0.02173913,0.011506276,9.34E-05,,0.5375,0,0.285714286,0.142857143,0,0.275862069,0.014925373,0.090909091,0,0.6,0.342817097,0,1,0,non toxic,0
0.5625,0,0.02173913,0.011506276,0.000186799,,0.5375,0,0.285714286,0.142857143,0,0.275862069,0.014925373,0.090909091,0,0.6,0.229149547,0,1,0,toxic,1
0.5625,0,0.02173913,0.011506276,1.17E-05,,0.1125,0,0.571428571,0.142857143,0,0.275862069,0.014925373,0.090909091,0,0.6,0.333561407,0,1,0,non toxic,0
0.5625,0,0.02173913,0.011506276,2.33E-05,,0.1125,0,0.571428571,0.142857143,0,0.275862069,0.014925373,0.090909091,0,0.6,0.34010197,0,1,0,non toxic,0
0.5625,0,0.02173913,0.011506276,4.67E-05,,0.1125,0,0.571428571,0.142857143,0,0.275862069,0.014925373,0.090909091,0,0.6,0.338256016,0,1,0,non toxic,0
0.5625,0,0.02173913,0.011506276,9.34E-05,,0.1125,0,0.571428571,0.142857143,0,0.275862069,0.014925373,0.090909091,0,0.6,0.327091686,0,1,0,non toxic,0
0.5625,0,0.02173913,0.011506276,0.000186799,,0.1125,0,0.571428571,0.142857143,0,0.275862069,0.014925373,0.090909091,0,0.6,0.186402284,0,1,0,toxic,1
0.5625,0,0.02173913,0.011506276,1.17E-05,,0.875,0,0.571428571,0.142857143,0,0.275862069,0.014925373,0.090909091,0,0.6,0.343931481,0,1,0,non toxic,0
0.5625,0,0.02173913,0.011506276,2.33E-05,,0.875,0,0.571428571,0.142857143,0,0.275862069,0.014925373,0.090909091,0,0.6,0.353262089,0,1,0,non toxic,0
0.5625,0,0.02173913,0.011506276,4.67E-05,,0.875,0,0.571428571,0.142857143,0,0.275862069,0.014925373,0.090909091,0,0.6,0.343030981,0,1,0,non toxic,0
0.5625,0,0.02173913,0.011506276,9.34E-05,,0.875,0,0.571428571,0.142857143,0,0.275862069,0.014925373,0.090909091,0,0.6,0.338389518,0,1,0,non toxic,0
0.5625,0,0.02173913,0.011506276,0.000186799,,0.875,0,0.571428571,0.142857143,0,0.275862069,0.014925373,0.090909091,0,0.6,0.248017851,0,1,0,non toxic,0
0.5625,0,0.02173913,0.011506276,1.17E-05,,0.9125,0,0.571428571,0.142857143,0,0.275862069,0.014925373,0.090909091,0,0.6,0.340315854,0,1,0,non toxic,0
0.5625,0,0.02173913,0.011506276,2.33E-05,,0.9125,0,0.571428571,0.142857143,0,0.275862069,0.014925373,0.090909091,0,0.6,0.343129073,0,1,0,non toxic,0
0.5625,0,0.02173913,0.011506276,4.67E-05,,0.9125,0,0.571428571,0.142857143,0,0.275862069,0.014925373,0.090909091,0,0.6,0.33196613,0,1,0,non toxic,0
0.5625,0,0.02173913,0.011506276,9.34E-05,,0.9125,0,0.571428571,0.142857143,0,0.275862069,0.014925373,0.090909091,0,0.6,0.323595962,0,1,0,non toxic,0
0.5625,0,0.02173913,0.011506276,0.000186799,,0.9125,0,0.571428571,0.142857143,0,0.275862069,0.014925373,0.090909091,0,0.6,0.268635391,0,1,0,non toxic,0
0.5625,0,0.782608696,0.030334728,1.49E-07,,0.7125,1,0.714285714,0,0,0.034482759,0.032835821,0.136363636,0,0.6,0.396579547,0,0,0,non toxic,0
0.5625,0,0.782608696,0.030334728,1.49E-07,,0.7125,1,0.714285714,0,0,0.034482759,0.104477612,0.136363636,0,0.6,0.353372611,0,0,0,non toxic,0
0.5625,0,0.782608696,0.030334728,1.49E-07,,0.7125,1,0.714285714,0,0,0.034482759,0.176119403,0.136363636,0,0.6,0.335019217,0,0,0,non toxic,0
0.5625,0,0.782608696,0.030334728,1.49E-06,,0.7125,1,0.714285714,0,0,0.034482759,0.032835821,0.136363636,0,0.6,0.338078116,0,0,0,non toxic,0
0.5625,0,0.782608696,0.030334728,1.49E-06,,0.7125,1,0.714285714,0,0,0.034482759,0.104477612,0.136363636,0,0.6,0.3029008,0,0,0,non toxic,0
0.5625,0,0.782608696,0.030334728,1.49E-06,,0.7125,1,0.714285714,0,0,0.034482759,0.176119403,0.136363636,0,0.6,0.286841559,0,0,0,non toxic,0
0.5625,0,0.782608696,0.030334728,1.49E-06,,0.7125,1,0.714285714,0,0,0.034482759,0.068656716,0.136363636,0,0.6,0.30965708,0,0,0,non toxic,0
0.5625,0,0.782608696,0.030334728,1.49E-06,,0.7125,1,0.714285714,0,0,0.034482759,0.140298507,0.136363636,0,0.6,0.28668092,0,0,0,non toxic,0
0.5625,0,0.782608696,0.030334728,1.49E-06,,0.7125,1,0.714285714,0,0,0.034482759,0.211940299,0.136363636,0,0.6,0.272744051,0,0,0,non toxic,0
0.5625,0,0.782608696,0.030334728,1.49E-06,,0.7125,1,0.714285714,0,0,0.034482759,0.28358209,0.136363636,0,0.6,0.274948635,0,0,0,non toxic,0
0.5625,0,0.782608696,0.030334728,1.49E-06,,0.7125,1,0.714285714,0,0,0.034482759,0.426865672,0.136363636,0,0.6,0.267145781,0,0,0,non toxic,0
0.5625,0,0.739130435,0.013598326,7.35E-06,,0.0125,0,0.285714286,0.142857143,0,0.517241379,0.140298507,0.454545455,0.125,0.4,0.263027219,0,0,0,non toxic,0
0.5625,0,0.739130435,0.013598326,7.35E-06,,0.5375,0,0.285714286,0.142857143,0,0.275862069,0.140298507,0.454545455,0.125,0.4,0.284502971,0,0,0,non toxic,0
0.5625,0,0.739130435,0.013598326,7.35E-06,,0.8625,0,0.285714286,0.285714286,0,0.24137931,0.140298507,0.454545455,0.125,0.4,0.291661561,0,0,0,non toxic,0
0.5625,0,0.739130435,0.013598326,7.35E-06,,0.0125,0,0.285714286,0.142857143,0,0.517241379,0.28358209,0.454545455,0.125,0.4,0.302726531,0,0,0,non toxic,0
0.5625,0,0.739130435,0.013598326,7.35E-06,,0.5375,0,0.285714286,0.142857143,0,0.275862069,0.28358209,0.454545455,0.125,0.4,0.336229275,0,0,0,non toxic,0
0.5625,0,0.739130435,0.013598326,7.35E-06,,0.8625,0,0.285714286,0.285714286,0,0.24137931,0.28358209,0.454545455,0.125,0.4,0.328039241,0,0,0,non toxic,0
0.5625,0,0.043478261,0.019874477,3.33E-08,,0.4,0,0.285714286,0.142857143,0,0.310344828,0.068656716,0.454545455,0.125,0.4,0.342243624,0,0,0,non toxic,0
0.5625,0,0.043478261,0.019874477,3.33E-07,,0.4,0,0.285714286,0.142857143,0,0.310344828,0.068656716,0.454545455,0.125,0.4,0.326598252,0,0,0,non toxic,0
0.5625,0,0.043478261,0.019874477,3.33E-06,,0.4,0,0.285714286,0.142857143,0,0.310344828,0.068656716,0.454545455,0.125,0.4,0.316872753,0,0,0,non toxic,0
0.5625,0,0.043478261,0.019874477,3.33E-08,,0.6,0,0.285714286,0.285714286,0,0.137931034,0.068656716,0.454545455,0.125,0.4,0.339283677,0,0,0,non toxic,0
0.5625,0,0.043478261,0.019874477,3.33E-07,,0.6,0,0.285714286,0.285714286,0,0.137931034,0.068656716,0.454545455,0.125,0.4,0.324484018,0,0,0,non toxic,0
0.5625,0,0.043478261,0.019874477,3.33E-06,,0.6,0,0.285714286,0.285714286,0,0.137931034,0.068656716,0.454545455,0.125,0.4,0.304187317,0,0,0,non toxic,0
0.5625,0,0.326086957,0.019874477,3.33E-08,,0.4,0,0.285714286,0.142857143,0,0.310344828,0.068656716,0.454545455,0.125,0.4,0.338875706,0,0,0,non toxic,0
0.5625,0,0.326086957,0.019874477,3.33E-07,,0.4,0,0.285714286,0.142857143,0,0.310344828,0.068656716,0.454545455,0.125,0.4,0.322449058,0,0,0,non toxic,0
0.5625,0,0.326086957,0.019874477,3.33E-06,,0.4,0,0.285714286,0.142857143,0,0.310344828,0.068656716,0.454545455,0.125,0.4,0.298019693,0,0,0,non toxic,0
0.5625,0,0.326086957,0.019874477,3.33E-08,,0.6,0,0.285714286,0.285714286,0,0.137931034,0.068656716,0.454545455,0.125,0.4,0.342245274,0,0,0,non toxic,0
0.5625,0,0.326086957,0.019874477,3.33E-07,,0.6,0,0.285714286,0.285714286,0,0.137931034,0.068656716,0.454545455,0.125,0.4,0.331294168,0,0,0,non toxic,0
0.5625,0,0.326086957,0.019874477,3.33E-06,,0.6,0,0.285714286,0.285714286,0,0.137931034,0.068656716,0.454545455,0.125,0.4,0.318237099,0,0,0,non toxic,0
0.5625,0,0.739130435,0.012029289,1.03E-06,,0.95,0,0.285714286,0.285714286,0,0.379310345,0.068656716,0.590909091,0.875,0.6,0.337042898,0,0,0,non toxic,0
0.5625,0,0.739130435,0.012029289,2.07E-06,,0.95,0,0.285714286,0.285714286,0,0.379310345,0.071641791,0.590909091,0.875,0.6,0.310191992,0,0,0,non toxic,0
0.5625,0,0.739130435,0.012029289,5.16E-06,,0.95,0,0.285714286,0.285714286,0,0.379310345,0.074626866,0.590909091,0.875,0.6,0.284154844,0,0,0,non toxic,0
0.5625,0,0.739130435,0.012029289,1.03E-05,,0.95,0,0.285714286,0.285714286,0,0.379310345,0.07761194,0.590909091,0.875,0.6,0.272776455,0,0,0,non toxic,0
0.5625,0,0.739130435,0.012029289,2.07E-05,,0.95,0,0.285714286,0.285714286,0,0.379310345,0.080597015,0.590909091,0.875,0.6,0.234441241,0,0,0,toxic,1
0.5625,0,0.347826087,0.046025105,2.21E-08,,0.95,0,0.285714286,0.285714286,0,0.379310345,0.08358209,0.590909091,0.875,0.6,0.426170993,0,0,0,non toxic,0
0.5625,0,0.347826087,0.046025105,4.43E-08,,0.95,0,0.285714286,0.285714286,0,0.379310345,0.086567164,0.590909091,0.875,0.6,0.411435405,0,0,0,non toxic,0
0.5625,0,0.347826087,0.046025105,1.11E-07,,0.95,0,0.285714286,0.285714286,0,0.379310345,0.089552239,0.590909091,0.875,0.6,0.404435114,0,0,0,non toxic,0
0.5625,0,0.347826087,0.046025105,2.21E-07,,0.95,0,0.285714286,0.285714286,0,0.379310345,0.092537313,0.590909091,0.875,0.6,0.402572353,0,0,0,non toxic,0
0.5625,0,0.347826087,0.046025105,4.43E-07,,0.95,0,0.285714286,0.285714286,0,0.379310345,0.095522388,0.590909091,0.875,0.6,0.371161523,0,0,0,non toxic,0
0.5625,0,0.869565217,0.007845188,0.01,,0.725,0,0.857142857,0.357142857,0,0,0.140298507,0.454545455,0.125,0.4,0.275814242,0,0,0,non toxic,0
0.5625,0,0.869565217,0.007845188,0.01,,0.725,0,0.857142857,0.357142857,0,0,0.140298507,0.454545455,0.125,0.4,0.332854283,0,0,0,non toxic,0
0.5625,0,0.869565217,0.007845188,0.01,,0.725,0,0.857142857,0.357142857,0,0,0.140298507,0.454545455,0.125,0.4,0.321661927,0,0,0,non toxic,0
0.5625,0,0.869565217,0.007845188,0.1,,0.725,0,0.857142857,0.357142857,0,0,0.28358209,0.454545455,0.125,0.4,0.28774879,0,0,0,non toxic,0
0.5625,0,0.869565217,0.007845188,0.1,,0.725,0,0.857142857,0.357142857,0,0,0.28358209,0.454545455,0.125,0.4,0.285252532,0,0,0,non toxic,0
0.5625,0,0.869565217,0.007845188,0.1,,0.725,0,0.857142857,0.357142857,0,0,0.28358209,0.454545455,0.125,0.4,0.279651173,0,0,0,non toxic,0
0.5625,0,0.869565217,0.007845188,1,,0.725,0,0.857142857,0.357142857,0,0,0.426865672,0.454545455,0.125,0.4,0.167197798,0,0,0,toxic,1
0.5625,0,0.869565217,0.007845188,1,,0.725,0,0.857142857,0.357142857,0,0,0.426865672,0.454545455,0.125,0.4,0.136816512,0,0,0,toxic,1
0.5625,0,0.869565217,0.007845188,1,,0.725,0,0.857142857,0.357142857,0,0,0.426865672,0.454545455,0.125,0.4,0.15222025,0,0,0,toxic,1
0.5625,0,0.739130435,0.013075314,6.67E-08,,0.775,0,0.285714286,0.142857143,0,0.172413793,0.140298507,0.545454545,0.875,0.6,0.308743964,0,0,0,non toxic,0
0.5625,0,0.739130435,0.013075314,6.67E-06,,0.775,0,0.285714286,0.142857143,0,0.172413793,0.140298507,0.545454545,0.875,0.6,0.304650353,0,0,0,non toxic,0
0.5625,0,0.739130435,0.013075314,6.67E-05,,0.775,0,0.285714286,0.142857143,0,0.172413793,0.140298507,0.545454545,0.875,0.6,0.258844314,0,0,0,non toxic,0
0.5625,0,0.739130435,0.013075314,0.000666667,,0.775,0,0.285714286,0.142857143,0,0.172413793,0.140298507,0.545454545,0.875,0.6,0.27600104,0,0,0,non toxic,0
0.5625,0,0.739130435,0.013075314,0.006666667,,0.775,0,0.285714286,0.142857143,0,0.172413793,0.140298507,0.545454545,0.875,0.6,0.295521285,0,0,0,non toxic,0
0.5625,0,0.739130435,0.013075314,6.67E-08,,0.2625,0,0.285714286,0.142857143,0,0.24137931,0.140298507,0.545454545,0.875,0.6,0.346275505,0,0,0,non toxic,0
0.5625,0,0.739130435,0.013075314,6.67E-06,,0.2625,0,0.285714286,0.142857143,0,0.24137931,0.140298507,0.545454545,0.875,0.6,0.328517493,0,0,0,non toxic,0
0.5625,0,0.739130435,0.013075314,6.67E-05,,0.2625,0,0.285714286,0.142857143,0,0.24137931,0.140298507,0.545454545,0.875,0.6,0.316456822,0,0,0,non toxic,0
0.5625,0,0.739130435,0.013075314,0.000666667,,0.2625,0,0.285714286,0.142857143,0,0.24137931,0.140298507,0.545454545,0.875,0.6,0.309285006,0,0,0,non toxic,0
0.5625,0,0.739130435,0.013075314,0.006666667,,0.2625,0,0.285714286,0.142857143,0,0.24137931,0.140298507,0.545454545,0.875,0.6,0.314339094,0,0,0,non toxic,0
0.5625,0,0.739130435,0.013075314,6.67E-08,,0.775,0,0.285714286,0.142857143,0,0.172413793,0.140298507,0.454545455,0.125,0.4,0.337591151,0,0,0,non toxic,0
0.5625,0,0.739130435,0.013075314,6.67E-06,,0.775,0,0.285714286,0.142857143,0,0.172413793,0.140298507,0.454545455,0.125,0.4,0.33941623,0,0,0,non toxic,0
0.5625,0,0.739130435,0.013075314,6.67E-05,,0.775,0,0.285714286,0.142857143,0,0.172413793,0.140298507,0.454545455,0.125,0.4,0.335371647,0,0,0,non toxic,0
0.5625,0,0.739130435,0.013075314,0.000666667,,0.775,0,0.285714286,0.142857143,0,0.172413793,0.140298507,0.454545455,0.125,0.4,0.341763161,0,0,0,non toxic,0
0.5625,0,0.739130435,0.013075314,0.006666667,,0.775,0,0.285714286,0.142857143,0,0.172413793,0.140298507,0.454545455,0.125,0.4,0.338372535,0,0,0,non toxic,0
0.5625,0,0.739130435,0.013075314,6.67E-08,,0.2625,0,0.285714286,0.142857143,0,0.24137931,0.140298507,0.454545455,0.125,0.4,0.342769395,0,0,0,non toxic,0
0.5625,0,0.739130435,0.013075314,6.67E-06,,0.2625,0,0.285714286,0.142857143,0,0.24137931,0.140298507,0.454545455,0.125,0.4,0.34264009,0,0,0,non toxic,0
0.5625,0,0.739130435,0.013075314,6.67E-05,,0.2625,0,0.285714286,0.142857143,0,0.24137931,0.140298507,0.454545455,0.125,0.4,0.342507054,0,0,0,non toxic,0
0.5625,0,0.739130435,0.013075314,0.000666667,,0.2625,0,0.285714286,0.142857143,0,0.24137931,0.140298507,0.454545455,0.125,0.4,0.339768507,0,0,0,non toxic,0
0.5625,0,0.739130435,0.013075314,0.006666667,,0.2625,0,0.285714286,0.142857143,0,0.24137931,0.140298507,0.454545455,0.125,0.4,0.342247538,0,0,0,non toxic,0
0.5625,0,0.347826087,0.124476987,1.87E-08,,0.925,0,0.428571429,0.142857143,0,0.862068966,0.068656716,0.590909091,0.875,0.6,0.292260967,0,0,0,non toxic,0
0.5625,0,0.347826087,0.124476987,5.59E-08,,0.925,0,0.428571429,0.142857143,0,0.862068966,0.068656716,0.590909091,0.875,0.6,0.281348441,0,0,0,non toxic,0
0.5625,0,0.347826087,0.124476987,5.60E-08,,0.925,0,0.428571429,0.142857143,0,0.862068966,0.068656716,0.590909091,0.875,0.6,0.222109018,0,0,0,toxic,1
0.5625,0,0.347826087,0.124476987,7.47E-08,,0.925,0,0.428571429,0.142857143,0,0.862068966,0.068656716,0.590909091,0.875,0.6,0.194048231,0,0,0,toxic,1
0.5625,0,0.347826087,0.124476987,9.34E-08,,0.925,0,0.428571429,0.142857143,0,0.862068966,0.068656716,0.590909091,0.875,0.6,0.18625357,0,0,0,toxic,1
0.5625,0,0.347826087,0.124476987,1.87E-08,,0.575,0,0,0.142857143,0,0.448275862,0.068656716,0.590909091,0.875,0.6,0.340791216,0,0,0,non toxic,0
0.5625,0,0.347826087,0.124476987,5.59E-08,,0.575,0,0,0.142857143,0,0.448275862,0.068656716,0.590909091,0.875,0.6,0.370795033,0,0,0,non toxic,0
0.5625,0,0.347826087,0.124476987,5.60E-08,,0.575,0,0,0.142857143,0,0.448275862,0.068656716,0.590909091,0.875,0.6,0.370795033,0,0,0,non toxic,0
0.5625,0,0.347826087,0.124476987,7.47E-08,,0.575,0,0,0.142857143,0,0.448275862,0.068656716,0.590909091,0.875,0.6,0.337040751,0,0,0,non toxic,0
0.5625,0,0.347826087,0.124476987,9.34E-08,,0.575,0,0,0.142857143,0,0.448275862,0.068656716,0.590909091,0.875,0.6,0.378295973,0,0,0,non toxic,0
0.5625,0,0.195652174,0.176778243,6.57E-09,,0.925,0,0.428571429,0.142857143,0,0.862068966,0.068656716,0.590909091,0.875,0.6,0.343705749,0,0,0,non toxic,0
0.5625,0,0.195652174,0.176778243,1.96E-08,,0.925,0,0.428571429,0.142857143,0,0.862068966,0.068656716,0.590909091,0.875,0.6,0.351500403,0,0,0,non toxic,0
0.5625,0,0.195652174,0.176778243,1.97E-08,,0.925,0,0.428571429,0.142857143,0,0.862068966,0.068656716,0.590909091,0.875,0.6,0.339028959,0,0,0,non toxic,0
0.5625,0,0.195652174,0.176778243,2.63E-08,,0.925,0,0.428571429,0.142857143,0,0.862068966,0.068656716,0.590909091,0.875,0.6,0.339028959,0,0,0,non toxic,0
0.5625,0,0.195652174,0.176778243,3.29E-08,,0.925,0,0.428571429,0.142857143,0,0.862068966,0.068656716,0.590909091,0.875,0.6,0.292260967,0,0,0,non toxic,0
0.5625,0,0.195652174,0.176778243,6.57E-09,,0.575,0,0,0.142857143,0,0.448275862,0.068656716,0.590909091,0.875,0.6,0.314537896,0,0,0,non toxic,0
0.5625,0,0.195652174,0.176778243,1.96E-08,,0.575,0,0,0.142857143,0,0.448275862,0.068656716,0.590909091,0.875,0.6,0.290159814,0,0,0,non toxic,0
0.5625,0,0.195652174,0.176778243,1.97E-08,,0.575,0,0,0.142857143,0,0.448275862,0.068656716,0.590909091,0.875,0.6,0.179520788,0,0,0,toxic,1
0.5625,0,0.195652174,0.176778243,2.63E-08,,0.575,0,0,0.142857143,0,0.448275862,0.068656716,0.590909091,0.875,0.6,0.175770313,0,0,0,toxic,1
0.5625,0,0.195652174,0.176778243,3.29E-08,,0.575,0,0,0.142857143,0,0.448275862,0.068656716,0.590909091,0.875,0.6,0.175770313,0,0,0,toxic,1
0.5625,0,0.347826087,0.018200837,3.24E-09,,0.7875,0,0.285714286,0.142857143,0,0.551724138,0.068656716,0.590909091,0.875,0.6,0.320883401,0,0,1,non toxic,0
0.5625,0,0.347826087,0.018200837,6.48E-09,,0.7875,0,0.285714286,0.142857143,0,0.551724138,0.068656716,0.590909091,0.875,0.6,0.321972553,0,0,1,non toxic,0
0.5625,0,0.347826087,0.018200837,3.24E-08,,0.7875,0,0.285714286,0.142857143,0,0.551724138,0.068656716,0.590909091,0.875,0.6,0.329596618,0,0,1,non toxic,0
0.5625,0,0.347826087,0.018200837,6.48E-08,,0.7875,0,0.285714286,0.142857143,0,0.551724138,0.068656716,0.590909091,0.875,0.6,0.325240009,0,0,1,non toxic,0
0.5625,0,0.347826087,0.018200837,3.24E-07,,0.7875,0,0.285714286,0.142857143,0,0.551724138,0.068656716,0.590909091,0.875,0.6,0.301278641,0,0,1,non toxic,0
0.5625,0,0.347826087,0.018200837,6.48E-07,,0.7875,0,0.285714286,0.142857143,0,0.551724138,0.068656716,0.590909091,0.875,0.6,0.288208806,0,0,1,non toxic,0
0.5625,0,0.347826087,0.018200837,3.24E-09,,0.7875,0,0.285714286,0.142857143,0,0.551724138,0.140298507,0.590909091,0.875,0.6,0.354647159,0,0,1,non toxic,0
0.5625,0,0.347826087,0.018200837,6.48E-09,,0.7875,0,0.285714286,0.142857143,0,0.551724138,0.140298507,0.590909091,0.875,0.6,0.336131543,0,0,1,non toxic,0
0.5625,0,0.347826087,0.018200837,3.24E-08,,0.7875,0,0.285714286,0.142857143,0,0.551724138,0.140298507,0.590909091,0.875,0.6,0.33068577,0,0,1,non toxic,0
0.5625,0,0.347826087,0.018200837,6.48E-08,,0.7875,0,0.285714286,0.142857143,0,0.551724138,0.140298507,0.590909091,0.875,0.6,0.31979424,0,0,1,non toxic,0
0.5625,0,0.347826087,0.018200837,3.24E-07,,0.7875,0,0.285714286,0.142857143,0,0.551724138,0.140298507,0.590909091,0.875,0.6,0.31543764,0,0,1,non toxic,0
0.5625,0,0.347826087,0.018200837,6.48E-07,,0.7875,0,0.285714286,0.142857143,0,0.551724138,0.140298507,0.590909091,0.875,0.6,0.305635261,0,0,1,non toxic,0
0.5625,0,0.913043478,0.340481172,5.80E-13,0.181481481,0.7875,0,0.285714286,0.142857143,0,0.551724138,0.068656716,0.590909091,0.875,0.6,0.31756353,0,0,1,non toxic,0
0.5625,0,0.913043478,0.340481172,1.16E-12,0.181481481,0.7875,0,0.285714286,0.142857143,0,0.551724138,0.068656716,0.590909091,0.875,0.6,0.315259671,0,0,1,non toxic,0
0.5625,0,0.913043478,0.340481172,5.80E-12,0.181481481,0.7875,0,0.285714286,0.142857143,0,0.551724138,0.068656716,0.590909091,0.875,0.6,0.314045044,0,0,1,non toxic,0
0.5625,0,0.913043478,0.340481172,1.16E-11,0.181481481,0.7875,0,0.285714286,0.142857143,0,0.551724138,0.068656716,0.590909091,0.875,0.6,0.322575204,0,0,1,non toxic,0
0.5625,0,0.913043478,0.340481172,5.80E-11,0.181481481,0.7875,0,0.285714286,0.142857143,0,0.551724138,0.068656716,0.590909091,0.875,0.6,0.317025864,0,0,1,non toxic,0
0.5625,0,0.913043478,0.340481172,1.16E-10,0.181481481,0.7875,0,0.285714286,0.142857143,0,0.551724138,0.068656716,0.590909091,0.875,0.6,0.311470964,0,0,1,non toxic,0
0.5625,0,0.913043478,0.340481172,5.80E-13,0.181481481,0.7875,0,0.285714286,0.142857143,0,0.551724138,0.140298507,0.590909091,0.875,0.6,0.338103304,0,0,1,non toxic,0
0.5625,0,0.913043478,0.340481172,1.16E-12,0.181481481,0.7875,0,0.285714286,0.142857143,0,0.551724138,0.140298507,0.590909091,0.875,0.6,0.340139731,0,0,1,non toxic,0
0.5625,0,0.913043478,0.340481172,5.80E-12,0.181481481,0.7875,0,0.285714286,0.142857143,0,0.551724138,0.140298507,0.590909091,0.875,0.6,0.326996282,0,0,1,non toxic,0
0.5625,0,0.913043478,0.340481172,1.16E-11,0.181481481,0.7875,0,0.285714286,0.142857143,0,0.551724138,0.140298507,0.590909091,0.875,0.6,0.326862567,0,0,1,non toxic,0
0.5625,0,0.913043478,0.340481172,5.80E-11,0.181481481,0.7875,0,0.285714286,0.142857143,0,0.551724138,0.140298507,0.590909091,0.875,0.6,0.316972934,0,0,1,non toxic,0
0.5625,0,0.913043478,0.340481172,1.16E-10,0.181481481,0.7875,0,0.285714286,0.142857143,0,0.551724138,0.140298507,0.590909091,0.875,0.6,0.312507292,0,0,1,non toxic,0
0.5625,0,0.913043478,0.340481172,5.80E-13,0.181481481,0.6375,1,0.285714286,0.714285714,0,0.103448276,0.068656716,0.409090909,0.375,0.2,0.336342257,0,0,1,non toxic,0
0.5625,0,0.913043478,0.340481172,1.16E-12,0.181481481,0.6375,1,0.285714286,0.714285714,0,0.103448276,0.068656716,0.409090909,0.375,0.2,0.307218742,0,0,1,non toxic,0
0.5625,0,0.913043478,0.340481172,5.80E-12,0.181481481,0.6375,1,0.285714286,0.714285714,0,0.103448276,0.068656716,0.409090909,0.375,0.2,0.306273356,0,0,1,non toxic,0
0.5625,0,0.913043478,0.340481172,1.16E-11,0.181481481,0.6375,1,0.285714286,0.714285714,0,0.103448276,0.068656716,0.409090909,0.375,0.2,0.303154989,0,0,1,non toxic,0
0.5625,0,0.913043478,0.340481172,5.80E-11,0.181481481,0.6375,1,0.285714286,0.714285714,0,0.103448276,0.068656716,0.409090909,0.375,0.2,0.303293266,0,0,1,non toxic,0
0.5625,0,0.913043478,0.340481172,1.16E-10,0.181481481,0.6375,1,0.285714286,0.714285714,0,0.103448276,0.068656716,0.409090909,0.375,0.2,0.29909407,0,0,1,non toxic,0
0.5625,0,0.891304348,0.285669456,9.80E-13,0.15037037,0.7875,0,0.285714286,0.142857143,0,0.551724138,0.068656716,0.590909091,0.875,0.6,0.316526779,0,0,1,non toxic,0
0.5625,0,0.891304348,0.285669456,1.96E-12,0.15037037,0.7875,0,0.285714286,0.142857143,0,0.551724138,0.068656716,0.590909091,0.875,0.6,0.313259336,0,0,1,non toxic,0
0.5625,0,0.891304348,0.285669456,9.80E-12,0.15037037,0.7875,0,0.285714286,0.142857143,0,0.551724138,0.068656716,0.590909091,0.875,0.6,0.306724415,0,0,1,non toxic,0
0.5625,0,0.891304348,0.285669456,1.96E-11,0.15037037,0.7875,0,0.285714286,0.142857143,0,0.551724138,0.068656716,0.590909091,0.875,0.6,0.325240009,0,0,1,non toxic,0
0.5625,0,0.891304348,0.285669456,9.80E-11,0.15037037,0.7875,0,0.285714286,0.142857143,0,0.551724138,0.068656716,0.590909091,0.875,0.6,0.312170184,0,0,1,non toxic,0
0.5625,0,0.891304348,0.285669456,1.96E-10,0.15037037,0.7875,0,0.285714286,0.142857143,0,0.551724138,0.068656716,0.590909091,0.875,0.6,0.307813576,0,0,1,non toxic,0
0.5625,0,0.891304348,0.285669456,9.80E-13,0.15037037,0.7875,0,0.285714286,0.142857143,0,0.551724138,0.140298507,0.590909091,0.875,0.6,0.328507465,0,0,1,non toxic,0
0.5625,0,0.891304348,0.285669456,1.96E-12,0.15037037,0.7875,0,0.285714286,0.142857143,0,0.551724138,0.140298507,0.590909091,0.875,0.6,0.31543764,0,0,1,non toxic,0
0.5625,0,0.891304348,0.285669456,9.80E-12,0.15037037,0.7875,0,0.285714286,0.142857143,0,0.551724138,0.140298507,0.590909091,0.875,0.6,0.317615934,0,0,1,non toxic,0
0.5625,0,0.891304348,0.285669456,1.96E-11,0.15037037,0.7875,0,0.285714286,0.142857143,0,0.551724138,0.140298507,0.590909091,0.875,0.6,0.31979424,0,0,1,non toxic,0
0.5625,0,0.891304348,0.285669456,9.80E-11,0.15037037,0.7875,0,0.285714286,0.142857143,0,0.551724138,0.140298507,0.590909091,0.875,0.6,0.311081032,0,0,1,non toxic,0
0.5625,0,0.891304348,0.285669456,1.96E-10,0.15037037,0.7875,0,0.285714286,0.142857143,0,0.551724138,0.140298507,0.590909091,0.875,0.6,0.306724415,0,0,1,non toxic,0
0.5625,0,0.891304348,0.285669456,9.80E-13,0.15037037,0.6375,1,0.285714286,0.714285714,0,0.103448276,0.068656716,0.409090909,0.375,0.2,0.336393052,0,0,1,non toxic,0
0.5625,0,0.891304348,0.285669456,1.96E-12,0.15037037,0.6375,1,0.285714286,0.714285714,0,0.103448276,0.068656716,0.409090909,0.375,0.2,0.3051022,0,0,1,non toxic,0
0.5625,0,0.891304348,0.285669456,9.80E-12,0.15037037,0.6375,1,0.285714286,0.714285714,0,0.103448276,0.068656716,0.409090909,0.375,0.2,0.294398181,0,0,1,non toxic,0
0.5625,0,0.891304348,0.285669456,1.96E-11,0.15037037,0.6375,1,0.285714286,0.714285714,0,0.103448276,0.068656716,0.409090909,0.375,0.2,0.294539282,0,0,1,non toxic,0
0.5625,0,0.891304348,0.285669456,9.80E-11,0.15037037,0.6375,1,0.285714286,0.714285714,0,0.103448276,0.068656716,0.409090909,0.375,0.2,0.325014566,0,0,1,non toxic,0
0.5625,0,0.891304348,0.285669456,1.96E-10,0.15037037,0.6375,1,0.285714286,0.714285714,0,0.103448276,0.068656716,0.409090909,0.375,0.2,0.325147192,0,0,1,non toxic,0
0.5625,0,0.739130435,0.036610879,8.65E-09,,0.0125,0,0.285714286,0.142857143,0,0.517241379,0.068656716,0.590909091,0.875,0.6,0.30883663,0,0,0,non toxic,0
0.5625,0,0.739130435,0.036610879,2.16E-08,,0.0125,0,0.285714286,0.142857143,0,0.517241379,0.068656716,0.590909091,0.875,0.6,0.283868856,0,0,0,non toxic,0
0.5625,0,0.739130435,0.036610879,4.32E-08,,0.0125,0,0.285714286,0.142857143,0,0.517241379,0.068656716,0.590909091,0.875,0.6,0.249352187,0,0,0,non toxic,0
0.5625,0,0.739130435,0.036610879,8.65E-09,,0.0125,0,0.285714286,0.142857143,0,0.517241379,0.068656716,0.727272727,0.9375,0.8,0.312489867,0,0,0,non toxic,0
0.5625,0,0.739130435,0.036610879,2.16E-08,,0.0125,0,0.285714286,0.142857143,0,0.517241379,0.068656716,0.727272727,0.9375,0.8,0.29570873,0,0,0,non toxic,0
0.5625,0,0.739130435,0.036610879,4.32E-08,,0.0125,0,0.285714286,0.142857143,0,0.517241379,0.068656716,0.727272727,0.9375,0.8,0.268328971,0,0,0,non toxic,0
0.96875,0,0.739130435,0.019874477,3.12E-08,,0.1375,0,1,0.142857143,0,0.551724138,0.068656716,0.727272727,0.9375,0.8,0.344541712,0,0,0,non toxic,0
0.96875,0,0.739130435,0.019874477,6.25E-08,,0.1375,0,1,0.142857143,0,0.551724138,0.068656716,0.727272727,0.9375,0.8,0.341728842,0,0,0,non toxic,0
0.96875,0,0.739130435,0.019874477,1.56E-07,,0.1375,0,1,0.142857143,0,0.551724138,0.068656716,0.727272727,0.9375,0.8,0.321101231,0,0,0,non toxic,0
0.96875,0,0.739130435,0.019874477,3.12E-07,,0.1375,0,1,0.142857143,0,0.551724138,0.068656716,0.727272727,0.9375,0.8,0.302348846,0,0,0,non toxic,0
0.96875,0,0.739130435,0.019874477,6.25E-07,,0.1375,0,1,0.142857143,0,0.551724138,0.068656716,0.727272727,0.9375,0.8,0.266719342,0,0,0,non toxic,0
0.96875,0,0.739130435,0.019874477,3.12E-08,,0.1375,0,1,0.142857143,0,0.551724138,0.068656716,0.590909091,0.875,0.6,0.308956706,0,0,0,non toxic,0
0.96875,0,0.739130435,0.019874477,1.56E-07,,0.1375,0,1,0.142857143,0,0.551724138,0.068656716,0.590909091,0.875,0.6,0.292173606,0,0,0,non toxic,0
0.96875,0,0.739130435,0.019874477,3.12E-07,,0.1375,0,1,0.142857143,0,0.551724138,0.068656716,0.590909091,0.875,0.6,0.284062145,0,0,0,non toxic,0
0.96875,0,0.739130435,0.019874477,6.25E-07,,0.1375,0,1,0.142857143,0,0.551724138,0.068656716,0.590909091,0.875,0.6,0.259320964,0,0,0,non toxic,0
0.96875,0,0.739130435,0.12960251,2.05E-13,0.225185185,0,0,0.285714286,0.142857143,0,0.620689655,0.014925373,0.590909091,0.875,0.6,0.341981854,0,1,0,non toxic,0
0.96875,0,0.739130435,0.12960251,2.05E-13,0.225185185,0,0,0.285714286,0.142857143,0,0.620689655,0.068656716,0.590909091,0.875,0.6,0.337874195,0,1,0,non toxic,0
0.96875,0,0.739130435,0.12960251,2.05E-13,0.225185185,0,0,0.285714286,0.142857143,0,0.620689655,0.140298507,0.590909091,0.875,0.6,0.336504975,0,1,0,non toxic,0
0.96875,0,0.739130435,0.12960251,2.05E-12,0.225185185,0,0,0.285714286,0.142857143,0,0.620689655,0.014925373,0.590909091,0.875,0.6,0.339243415,0,1,0,non toxic,0
0.96875,0,0.739130435,0.12960251,2.05E-12,0.225185185,0,0,0.285714286,0.142857143,0,0.620689655,0.068656716,0.590909091,0.875,0.6,0.341981854,0,1,0,non toxic,0
0.96875,0,0.739130435,0.12960251,2.05E-12,0.225185185,0,0,0.285714286,0.142857143,0,0.620689655,0.140298507,0.590909091,0.875,0.6,0.333766536,0,1,0,non toxic,0
0.96875,0,0.739130435,0.12960251,2.05E-11,0.225185185,0,0,0.285714286,0.142857143,0,0.620689655,0.014925373,0.590909091,0.875,0.6,0.336504975,0,1,0,non toxic,0
0.96875,0,0.739130435,0.12960251,2.05E-11,0.225185185,0,0,0.285714286,0.142857143,0,0.620689655,0.068656716,0.590909091,0.875,0.6,0.317335877,0,1,0,non toxic,0
0.96875,0,0.739130435,0.12960251,2.05E-11,0.225185185,0,0,0.285714286,0.142857143,0,0.620689655,0.140298507,0.590909091,0.875,0.6,0.311858998,0,1,0,non toxic,0
0.96875,0,0.739130435,0.12960251,2.05E-10,0.225185185,0,0,0.285714286,0.142857143,0,0.620689655,0.014925373,0.590909091,0.875,0.6,0.332397316,0,1,0,non toxic,0
0.96875,0,0.739130435,0.12960251,2.05E-10,0.225185185,0,0,0.285714286,0.142857143,0,0.620689655,0.068656716,0.590909091,0.875,0.6,0.307751328,0,1,0,non toxic,0
0.96875,0,0.739130435,0.12960251,2.05E-10,0.225185185,0,0,0.285714286,0.142857143,0,0.620689655,0.140298507,0.590909091,0.875,0.6,0.28584379,0,1,0,non toxic,0
0.96875,0,0.739130435,0.12960251,2.05E-09,0.225185185,0,0,0.285714286,0.142857143,0,0.620689655,0.014925373,0.590909091,0.875,0.6,0.326920415,0,1,0,non toxic,0
0.96875,0,0.739130435,0.12960251,2.05E-09,0.225185185,0,0,0.285714286,0.142857143,0,0.620689655,0.068656716,0.590909091,0.875,0.6,0.300905218,0,1,0,non toxic,0
0.96875,0,0.739130435,0.12960251,2.05E-09,0.225185185,0,0,0.285714286,0.142857143,0,0.620689655,0.140298507,0.590909091,0.875,0.6,0.273520801,0,1,0,non toxic,0
0.96875,0,0.739130435,0.12960251,2.05E-13,0.225185185,0,0,0.285714286,0.142857143,0,0.620689655,0.014925373,0.727272727,0.9375,0.8,0.33958572,0,1,0,non toxic,0
0.96875,0,0.739130435,0.12960251,2.05E-13,0.225185185,0,0,0.285714286,0.142857143,0,0.620689655,0.068656716,0.727272727,0.9375,0.8,0.33958572,0,1,0,non toxic,0
0.96875,0,0.739130435,0.12960251,2.05E-13,0.225185185,0,0,0.285714286,0.142857143,0,0.620689655,0.140298507,0.727272727,0.9375,0.8,0.338045337,0,1,0,non toxic,0
0.96875,0,0.739130435,0.12960251,2.05E-12,0.225185185,0,0,0.285714286,0.142857143,0,0.620689655,0.014925373,0.727272727,0.9375,0.8,0.342666464,0,1,0,non toxic,0
0.96875,0,0.739130435,0.12960251,2.05E-12,0.225185185,0,0,0.285714286,0.142857143,0,0.620689655,0.068656716,0.727272727,0.9375,0.8,0.330343465,0,1,0,non toxic,0
0.96875,0,0.739130435,0.12960251,2.05E-12,0.225185185,0,0,0.285714286,0.142857143,0,0.620689655,0.140298507,0.727272727,0.9375,0.8,0.32726272,0,1,0,non toxic,0
0.96875,0,0.739130435,0.12960251,2.05E-11,0.225185185,0,0,0.285714286,0.142857143,0,0.620689655,0.014925373,0.727272727,0.9375,0.8,0.325722359,0,1,0,non toxic,0
0.96875,0,0.739130435,0.12960251,2.05E-11,0.225185185,0,0,0.285714286,0.142857143,0,0.620689655,0.068656716,0.727272727,0.9375,0.8,0.316480104,0,1,0,non toxic,0
0.96875,0,0.739130435,0.12960251,2.05E-11,0.225185185,0,0,0.285714286,0.142857143,0,0.620689655,0.140298507,0.727272727,0.9375,0.8,0.311858998,0,1,0,non toxic,0
0.96875,0,0.739130435,0.12960251,2.05E-10,0.225185185,0,0,0.285714286,0.142857143,0,0.620689655,0.014925373,0.727272727,0.9375,0.8,0.324181976,0,1,0,non toxic,0
0.96875,0,0.739130435,0.12960251,2.05E-10,0.225185185,0,0,0.285714286,0.142857143,0,0.620689655,0.068656716,0.727272727,0.9375,0.8,0.311858998,0,1,0,non toxic,0
0.96875,0,0.739130435,0.12960251,2.05E-10,0.225185185,0,0,0.285714286,0.142857143,0,0.620689655,0.140298507,0.727272727,0.9375,0.8,0.288753382,0,1,0,non toxic,0
0.96875,0,0.739130435,0.12960251,2.05E-09,0.225185185,0,0,0.285714286,0.142857143,0,0.620689655,0.014925373,0.727272727,0.9375,0.8,0.325722359,0,1,0,non toxic,0
0.96875,0,0.739130435,0.12960251,2.05E-09,0.225185185,0,0,0.285714286,0.142857143,0,0.620689655,0.068656716,0.727272727,0.9375,0.8,0.294914871,0,1,0,non toxic,0
0.96875,0,0.739130435,0.12960251,2.05E-09,0.225185185,0,0,0.285714286,0.142857143,0,0.620689655,0.140298507,0.727272727,0.9375,0.8,0.267188149,0,1,0,non toxic,0
0.96875,0,0.739130435,0.05125523,6.00E-10,,0.7625,0,0.571428571,0.785714286,0,0.103448276,0.068656716,0.909090909,0.875,0.6,0.334933581,1,0,1,non toxic,0
0.96875,0,0.739130435,0.05125523,3.00E-09,,0.7625,0,0.571428571,0.785714286,0,0.103448276,0.068656716,0.909090909,0.875,0.6,0.37354171,1,0,1,non toxic,0
0.96875,0,0.739130435,0.05125523,6.00E-09,,0.7625,0,0.571428571,0.785714286,0,0.103448276,0.068656716,0.909090909,0.875,0.6,0.375524612,1,0,1,non toxic,0
0.96875,0,0.739130435,0.05125523,2.40E-08,,0.7625,0,0.571428571,0.785714286,0,0.103448276,0.068656716,0.909090909,0.875,0.6,0.434482169,1,0,1,non toxic,0
0.96875,0,0.739130435,0.05125523,4.80E-08,,0.7625,0,0.571428571,0.785714286,0,0.103448276,0.068656716,0.909090909,0.875,0.6,0.493430324,1,0,1,non toxic,0
0.96875,0,0.739130435,0.05125523,6.00E-10,,0.7625,0,0.571428571,0.785714286,0,0.103448276,0.068656716,0.409090909,0.375,0.2,0.177507891,1,0,1,toxic,1
0.96875,0,0.739130435,0.05125523,3.00E-09,,0.7625,0,0.571428571,0.785714286,0,0.103448276,0.068656716,0.409090909,0.375,0.2,0.172621738,1,0,1,toxic,1
0.96875,0,0.739130435,0.05125523,6.00E-09,,0.7625,0,0.571428571,0.785714286,0,0.103448276,0.068656716,0.409090909,0.375,0.2,0.166921727,1,0,1,toxic,1
0.96875,0,0.739130435,0.05125523,2.40E-08,,0.7625,0,0.571428571,0.785714286,0,0.103448276,0.068656716,0.409090909,0.375,0.2,0.167756686,1,0,1,toxic,1
0.96875,0,0.739130435,0.05125523,4.80E-08,,0.7625,0,0.571428571,0.785714286,0,0.103448276,0.068656716,0.409090909,0.375,0.2,0.173492865,1,0,1,toxic,1
0.96875,0,0.739130435,0.176778243,1.53E-11,,0.7625,0,0.571428571,0.785714286,0,0.103448276,0.068656716,0.909090909,0.875,0.6,0.357003419,1,0,1,non toxic,0
0.96875,0,0.739130435,0.176778243,7.63E-11,,0.7625,0,0.571428571,0.785714286,0,0.103448276,0.068656716,0.909090909,0.875,0.6,0.371193162,1,0,1,non toxic,0
0.96875,0,0.739130435,0.176778243,1.53E-10,,0.7625,0,0.571428571,0.785714286,0,0.103448276,0.068656716,0.909090909,0.875,0.6,0.385382908,1,0,1,non toxic,0
0.96875,0,0.739130435,0.176778243,6.10E-10,,0.7625,0,0.571428571,0.785714286,0,0.103448276,0.068656716,0.909090909,0.875,0.6,0.409754395,1,0,1,non toxic,0
0.96875,0,0.739130435,0.176778243,1.22E-09,,0.7625,0,0.571428571,0.785714286,0,0.103448276,0.068656716,0.909090909,0.875,0.6,0.444293574,1,0,1,non toxic,0
0.96875,0,0.739130435,0.176778243,1.53E-11,,0.7625,0,0.571428571,0.785714286,0,0.103448276,0.068656716,0.409090909,0.375,0.2,0.172721209,1,0,1,toxic,1
0.96875,0,0.739130435,0.176778243,7.63E-11,,0.7625,0,0.571428571,0.785714286,0,0.103448276,0.068656716,0.409090909,0.375,0.2,0.170288683,1,0,1,toxic,1
0.96875,0,0.739130435,0.176778243,1.53E-10,,0.7625,0,0.571428571,0.785714286,0,0.103448276,0.068656716,0.409090909,0.375,0.2,0.169489901,1,0,1,toxic,1
0.96875,0,0.739130435,0.176778243,6.10E-10,,0.7625,0,0.571428571,0.785714286,0,0.103448276,0.068656716,0.409090909,0.375,0.2,0.164606762,1,0,1,toxic,1
0.96875,0,0.739130435,0.176778243,1.22E-09,,0.7625,0,0.571428571,0.785714286,0,0.103448276,0.068656716,0.409090909,0.375,0.2,0.164624849,1,0,1,toxic,1
0.96875,0,0.739130435,0.119246862,1.31E-09,,0.1625,0,0.285714286,0.142857143,0,0.344827586,0.068656716,0.454545455,0.5,0.4,0.342666464,0,1,1,non toxic,0
0.96875,0,0.739130435,0.119246862,1.31E-09,,0.1625,0,0.285714286,0.142857143,0,0.344827586,0.068656716,0.454545455,0.0625,0.4,0.342666464,0,1,1,non toxic,0
0.96875,0,0.739130435,0.119246862,1.31E-09,,0.1625,0,0.285714286,0.142857143,0,0.344827586,0.068656716,0.409090909,0.375,0.2,0.343120412,0,1,1,non toxic,0
0.96875,0,0.739130435,0.119246862,1.31E-09,,0.1625,0,0.285714286,0.142857143,0,0.344827586,0.068656716,0.590909091,0.875,0.6,0.34142338,0,1,1,non toxic,0
0.96875,0,0.217391304,0.119246862,1.31E-09,,0.1625,0,0.285714286,0.142857143,0,0.344827586,0.068656716,0.454545455,0.5,0.4,0.343980067,0,1,1,non toxic,0
0.96875,0,0.217391304,0.119246862,1.31E-09,,0.1625,0,0.285714286,0.142857143,0,0.344827586,0.068656716,0.454545455,0.0625,0.4,0.342666464,0,1,1,non toxic,0
0.96875,0,0.217391304,0.119246862,1.31E-09,,0.1625,0,0.285714286,0.142857143,0,0.344827586,0.068656716,0.590909091,0.875,0.6,0.319523292,0,1,1,non toxic,0
0.96875,0,0.739130435,0.155857741,1.12E-12,,0.2375,1,0.285714286,0.285714286,0,0.620689655,0.008955224,0.545454545,0.875,0.6,0.32726272,0,0,0,non toxic,0
0.96875,0,0.739130435,0.155857741,4.56E-12,,0.2375,1,0.285714286,0.285714286,0,0.620689655,0.008955224,0.545454545,0.875,0.6,0.326451997,0,0,0,non toxic,0
0.96875,0,0.739130435,0.155857741,1.82E-11,,0.2375,1,0.285714286,0.285714286,0,0.620689655,0.008955224,0.545454545,0.875,0.6,0.326451997,0,0,0,non toxic,0
0.96875,0,0.739130435,0.155857741,7.42E-11,,0.2375,1,0.285714286,0.285714286,0,0.620689655,0.008955224,0.545454545,0.875,0.6,0.333748507,0,0,0,non toxic,0
0.96875,0,0.739130435,0.155857741,2.90E-10,,0.2375,1,0.285714286,0.285714286,0,0.620689655,0.008955224,0.545454545,0.875,0.6,0.326992486,0,0,0,non toxic,0
0.96875,0,0.739130435,0.155857741,1.20E-09,,0.2375,1,0.285714286,0.285714286,0,0.620689655,0.008955224,0.545454545,0.875,0.6,0.324830559,0,0,0,non toxic,0
0.96875,0,0.739130435,0.155857741,4.76E-09,,0.2375,1,0.285714286,0.285714286,0,0.620689655,0.008955224,0.545454545,0.875,0.6,0.318344763,0,0,0,non toxic,0
0.96875,0,0.739130435,0.155857741,1.90E-08,,0.2375,1,0.285714286,0.285714286,0,0.620689655,0.008955224,0.545454545,0.875,0.6,0.298346934,0,0,0,non toxic,0
0.96875,0,0.739130435,0.155857741,4.53E-08,,0.2375,1,0.285714286,0.285714286,0,0.620689655,0.008955224,0.545454545,0.875,0.6,0.279430063,0,0,0,non toxic,0
0.96875,0,0.739130435,0.155857741,1.12E-12,,0.2375,1,0.285714286,0.285714286,0,0.620689655,0.068656716,0.545454545,0.875,0.6,0.330775848,0,0,0,non toxic,0
0.96875,0,0.739130435,0.155857741,4.53E-12,,0.2375,1,0.285714286,0.285714286,0,0.620689655,0.068656716,0.545454545,0.875,0.6,0.330775848,0,0,0,non toxic,0
0.96875,0,0.739130435,0.155857741,1.80E-11,,0.2375,1,0.285714286,0.285714286,0,0.620689655,0.068656716,0.545454545,0.875,0.6,0.323209103,0,0,0,non toxic,0
0.96875,0,0.739130435,0.155857741,7.42E-11,,0.2375,1,0.285714286,0.285714286,0,0.620689655,0.068656716,0.545454545,0.875,0.6,0.328613933,0,0,0,non toxic,0
0.96875,0,0.739130435,0.155857741,2.95E-10,,0.2375,1,0.285714286,0.285714286,0,0.620689655,0.068656716,0.545454545,0.875,0.6,0.33023538,0,0,0,non toxic,0
0.96875,0,0.739130435,0.155857741,1.20E-09,,0.2375,1,0.285714286,0.285714286,0,0.620689655,0.068656716,0.545454545,0.875,0.6,0.314020912,0,0,0,non toxic,0
0.96875,0,0.739130435,0.155857741,4.76E-09,,0.2375,1,0.285714286,0.285714286,0,0.620689655,0.068656716,0.545454545,0.875,0.6,0.308616096,0,0,0,non toxic,0
0.96875,0,0.739130435,0.155857741,1.90E-08,,0.2375,1,0.285714286,0.285714286,0,0.620689655,0.068656716,0.545454545,0.875,0.6,0.278349105,0,0,0,non toxic,0
0.96875,0,0.739130435,0.155857741,4.53E-08,,0.2375,1,0.285714286,0.285714286,0,0.620689655,0.068656716,0.545454545,0.875,0.6,0.222679448,0,0,0,toxic,1
0.96875,0,0.739130435,0.011182008,7.47E-08,,0.4375,0,0.285714286,1,0,0.448275862,0.068656716,0.909090909,0.875,0.6,0.340732363,1,1,1,non toxic,0
0.96875,0,0.739130435,0.011182008,1.49E-07,,0.4375,0,0.285714286,1,0,0.448275862,0.068656716,0.909090909,0.875,0.6,0.329127753,1,1,1,non toxic,0
0.96875,0,0.739130435,0.011182008,2.99E-07,,0.4375,0,0.285714286,1,0,0.448275862,0.068656716,0.909090909,0.875,0.6,0.332995956,1,1,1,non toxic,0
0.96875,0,0.739130435,0.011182008,5.98E-07,,0.4375,0,0.285714286,1,0,0.448275862,0.068656716,0.909090909,0.875,0.6,0.327193652,1,1,1,non toxic,0
0.96875,0,0.739130435,0.011182008,1.20E-06,,0.4375,0,0.285714286,1,0,0.448275862,0.068656716,0.909090909,0.875,0.6,0.328160702,1,1,1,non toxic,0
0.96875,0,0.739130435,0.011182008,2.39E-06,,0.4375,0,0.285714286,1,0,0.448275862,0.068656716,0.909090909,0.875,0.6,0.328160702,1,1,1,non toxic,0
0.96875,0,0.739130435,0.011182008,4.78E-06,,0.4375,0,0.285714286,1,0,0.448275862,0.068656716,0.909090909,0.875,0.6,0.322358396,1,1,1,non toxic,0
0.96875,0,0.739130435,0.011182008,9.56E-06,,0.4375,0,0.285714286,1,0,0.448275862,0.068656716,0.909090909,0.875,0.6,0.306885585,1,1,1,non toxic,0
0.96875,0,0.739130435,0.011182008,1.91E-05,,0.4375,0,0.285714286,1,0,0.448275862,0.068656716,0.909090909,0.875,0.6,0.297215077,1,1,1,non toxic,0
0.96875,0,0.739130435,0.011182008,7.47E-08,,0.4875,0,0.714285714,0.142857143,0,0.448275862,0.068656716,0.909090909,0.875,0.6,0.342666464,1,1,1,non toxic,0
0.96875,0,0.739130435,0.011182008,1.49E-07,,0.4875,0,0.714285714,0.142857143,0,0.448275862,0.068656716,0.909090909,0.875,0.6,0.342666464,1,1,1,non toxic,0
0.96875,0,0.739130435,0.011182008,2.99E-07,,0.4875,0,0.714285714,0.142857143,0,0.448275862,0.068656716,0.909090909,0.875,0.6,0.336864159,1,1,1,non toxic,0
0.96875,0,0.739130435,0.011182008,5.98E-07,,0.4875,0,0.714285714,0.142857143,0,0.448275862,0.068656716,0.909090909,0.875,0.6,0.342666464,1,1,1,non toxic,0
0.96875,0,0.739130435,0.011182008,1.20E-06,,0.4875,0,0.714285714,0.142857143,0,0.448275862,0.068656716,0.909090909,0.875,0.6,0.342666464,1,1,1,non toxic,0
0.96875,0,0.739130435,0.011182008,2.39E-06,,0.4875,0,0.714285714,0.142857143,0,0.448275862,0.068656716,0.909090909,0.875,0.6,0.342666464,1,1,1,non toxic,0
0.96875,0,0.739130435,0.011182008,4.78E-06,,0.4875,0,0.714285714,0.142857143,0,0.448275862,0.068656716,0.909090909,0.875,0.6,0.33783121,1,1,1,non toxic,0
0.96875,0,0.739130435,0.011182008,9.56E-06,,0.4875,0,0.714285714,0.142857143,0,0.448275862,0.068656716,0.909090909,0.875,0.6,0.2595001,1,1,1,non toxic,0
0.96875,0,0.739130435,0.011182008,1.91E-05,,0.4875,0,0.714285714,0.142857143,0,0.448275862,0.068656716,0.909090909,0.875,0.6,0.193740631,1,1,1,toxic,1
0.96875,0,0.739130435,0.048985356,1.09E-09,,0.4375,0,0.285714286,1,0,0.448275862,0.068656716,0.909090909,0.875,0.6,0.342666464,1,1,1,non toxic,0
0.96875,0,0.739130435,0.048985356,2.18E-09,,0.4375,0,0.285714286,1,0,0.448275862,0.068656716,0.909090909,0.875,0.6,0.341699414,1,1,1,non toxic,0
0.96875,0,0.739130435,0.048985356,4.36E-09,,0.4375,0,0.285714286,1,0,0.448275862,0.068656716,0.909090909,0.875,0.6,0.331061854,1,1,1,non toxic,0
0.96875,0,0.739130435,0.048985356,8.72E-09,,0.4375,0,0.285714286,1,0,0.448275862,0.068656716,0.909090909,0.875,0.6,0.330094804,1,1,1,non toxic,0
0.96875,0,0.739130435,0.048985356,1.74E-08,,0.4375,0,0.285714286,1,0,0.448275862,0.068656716,0.909090909,0.875,0.6,0.331061854,1,1,1,non toxic,0
0.96875,0,0.739130435,0.048985356,3.49E-08,,0.4375,0,0.285714286,1,0,0.448275862,0.068656716,0.909090909,0.875,0.6,0.328160702,1,1,1,non toxic,0
0.96875,0,0.739130435,0.048985356,6.98E-08,,0.4375,0,0.285714286,1,0,0.448275862,0.068656716,0.909090909,0.875,0.6,0.326226601,1,1,1,non toxic,0
0.96875,0,0.739130435,0.048985356,1.40E-07,,0.4375,0,0.285714286,1,0,0.448275862,0.068656716,0.909090909,0.875,0.6,0.321391346,1,1,1,non toxic,0
0.96875,0,0.739130435,0.048985356,2.79E-07,,0.4375,0,0.285714286,1,0,0.448275862,0.068656716,0.909090909,0.875,0.6,0.320424296,1,1,1,non toxic,0
0.96875,0,0.739130435,0.048985356,1.09E-09,,0.4875,0,0.714285714,0.142857143,0,0.448275862,0.068656716,0.909090909,0.875,0.6,0.342666464,1,1,1,non toxic,0
0.96875,0,0.739130435,0.048985356,2.18E-09,,0.4875,0,0.714285714,0.142857143,0,0.448275862,0.068656716,0.909090909,0.875,0.6,0.342666464,1,1,1,non toxic,0
0.96875,0,0.739130435,0.048985356,4.36E-09,,0.4875,0,0.714285714,0.142857143,0,0.448275862,0.068656716,0.909090909,0.875,0.6,0.342666464,1,1,1,non toxic,0
0.96875,0,0.739130435,0.048985356,8.72E-09,,0.4875,0,0.714285714,0.142857143,0,0.448275862,0.068656716,0.909090909,0.875,0.6,0.342666464,1,1,1,non toxic,0
0.96875,0,0.739130435,0.048985356,1.74E-08,,0.4875,0,0.714285714,0.142857143,0,0.448275862,0.068656716,0.909090909,0.875,0.6,0.342666464,1,1,1,non toxic,0
0.96875,0,0.739130435,0.048985356,3.49E-08,,0.4875,0,0.714285714,0.142857143,0,0.448275862,0.068656716,0.909090909,0.875,0.6,0.342666464,1,1,1,non toxic,0
0.96875,0,0.739130435,0.048985356,6.98E-08,,0.4875,0,0.714285714,0.142857143,0,0.448275862,0.068656716,0.909090909,0.875,0.6,0.327193652,1,1,1,non toxic,0
0.96875,0,0.739130435,0.048985356,1.40E-07,,0.4875,0,0.714285714,0.142857143,0,0.448275862,0.068656716,0.909090909,0.875,0.6,0.321391346,1,1,1,non toxic,0
0.96875,0,0.739130435,0.048985356,2.79E-07,,0.4875,0,0.714285714,0.142857143,0,0.448275862,0.068656716,0.909090909,0.875,0.6,0.286577519,1,1,1,non toxic,0
0.96875,0,1,0.127615063,2.69E-09,,0.35,0,0.285714286,0,1,0.620689655,0.005970149,0.545454545,0.875,0.6,0.329723982,0,0,0,non toxic,0
0.96875,0,1,0.127615063,2.69E-09,,0.35,0,0.285714286,0,1,0.620689655,0.068656716,0.545454545,0.875,0.6,0.284436992,0,0,0,non toxic,0
0.96875,0,1,0.127615063,2.69E-09,,0.35,0,0.285714286,0,1,0.620689655,0.140298507,0.545454545,0.875,0.6,0.319824354,0,0,0,non toxic,0
0.96875,0,1,0.127615063,2.69E-09,,0.35,0,0.285714286,0,1,0.620689655,0.211940299,0.545454545,0.875,0.6,0.321727151,0,0,0,non toxic,0
0.96875,0,1,0.127615063,2.69E-09,,0.35,0,0.285714286,0,1,0.620689655,0.005970149,0,0.6875,0,0.358300654,0,0,0,non toxic,0
0.96875,0,1,0.127615063,2.69E-09,,0.35,0,0.285714286,0,1,0.620689655,0.068656716,0,0.6875,0,0.240120641,0,0,0,non toxic,0
0.96875,0,1,0.127615063,2.69E-09,,0.35,0,0.285714286,0,1,0.620689655,0.140298507,0,0.6875,0,0.275457208,0,0,0,non toxic,0
0.96875,0,1,0.127615063,2.69E-09,,0.35,0,0.285714286,0,1,0.620689655,0.211940299,0,0.6875,0,0.254558254,0,0,0,non toxic,0
0.96875,0,0.804347826,0.197698745,7.29E-10,,0.35,0,0.285714286,0,1,0.620689655,0.005970149,0.545454545,0.875,0.6,0.344731874,0,0,0,non toxic,0
0.96875,0,0.804347826,0.197698745,7.29E-10,,0.35,0,0.285714286,0,1,0.620689655,0.068656716,0.545454545,0.875,0.6,0.314601289,0,0,0,non toxic,0
0.96875,0,0.804347826,0.197698745,7.29E-10,,0.35,0,0.285714286,0,1,0.620689655,0.140298507,0.545454545,0.875,0.6,0.290302434,0,0,0,non toxic,0
0.96875,0,0.804347826,0.197698745,7.29E-10,,0.35,0,0.285714286,0,1,0.620689655,0.211940299,0.545454545,0.875,0.6,0.271835305,0,0,0,non toxic,0
0.96875,0,0.804347826,0.197698745,7.29E-10,,0.35,0,0.285714286,0,1,0.620689655,0.005970149,0,0.6875,0,0.403274625,0,0,0,non toxic,0
0.96875,0,0.804347826,0.197698745,7.29E-10,,0.35,0,0.285714286,0,1,0.620689655,0.068656716,0,0.6875,0,0.246539082,0,0,0,non toxic,0
0.96875,0,0.804347826,0.197698745,7.29E-10,,0.35,0,0.285714286,0,1,0.620689655,0.140298507,0,0.6875,0,0.297280814,0,0,0,non toxic,0
0.96875,0,0.804347826,0.197698745,7.29E-10,,0.35,0,0.285714286,0,1,0.620689655,0.211940299,0,0.6875,0,0.301791182,0,0,0,non toxic,0
0.96875,0,0.804347826,0.057531381,2.85E-08,,0.35,0,0.285714286,0,1,0.620689655,0.005970149,0.545454545,0.875,0.6,0.385553933,0,0,0,non toxic,0
0.96875,0,0.804347826,0.057531381,2.85E-08,,0.35,0,0.285714286,0,1,0.620689655,0.068656716,0.545454545,0.875,0.6,0.310713474,0,0,0,non toxic,0
0.96875,0,0.804347826,0.057531381,2.85E-08,,0.35,0,0.285714286,0,1,0.620689655,0.140298507,0.545454545,0.875,0.6,0.285442665,0,0,0,non toxic,0
0.96875,0,0.804347826,0.057531381,2.85E-08,,0.35,0,0.285714286,0,1,0.620689655,0.211940299,0.545454545,0.875,0.6,0.260171857,0,0,0,non toxic,0
0.96875,0,0.804347826,0.057531381,2.85E-08,,0.35,0,0.285714286,0,1,0.620689655,0.005970149,0,0.6875,0,0.349150138,0,0,0,non toxic,0
0.96875,0,0.804347826,0.057531381,2.85E-08,,0.35,0,0.285714286,0,1,0.620689655,0.068656716,0,0.6875,0,0.237518334,0,0,0,non toxic,0
0.96875,0,0.804347826,0.057531381,2.85E-08,,0.35,0,0.285714286,0,1,0.620689655,0.140298507,0,0.6875,0,0.252177053,0,0,0,non toxic,0
0.96875,0,0.804347826,0.057531381,2.85E-08,,0.35,0,0.285714286,0,1,0.620689655,0.211940299,0,0.6875,0,0.263452996,0,0,0,non toxic,0
0.96875,0,0.739130435,0.035564854,5.83E-08,,0.0125,0,0.285714286,0.142857143,0,0.517241379,0.008955224,0.954545455,0.875,0.6,0.314763317,0,0,0,non toxic,0
0.96875,0,0.739130435,0.035564854,1.17E-07,,0.0125,0,0.285714286,0.142857143,0,0.517241379,0.008955224,0.954545455,0.875,0.6,0.29687308,0,0,0,non toxic,0
0.96875,0,0.739130435,0.035564854,2.33E-07,,0.0125,0,0.285714286,0.142857143,0,0.517241379,0.008955224,0.954545455,0.875,0.6,0.291762085,0,0,0,non toxic,0
0.96875,0,0.739130435,0.035564854,3.50E-07,,0.0125,0,0.285714286,0.142857143,0,0.517241379,0.008955224,0.954545455,0.875,0.6,0.274940246,0,0,0,non toxic,0
0.96875,0,0.739130435,0.035564854,5.83E-08,,0.0125,0,0.285714286,0.142857143,0,0.517241379,0.008955224,0,0.6875,0,0.314025139,0,0,0,non toxic,0
0.96875,0,0.739130435,0.035564854,1.17E-07,,0.0125,0,0.285714286,0.142857143,0,0.517241379,0.008955224,0,0.6875,0,0.296334909,0,0,0,non toxic,0
0.96875,0,0.739130435,0.035564854,2.33E-07,,0.0125,0,0.285714286,0.142857143,0,0.517241379,0.008955224,0,0.6875,0,0.276959895,0,0,0,non toxic,0
0.96875,0,0.739130435,0.035564854,3.50E-07,,0.0125,0,0.285714286,0.142857143,0,0.517241379,0.008955224,0,0.6875,0,0.249160961,0,0,0,non toxic,0
0.96875,0,0.739130435,0.103556485,1.25E-09,,0.5125,1,0.285714286,0.5,0,0.103448276,0.005970149,0.590909091,0.875,0.6,0.247779439,0,0,0,non toxic,0
0.96875,0,0.739130435,0.103556485,2.50E-09,,0.5125,1,0.285714286,0.5,0,0.103448276,0.005970149,0.590909091,0.875,0.6,0.273657718,0,0,0,non toxic,0
0.96875,0,0.739130435,0.103556485,5.00E-09,,0.5125,1,0.285714286,0.5,0,0.103448276,0.005970149,0.590909091,0.875,0.6,0.260718579,0,0,0,non toxic,0
0.96875,0,0.739130435,0.103556485,1.25E-09,,0.5125,1,0.285714286,0.5,0,0.103448276,0.005970149,0.909090909,0.875,0.6,0.282283812,0,0,0,non toxic,0
0.96875,0,0.739130435,0.103556485,2.50E-09,,0.5125,1,0.285714286,0.5,0,0.103448276,0.005970149,0.909090909,0.875,0.6,0.258562055,0,0,0,non toxic,0
0.96875,0,0.739130435,0.103556485,5.00E-09,,0.5125,1,0.285714286,0.5,0,0.103448276,0.005970149,0.909090909,0.875,0.6,0.247779439,0,0,0,non toxic,0
0.96875,0,0.739130435,0.103556485,1.25E-09,,0.5125,1,0.285714286,0.5,0,0.103448276,0.005970149,0.454545455,1,0.4,0.325694917,0,0,0,non toxic,0
0.96875,0,0.739130435,0.103556485,2.50E-09,,0.5125,1,0.285714286,0.5,0,0.103448276,0.005970149,0.454545455,1,0.4,0.318127752,0,0,0,non toxic,0
0.96875,0,0.739130435,0.103556485,5.00E-09,,0.5125,1,0.285714286,0.5,0,0.103448276,0.005970149,0.454545455,1,0.4,0.327424869,0,0,0,non toxic,0
0.96875,0,0.739130435,0.103556485,1.25E-09,,0.5125,1,0.285714286,0.5,0,0.103448276,0.005970149,0.727272727,0.9375,0.8,0.359918651,0,0,0,non toxic,0
0.96875,0,0.739130435,0.103556485,2.50E-09,,0.5125,1,0.285714286,0.5,0,0.103448276,0.005970149,0.727272727,0.9375,0.8,0.396579547,0,0,0,non toxic,0
0.96875,0,0.739130435,0.103556485,5.00E-09,,0.5125,1,0.285714286,0.5,0,0.103448276,0.005970149,0.727272727,0.9375,0.8,0.342666464,0,0,0,non toxic,0
0.96875,0,0.739130435,0.103556485,1.25E-09,,0.5125,1,0.285714286,0.5,0,0.103448276,0.005970149,0.818181818,0,0.6,0.310728354,0,0,0,non toxic,0
0.96875,0,0.739130435,0.103556485,2.50E-09,,0.5125,1,0.285714286,0.5,0,0.103448276,0.005970149,0.818181818,0,0.6,0.302727653,0,0,0,non toxic,0
0.96875,0,0.739130435,0.103556485,5.00E-09,,0.5125,1,0.285714286,0.5,0,0.103448276,0.005970149,0.818181818,0,0.6,0.326686627,0,0,0,non toxic,0
0.96875,0,0.739130435,0.038702929,9.11E-10,,0.275,1,0.285714286,0,0,0.034482759,0.068656716,0.181818182,0.25,1,0.316396094,0,0,0,non toxic,0
0.96875,0,0.739130435,0.038702929,4.55E-09,,0.275,1,0.285714286,0,0,0.034482759,0.068656716,0.181818182,0.25,1,0.321101231,0,0,0,non toxic,0
0.96875,0,0.739130435,0.038702929,9.11E-09,,0.275,1,0.285714286,0,0,0.034482759,0.068656716,0.181818182,0.25,1,0.321101231,0,0,0,non toxic,0
0.96875,0,0.739130435,0.038702929,1.82E-08,,0.275,1,0.285714286,0,0,0.034482759,0.068656716,0.181818182,0.25,1,0.30933838,0,0,0,non toxic,0
0.96875,0,0.739130435,0.038702929,4.55E-08,,0.275,1,0.285714286,0,0,0.034482759,0.068656716,0.181818182,0.25,1,0.343450662,0,0,0,non toxic,0
0.96875,0,0.739130435,0.038702929,9.11E-08,,0.275,1,0.285714286,0,0,0.034482759,0.068656716,0.181818182,0.25,1,0.317572383,0,0,0,non toxic,0
0.96875,0,0.739130435,0.038702929,9.11E-10,,0.275,1,0.285714286,0,0,0.034482759,0.068656716,0.363636364,0.375,0.2,0.339921792,0,0,0,non toxic,0
0.96875,0,0.739130435,0.038702929,4.55E-09,,0.275,1,0.285714286,0,0,0.034482759,0.068656716,0.363636364,0.375,0.2,0.33756922,0,0,0,non toxic,0
0.96875,0,0.739130435,0.038702929,9.11E-09,,0.275,1,0.285714286,0,0,0.034482759,0.068656716,0.363636364,0.375,0.2,0.334040371,0,0,0,non toxic,0
0.96875,0,0.739130435,0.038702929,1.82E-08,,0.275,1,0.285714286,0,0,0.034482759,0.068656716,0.363636364,0.375,0.2,0.32463008,0,0,0,non toxic,0
0.96875,0,0.739130435,0.038702929,4.55E-08,,0.275,1,0.285714286,0,0,0.034482759,0.068656716,0.363636364,0.375,0.2,0.343450662,0,0,0,non toxic,0
0.96875,0,0.739130435,0.038702929,9.11E-08,,0.275,1,0.285714286,0,0,0.034482759,0.068656716,0.363636364,0.375,0.2,0.349332084,0,0,0,non toxic,0
0.96875,0,0.739130435,0.038702929,9.11E-10,,0.275,1,0.285714286,0,0,0.034482759,0.068656716,0.318181818,0.6875,0,0.350508359,0,0,0,non toxic,0
0.96875,0,0.739130435,0.038702929,4.55E-09,,0.275,1,0.285714286,0,0,0.034482759,0.068656716,0.318181818,0.6875,0,0.336392944,0,0,0,non toxic,0
0.96875,0,0.739130435,0.038702929,9.11E-09,,0.275,1,0.285714286,0,0,0.034482759,0.068656716,0.318181818,0.6875,0,0.332864082,0,0,0,non toxic,0
0.96875,0,0.739130435,0.038702929,1.82E-08,,0.275,1,0.285714286,0,0,0.034482759,0.068656716,0.318181818,0.6875,0,0.32463008,0,0,0,non toxic,0
0.96875,0,0.739130435,0.038702929,4.55E-08,,0.275,1,0.285714286,0,0,0.034482759,0.068656716,0.318181818,0.6875,0,0.30228067,0,0,0,non toxic,0
0.96875,0,0.739130435,0.038702929,9.11E-08,,0.275,1,0.285714286,0,0,0.034482759,0.068656716,0.318181818,0.6875,0,0.299928089,0,0,0,non toxic,0
0.96875,0,0.739130435,0.038702929,9.11E-10,,0.375,1,0.285714286,0,1,0.689655172,0.068656716,0.181818182,0.25,1,0.316396094,0,0,0,non toxic,0
0.96875,0,0.739130435,0.038702929,4.55E-09,,0.375,1,0.285714286,0,1,0.689655172,0.068656716,0.181818182,0.25,1,0.319924943,0,0,0,non toxic,0
0.96875,0,0.739130435,0.038702929,9.11E-09,,0.375,1,0.285714286,0,1,0.689655172,0.068656716,0.181818182,0.25,1,0.318748658,0,0,0,non toxic,0
0.96875,0,0.739130435,0.038702929,1.82E-08,,0.375,1,0.285714286,0,1,0.689655172,0.068656716,0.181818182,0.25,1,0.318748658,0,0,0,non toxic,0
0.96875,0,0.739130435,0.038702929,4.55E-08,,0.375,1,0.285714286,0,1,0.689655172,0.068656716,0.181818182,0.25,1,0.336392944,0,0,0,non toxic,0
0.96875,0,0.739130435,0.038702929,9.11E-08,,0.375,1,0.285714286,0,1,0.689655172,0.068656716,0.181818182,0.25,1,0.317572383,0,0,0,non toxic,0
0.96875,0,0.739130435,0.038702929,9.11E-10,,0.375,1,0.285714286,0,1,0.689655172,0.068656716,0.363636364,0.375,0.2,0.342274374,0,0,0,non toxic,0
0.96875,0,0.739130435,0.038702929,4.55E-09,,0.375,1,0.285714286,0,1,0.689655172,0.068656716,0.363636364,0.375,0.2,0.339921792,0,0,0,non toxic,0
0.96875,0,0.739130435,0.038702929,9.11E-09,,0.375,1,0.285714286,0,1,0.689655172,0.068656716,0.363636364,0.375,0.2,0.332864082,0,0,0,non toxic,0
0.96875,0,0.739130435,0.038702929,1.82E-08,,0.375,1,0.285714286,0,1,0.689655172,0.068656716,0.363636364,0.375,0.2,0.323453804,0,0,0,non toxic,0
0.96875,0,0.739130435,0.038702929,4.55E-08,,0.375,1,0.285714286,0,1,0.689655172,0.068656716,0.363636364,0.375,0.2,0.343450662,0,0,0,non toxic,0
0.96875,0,0.739130435,0.038702929,9.11E-08,,0.375,1,0.285714286,0,1,0.689655172,0.068656716,0.363636364,0.375,0.2,0.338745508,0,0,0,non toxic,0
0.96875,0,0.739130435,0.038702929,9.11E-10,,0.375,1,0.285714286,0,1,0.689655172,0.068656716,0.318181818,0.6875,0,0.342274374,0,0,0,non toxic,0
0.96875,0,0.739130435,0.038702929,4.55E-09,,0.375,1,0.285714286,0,1,0.689655172,0.068656716,0.318181818,0.6875,0,0.339921792,0,0,0,non toxic,0
0.96875,0,0.739130435,0.038702929,9.11E-09,,0.375,1,0.285714286,0,1,0.689655172,0.068656716,0.318181818,0.6875,0,0.331687798,0,0,0,non toxic,0
0.96875,0,0.739130435,0.038702929,1.82E-08,,0.375,1,0.285714286,0,1,0.689655172,0.068656716,0.318181818,0.6875,0,0.32463008,0,0,0,non toxic,0
0.96875,0,0.739130435,0.038702929,4.55E-08,,0.375,1,0.285714286,0,1,0.689655172,0.068656716,0.318181818,0.6875,0,0.30228067,0,0,0,non toxic,0
0.96875,0,0.739130435,0.038702929,9.11E-08,,0.375,1,0.285714286,0,1,0.689655172,0.068656716,0.318181818,0.6875,0,0.2987518,0,0,0,non toxic,0
0.96875,0,0.739130435,0.439016736,1.34E-11,0.281777778,0.025,0,0.285714286,0.142857143,0,1,0.005970149,0.545454545,0.875,0.6,0.384329977,0,0,0,non toxic,0
0.96875,0,0.739130435,0.439016736,1.34E-11,0.281777778,0.025,0,0.285714286,0.142857143,0,1,0.014925373,0.545454545,0.875,0.6,0.336542348,0,0,0,non toxic,0
0.96875,0,0.739130435,0.439016736,1.34E-11,0.281777778,0.025,0,0.285714286,0.142857143,0,1,0.068656716,0.545454545,0.875,0.6,0.367973201,0,0,0,non toxic,0
0.96875,0,0.739130435,0.439016736,2.69E-11,0.281777778,0.025,0,0.285714286,0.142857143,0,1,0.005970149,0.545454545,0.875,0.6,0.386010965,0,0,0,non toxic,0
0.96875,0,0.739130435,0.439016736,2.69E-11,0.281777778,0.025,0,0.285714286,0.142857143,0,1,0.014925373,0.545454545,0.875,0.6,0.347191044,0,0,0,non toxic,0
0.96875,0,0.739130435,0.439016736,2.69E-11,0.281777778,0.025,0,0.285714286,0.142857143,0,1,0.068656716,0.545454545,0.875,0.6,0.371145166,0,0,0,non toxic,0
0.96875,0,0.739130435,0.439016736,4.03E-11,0.281777778,0.025,0,0.285714286,0.142857143,0,1,0.005970149,0.545454545,0.875,0.6,0.377229624,0,0,0,non toxic,0
0.96875,0,0.739130435,0.439016736,4.03E-11,0.281777778,0.025,0,0.285714286,0.142857143,0,1,0.014925373,0.545454545,0.875,0.6,0.356348785,0,0,0,non toxic,0
0.96875,0,0.739130435,0.439016736,4.03E-11,0.281777778,0.025,0,0.285714286,0.142857143,0,1,0.068656716,0.545454545,0.875,0.6,0.357883604,0,0,0,non toxic,0
0.96875,0,0.739130435,0.439016736,5.37E-11,0.281777778,0.025,0,0.285714286,0.142857143,0,1,0.005970149,0.545454545,0.875,0.6,0.386387365,0,0,0,non toxic,0
0.96875,0,0.739130435,0.439016736,5.37E-11,0.281777778,0.025,0,0.285714286,0.142857143,0,1,0.014925373,0.545454545,0.875,0.6,0.359517106,0,0,0,non toxic,0
0.96875,0,0.739130435,0.439016736,5.37E-11,0.281777778,0.025,0,0.285714286,0.142857143,0,1,0.068656716,0.545454545,0.875,0.6,0.37151791,0,0,0,non toxic,0
0.96875,0,0.739130435,0.439016736,6.71E-11,0.281777778,0.025,0,0.285714286,0.142857143,0,1,0.005970149,0.545454545,0.875,0.6,0.376107745,0,0,0,non toxic,0
0.96875,0,0.739130435,0.439016736,6.71E-11,0.281777778,0.025,0,0.285714286,0.142857143,0,1,0.014925373,0.545454545,0.875,0.6,0.376147934,0,0,0,non toxic,0
0.96875,0,0.739130435,0.439016736,6.71E-11,0.281777778,0.025,0,0.285714286,0.142857143,0,1,0.068656716,0.545454545,0.875,0.6,0.386650482,0,0,0,non toxic,0
0.96875,0,0.739130435,0.439016736,8.06E-11,0.281777778,0.025,0,0.285714286,0.142857143,0,1,0.005970149,0.545454545,0.875,0.6,0.394225896,0,0,0,non toxic,0
0.96875,0,0.739130435,0.439016736,8.06E-11,0.281777778,0.025,0,0.285714286,0.142857143,0,1,0.014925373,0.545454545,0.875,0.6,0.382316431,0,0,0,non toxic,0
0.96875,0,0.739130435,0.439016736,8.06E-11,0.281777778,0.025,0,0.285714286,0.142857143,0,1,0.068656716,0.545454545,0.875,0.6,0.39281898,0,0,0,non toxic,0
0.96875,0,0.739130435,0.439016736,1.01E-10,0.281777778,0.025,0,0.285714286,0.142857143,0,1,0.005970149,0.545454545,0.875,0.6,0.360043319,0,0,0,non toxic,0
0.96875,0,0.739130435,0.439016736,1.01E-10,0.281777778,0.025,0,0.285714286,0.142857143,0,1,0.014925373,0.545454545,0.875,0.6,0.401929234,0,0,0,non toxic,0
0.96875,0,0.739130435,0.439016736,1.01E-10,0.281777778,0.025,0,0.285714286,0.142857143,0,1,0.068656716,0.545454545,0.875,0.6,0.342184624,0,0,0,non toxic,0
0.96875,0,0.739130435,0.166841004,2.42E-10,0.14962963,0.025,0,0.285714286,0.142857143,0,1,0.005970149,0.545454545,0.875,0.6,0.353017776,0,0,0,non toxic,0
0.96875,0,0.739130435,0.166841004,2.42E-10,0.14962963,0.025,0,0.285714286,0.142857143,0,1,0.014925373,0.545454545,0.875,0.6,0.418576085,0,0,0,non toxic,0
0.96875,0,0.739130435,0.166841004,2.42E-10,0.14962963,0.025,0,0.285714286,0.142857143,0,1,0.068656716,0.545454545,0.875,0.6,0.359918651,0,0,0,non toxic,0
0.96875,0,0.739130435,0.166841004,4.84E-10,0.14962963,0.025,0,0.285714286,0.142857143,0,1,0.005970149,0.545454545,0.875,0.6,0.349567339,0,0,0,non toxic,0
0.96875,0,0.739130435,0.166841004,4.84E-10,0.14962963,0.025,0,0.285714286,0.142857143,0,1,0.014925373,0.545454545,0.875,0.6,0.41167521,0,0,0,non toxic,0
0.96875,0,0.739130435,0.166841004,4.84E-10,0.14962963,0.025,0,0.285714286,0.142857143,0,1,0.068656716,0.545454545,0.875,0.6,0.365094307,0,0,0,non toxic,0
0.96875,0,0.739130435,0.166841004,7.25E-10,0.14962963,0.025,0,0.285714286,0.142857143,0,1,0.005970149,0.545454545,0.875,0.6,0.351292558,0,0,0,non toxic,0
0.96875,0,0.739130435,0.166841004,7.25E-10,0.14962963,0.025,0,0.285714286,0.142857143,0,1,0.014925373,0.545454545,0.875,0.6,0.416850866,0,0,0,non toxic,0
0.96875,0,0.739130435,0.166841004,7.25E-10,0.14962963,0.025,0,0.285714286,0.142857143,0,1,0.068656716,0.545454545,0.875,0.6,0.363369088,0,0,0,non toxic,0
0.96875,0,0.739130435,0.166841004,9.67E-10,0.14962963,0.025,0,0.285714286,0.142857143,0,1,0.005970149,0.545454545,0.875,0.6,0.358193432,0,0,0,non toxic,0
0.96875,0,0.739130435,0.166841004,9.67E-10,0.14962963,0.025,0,0.285714286,0.142857143,0,1,0.014925373,0.545454545,0.875,0.6,0.404774336,0,0,0,non toxic,0
0.96875,0,0.739130435,0.166841004,9.67E-10,0.14962963,0.025,0,0.285714286,0.142857143,0,1,0.068656716,0.545454545,0.875,0.6,0.382346493,0,0,0,non toxic,0
0.96875,0,0.739130435,0.166841004,1.21E-09,0.14962963,0.025,0,0.285714286,0.142857143,0,1,0.005970149,0.545454545,0.875,0.6,0.339216027,0,0,0,non toxic,0
0.96875,0,0.739130435,0.166841004,1.21E-09,0.14962963,0.025,0,0.285714286,0.142857143,0,1,0.014925373,0.545454545,0.875,0.6,0.427202178,0,0,0,non toxic,0
0.96875,0,0.739130435,0.166841004,1.21E-09,0.14962963,0.025,0,0.285714286,0.142857143,0,1,0.068656716,0.545454545,0.875,0.6,0.382346493,0,0,0,non toxic,0
0.96875,0,0.739130435,0.166841004,1.45E-09,0.14962963,0.025,0,0.285714286,0.142857143,0,1,0.005970149,0.545454545,0.875,0.6,0.330589934,0,0,0,non toxic,0
0.96875,0,0.739130435,0.166841004,1.45E-09,0.14962963,0.025,0,0.285714286,0.142857143,0,1,0.014925373,0.545454545,0.875,0.6,0.418576085,0,0,0,non toxic,0
0.96875,0,0.739130435,0.166841004,1.45E-09,0.14962963,0.025,0,0.285714286,0.142857143,0,1,0.068656716,0.545454545,0.875,0.6,0.394423024,0,0,0,non toxic,0
0.96875,0,0.739130435,0.166841004,1.81E-09,0.14962963,0.025,0,0.285714286,0.142857143,0,1,0.005970149,0.545454545,0.875,0.6,0.346116902,0,0,0,non toxic,0
0.96875,0,0.739130435,0.166841004,1.81E-09,0.14962963,0.025,0,0.285714286,0.142857143,0,1,0.014925373,0.545454545,0.875,0.6,0.403049117,0,0,0,non toxic,0
0.96875,0,0.739130435,0.166841004,1.81E-09,0.14962963,0.025,0,0.285714286,0.142857143,0,1,0.068656716,0.545454545,0.875,0.6,0.366819525,0,0,0,non toxic,0
0.9375,0,0.739130435,0.035564854,1.11E-19,,0.7625,0,0.571428571,0.785714286,0,0.103448276,0.068656716,0.136363636,0,0.6,0.332632959,0,0,0,non toxic,0
0.9375,0,0.739130435,0.035564854,1.11E-19,,0.7625,0,0.571428571,0.785714286,0,0.103448276,0.28358209,0.136363636,0,0.6,0.325030309,0,0,0,non toxic,0
0.9375,0,0.739130435,0.035564854,0,,0.7625,0,0.571428571,0.785714286,0,0.103448276,0.068656716,0.454545455,0.125,0.4,0.311508865,0,0,0,non toxic,0
0.9375,0,0.739130435,0.035564854,9.96E-24,,0.7625,0,0.571428571,0.785714286,0,0.103448276,0.068656716,0.454545455,0.125,0.4,0.31358744,0,0,0,non toxic,0
0.9375,0,0.739130435,0.035564854,1.10E-22,,0.7625,0,0.571428571,0.785714286,0,0.103448276,0.068656716,0.454545455,0.125,0.4,0.30901146,0,0,0,non toxic,0
0.9375,0,0.739130435,0.035564854,1.11E-21,,0.7625,0,0.571428571,0.785714286,0,0.103448276,0.068656716,0.454545455,0.125,0.4,0.309761671,0,0,0,non toxic,0
0.9375,0,0.739130435,0.035564854,1.11E-20,,0.7625,0,0.571428571,0.785714286,0,0.103448276,0.068656716,0.454545455,0.125,0.4,0.320495852,0,0,0,non toxic,0
0.9375,0,0.739130435,0.035564854,1.11E-19,,0.7625,0,0.571428571,0.785714286,0,0.103448276,0.068656716,0.454545455,0.125,0.4,0.337217588,0,0,0,non toxic,0
0.9375,0,0.739130435,0.035564854,1.11E-18,,0.7625,0,0.571428571,0.785714286,0,0.103448276,0.068656716,0.454545455,0.125,0.4,0.361927905,0,0,0,non toxic,0
0.9375,0,0.739130435,0.035564854,0,,0.7625,0,0.571428571,0.785714286,0,0.103448276,0.28358209,0.454545455,0.125,0.4,0.325017176,0,0,0,non toxic,0
0.9375,0,0.739130435,0.035564854,9.96E-24,,0.7625,0,0.571428571,0.785714286,0,0.103448276,0.28358209,0.454545455,0.125,0.4,0.302404015,0,0,0,non toxic,0
0.9375,0,0.739130435,0.035564854,1.10E-22,,0.7625,0,0.571428571,0.785714286,0,0.103448276,0.28358209,0.454545455,0.125,0.4,0.298543221,0,0,0,non toxic,0
0.9375,0,0.739130435,0.035564854,1.11E-21,,0.7625,0,0.571428571,0.785714286,0,0.103448276,0.28358209,0.454545455,0.125,0.4,0.303507085,0,0,0,non toxic,0
0.9375,0,0.739130435,0.035564854,1.11E-20,,0.7625,0,0.571428571,0.785714286,0,0.103448276,0.28358209,0.454545455,0.125,0.4,0.304610168,0,0,0,non toxic,0
0.9375,0,0.739130435,0.035564854,1.11E-19,,0.7625,0,0.571428571,0.785714286,0,0.103448276,0.28358209,0.454545455,0.125,0.4,0.312331729,0,0,0,non toxic,0
0.9375,0,0.739130435,0.035564854,1.11E-18,,0.7625,0,0.571428571,0.785714286,0,0.103448276,0.28358209,0.454545455,0.125,0.4,0.325017176,0,0,0,non toxic,0
0.34375,0,0.739130435,0.030334728,1.11E-19,,0.7625,0,0.571428571,0.785714286,0,0.103448276,0.068656716,0.136363636,0,0.6,0.327012766,0,0,0,non toxic,0
0.34375,0,0.739130435,0.030334728,1.11E-19,,0.7625,0,0.571428571,0.785714286,0,0.103448276,0.28358209,0.136363636,0,0.6,0.310506245,0,0,0,non toxic,0
0.34375,0,0.739130435,0.030334728,0,,0.7625,0,0.571428571,0.785714286,0,0.103448276,0.068656716,0.454545455,0.125,0.4,0.291540925,0,0,0,non toxic,0
0.34375,0,0.739130435,0.030334728,9.96E-24,,0.7625,0,0.571428571,0.785714286,0,0.103448276,0.068656716,0.454545455,0.125,0.4,0.274984174,0,0,0,non toxic,0
0.34375,0,0.739130435,0.030334728,1.10E-22,,0.7625,0,0.571428571,0.785714286,0,0.103448276,0.068656716,0.454545455,0.125,0.4,0.289044922,0,0,0,non toxic,0
0.34375,0,0.739130435,0.030334728,1.11E-21,,0.7625,0,0.571428571,0.785714286,0,0.103448276,0.068656716,0.454545455,0.125,0.4,0.285800139,0,0,0,non toxic,0
0.34375,0,0.739130435,0.030334728,1.11E-20,,0.7625,0,0.571428571,0.785714286,0,0.103448276,0.068656716,0.454545455,0.125,0.4,0.28987693,0,0,0,non toxic,0
0.34375,0,0.739130435,0.030334728,1.11E-19,,0.7625,0,0.571428571,0.785714286,0,0.103448276,0.068656716,0.454545455,0.125,0.4,0.315252859,0,0,0,non toxic,0
0.34375,0,0.739130435,0.030334728,1.11E-18,,0.7625,0,0.571428571,0.785714286,0,0.103448276,0.068656716,0.454545455,0.125,0.4,0.347950356,0,0,0,non toxic,0
0.34375,0,0.739130435,0.030334728,0,,0.7625,0,0.571428571,0.785714286,0,0.103448276,0.28358209,0.454545455,0.125,0.4,0.319501759,0,0,0,non toxic,0
0.34375,0,0.739130435,0.030334728,9.96E-24,,0.7625,0,0.571428571,0.785714286,0,0.103448276,0.28358209,0.454545455,0.125,0.4,0.307367874,0,0,0,non toxic,0
0.34375,0,0.739130435,0.030334728,1.10E-22,,0.7625,0,0.571428571,0.785714286,0,0.103448276,0.28358209,0.454545455,0.125,0.4,0.299094763,0,0,0,non toxic,0
0.34375,0,0.739130435,0.030334728,1.11E-21,,0.7625,0,0.571428571,0.785714286,0,0.103448276,0.28358209,0.454545455,0.125,0.4,0.294682441,0,0,0,non toxic,0
0.34375,0,0.739130435,0.030334728,1.11E-20,,0.7625,0,0.571428571,0.785714286,0,0.103448276,0.28358209,0.454545455,0.125,0.4,0.30185246,0,0,0,non toxic,0
0.34375,0,0.739130435,0.030334728,1.11E-19,,0.7625,0,0.571428571,0.785714286,0,0.103448276,0.28358209,0.454545455,0.125,0.4,0.304058616,0,0,0,non toxic,0
0.34375,0,0.739130435,0.030334728,1.11E-18,,0.7625,0,0.571428571,0.785714286,0,0.103448276,0.28358209,0.454545455,0.125,0.4,0.310677115,0,0,0,non toxic,0
0.28125,0,0.739130435,0.030334728,1.11E-19,,0.7625,0,0.571428571,0.785714286,0,0.103448276,0.068656716,0.136363636,0,0.6,0.181443749,0,0,0,toxic,1
0.28125,0,0.739130435,0.030334728,1.11E-19,,0.7625,0,0.571428571,0.785714286,0,0.103448276,0.28358209,0.136363636,0,0.6,0.133125638,0,0,0,toxic,1
0.28125,0,0.739130435,0.030334728,0,,0.7625,0,0.571428571,0.785714286,0,0.103448276,0.068656716,0.454545455,0.125,0.4,0.297531303,0,0,0,non toxic,0
0.28125,0,0.739130435,0.030334728,9.96E-24,,0.7625,0,0.571428571,0.785714286,0,0.103448276,0.068656716,0.454545455,0.125,0.4,0.280974543,0,0,0,non toxic,0
0.28125,0,0.739130435,0.030334728,1.10E-22,,0.7625,0,0.571428571,0.785714286,0,0.103448276,0.068656716,0.454545455,0.125,0.4,0.288379333,0,0,0,non toxic,0
0.28125,0,0.739130435,0.030334728,1.11E-21,,0.7625,0,0.571428571,0.785714286,0,0.103448276,0.068656716,0.454545455,0.125,0.4,0.272489594,0,0,0,non toxic,0
0.28125,0,0.739130435,0.030334728,1.11E-20,,0.7625,0,0.571428571,0.785714286,0,0.103448276,0.068656716,0.454545455,0.125,0.4,0.277896171,0,0,0,non toxic,0
0.28125,0,0.739130435,0.030334728,1.11E-19,,0.7625,0,0.571428571,0.785714286,0,0.103448276,0.068656716,0.454545455,0.125,0.4,0.226729735,0,0,0,toxic,1
0.28125,0,0.739130435,0.030334728,1.11E-18,,0.7625,0,0.571428571,0.785714286,0,0.103448276,0.068656716,0.454545455,0.125,0.4,0.144277376,0,0,0,toxic,1
0.28125,0,0.739130435,0.030334728,0,,0.7625,0,0.571428571,0.785714286,0,0.103448276,0.28358209,0.454545455,0.125,0.4,0.318398676,0,0,0,non toxic,0
0.28125,0,0.739130435,0.030334728,9.96E-24,,0.7625,0,0.571428571,0.785714286,0,0.103448276,0.28358209,0.454545455,0.125,0.4,0.303507085,0,0,0,non toxic,0
0.28125,0,0.739130435,0.030334728,1.10E-22,,0.7625,0,0.571428571,0.785714286,0,0.103448276,0.28358209,0.454545455,0.125,0.4,0.301300918,0,0,0,non toxic,0
0.28125,0,0.739130435,0.030334728,1.11E-21,,0.7625,0,0.571428571,0.785714286,0,0.103448276,0.28358209,0.454545455,0.125,0.4,0.300197857,0,0,0,non toxic,0
0.28125,0,0.739130435,0.030334728,1.11E-20,,0.7625,0,0.571428571,0.785714286,0,0.103448276,0.28358209,0.454545455,0.125,0.4,0.297440138,0,0,0,non toxic,0
0.28125,0,0.739130435,0.030334728,1.11E-19,,0.7625,0,0.571428571,0.785714286,0,0.103448276,0.28358209,0.454545455,0.125,0.4,0.139699565,0,0,0,toxic,1
0.28125,0,0.739130435,0.030334728,1.11E-18,,0.7625,0,0.571428571,0.785714286,0,0.103448276,0.28358209,0.454545455,0.125,0.4,0.128668755,0,0,0,toxic,1
0.28125,0,0.739130435,0.016736402,4.84E-09,,0.275,1,0.285714286,0,0,0.034482759,0.068656716,0.181818182,0.25,1,0.34715516,0,0,0,non toxic,0
0.28125,0,0.739130435,0.016736402,2.42E-08,,0.275,1,0.285714286,0,0,0.034482759,0.068656716,0.181818182,0.25,1,0.331932628,0,0,0,non toxic,0
0.28125,0,0.739130435,0.016736402,4.84E-08,,0.275,1,0.285714286,0,0,0.034482759,0.068656716,0.181818182,0.25,1,0.296803748,0,0,0,non toxic,0
0.28125,0,0.739130435,0.016736402,9.67E-08,,0.275,1,0.285714286,0,0,0.034482759,0.068656716,0.181818182,0.25,1,0.267529677,0,0,0,non toxic,0
0.28125,0,0.739130435,0.016736402,2.42E-07,,0.275,1,0.285714286,0,0,0.034482759,0.068656716,0.181818182,0.25,1,0.217178278,0,0,0,toxic,1
0.28125,0,0.739130435,0.016736402,4.84E-07,,0.275,1,0.285714286,0,0,0.034482759,0.068656716,0.181818182,0.25,1,0.182049391,0,0,0,toxic,1
0.28125,0,0.739130435,0.016736402,4.84E-09,,0.275,1,0.285714286,0,0,0.034482759,0.068656716,0.363636364,0.375,0.2,0.34715516,0,0,0,non toxic,0
0.28125,0,0.739130435,0.016736402,2.42E-08,,0.275,1,0.285714286,0,0,0.034482759,0.068656716,0.363636364,0.375,0.2,0.34364227,0,0,0,non toxic,0
0.28125,0,0.739130435,0.016736402,4.84E-08,,0.275,1,0.285714286,0,0,0.034482759,0.068656716,0.363636364,0.375,0.2,0.350668028,0,0,0,non toxic,0
0.28125,0,0.739130435,0.016736402,9.67E-08,,0.275,1,0.285714286,0,0,0.034482759,0.068656716,0.363636364,0.375,0.2,0.33778746,0,0,0,non toxic,0
0.28125,0,0.739130435,0.016736402,2.42E-07,,0.275,1,0.285714286,0,0,0.034482759,0.068656716,0.363636364,0.375,0.2,0.349497079,0,0,0,non toxic,0
0.28125,0,0.739130435,0.016736402,4.84E-07,,0.275,1,0.285714286,0,0,0.034482759,0.068656716,0.363636364,0.375,0.2,0.34715516,0,0,0,non toxic,0
0.28125,0,0.739130435,0.016736402,4.84E-09,,0.275,1,0.285714286,0,0,0.034482759,0.068656716,0.318181818,0.6875,0,0.297974718,0,0,0,non toxic,0
0.28125,0,0.739130435,0.016736402,2.42E-08,,0.275,1,0.285714286,0,0,0.034482759,0.068656716,0.318181818,0.6875,0,0.271042567,0,0,0,non toxic,0
0.28125,0,0.739130435,0.016736402,4.84E-08,,0.275,1,0.285714286,0,0,0.034482759,0.068656716,0.318181818,0.6875,0,0.260503897,0,0,0,non toxic,0
0.28125,0,0.739130435,0.016736402,9.67E-08,,0.275,1,0.285714286,0,0,0.034482759,0.068656716,0.318181818,0.6875,0,0.228887906,0,0,0,toxic,1
0.28125,0,0.739130435,0.016736402,2.42E-07,,0.275,1,0.285714286,0,0,0.034482759,0.068656716,0.318181818,0.6875,0,0.207810574,0,0,0,toxic,1
0.28125,0,0.739130435,0.016736402,4.84E-07,,0.275,1,0.285714286,0,0,0.034482759,0.068656716,0.318181818,0.6875,0,0.187904203,0,0,0,toxic,1
0.28125,0,0.739130435,0.016736402,4.84E-09,,0.375,1,0.285714286,0,1,0.689655172,0.068656716,0.181818182,0.25,1,0.330761679,0,0,0,non toxic,0
0.28125,0,0.739130435,0.016736402,2.42E-08,,0.375,1,0.285714286,0,1,0.689655172,0.068656716,0.181818182,0.25,1,0.296803748,0,0,0,non toxic,0
0.28125,0,0.739130435,0.016736402,4.84E-08,,0.375,1,0.285714286,0,1,0.689655172,0.068656716,0.181818182,0.25,1,0.285094128,0,0,0,non toxic,0
0.28125,0,0.739130435,0.016736402,9.67E-08,,0.375,1,0.285714286,0,1,0.689655172,0.068656716,0.181818182,0.25,1,0.273384508,0,0,0,non toxic,0
0.28125,0,0.739130435,0.016736402,2.42E-07,,0.375,1,0.285714286,0,1,0.689655172,0.068656716,0.181818182,0.25,1,0.231229826,0,0,0,toxic,1
0.28125,0,0.739130435,0.016736402,4.84E-07,,0.375,1,0.285714286,0,1,0.689655172,0.068656716,0.181818182,0.25,1,0.175023613,0,0,0,toxic,1
0.28125,0,0.739130435,0.016736402,4.84E-09,,0.375,1,0.285714286,0,1,0.689655172,0.068656716,0.363636364,0.375,0.2,0.327248789,0,0,0,non toxic,0
0.28125,0,0.739130435,0.016736402,2.42E-08,,0.375,1,0.285714286,0,1,0.689655172,0.068656716,0.363636364,0.375,0.2,0.323735899,0,0,0,non toxic,0
0.28125,0,0.739130435,0.016736402,4.84E-08,,0.375,1,0.285714286,0,1,0.689655172,0.068656716,0.363636364,0.375,0.2,0.330761679,0,0,0,non toxic,0
0.28125,0,0.739130435,0.016736402,9.67E-08,,0.375,1,0.285714286,0,1,0.689655172,0.068656716,0.363636364,0.375,0.2,0.319052047,0,0,0,non toxic,0
0.28125,0,0.739130435,0.016736402,2.42E-07,,0.375,1,0.285714286,0,1,0.689655172,0.068656716,0.363636364,0.375,0.2,0.319052047,0,0,0,non toxic,0
0.28125,0,0.739130435,0.016736402,4.84E-07,,0.375,1,0.285714286,0,1,0.689655172,0.068656716,0.363636364,0.375,0.2,0.271042567,0,0,0,non toxic,0
0.28125,0,0.739130435,0.016736402,4.84E-09,,0.375,1,0.285714286,0,1,0.689655172,0.068656716,0.318181818,0.6875,0,0.316710118,0,0,0,non toxic,0
0.28125,0,0.739130435,0.016736402,2.42E-08,,0.375,1,0.285714286,0,1,0.689655172,0.068656716,0.318181818,0.6875,0,0.299145689,0,0,0,non toxic,0
0.28125,0,0.739130435,0.016736402,4.84E-08,,0.375,1,0.285714286,0,1,0.689655172,0.068656716,0.318181818,0.6875,0,0.279239305,0,0,0,non toxic,0
0.28125,0,0.739130435,0.016736402,9.67E-08,,0.375,1,0.285714286,0,1,0.689655172,0.068656716,0.318181818,0.6875,0,0.238255606,0,0,0,non toxic,0
0.28125,0,0.739130435,0.016736402,2.42E-07,,0.375,1,0.285714286,0,1,0.689655172,0.068656716,0.318181818,0.6875,0,0.191417093,0,0,0,toxic,1
0.28125,0,0.739130435,0.016736402,4.84E-07,,0.375,1,0.285714286,0,1,0.689655172,0.068656716,0.318181818,0.6875,0,0.165655909,0,0,0,toxic,1
0.3125,0,0.739130435,0.208158996,1.04E-11,,0.05,0,0.285714286,0.142857143,0,0.517241379,0.068656716,0.454545455,0.5625,0.4,0.341406645,1,0,0,non toxic,0
0.3125,0,0.739130435,0.208158996,2.21E-11,,0.05,0,0.285714286,0.142857143,0,0.517241379,0.068656716,0.454545455,0.5625,0.4,0.343036998,1,0,0,non toxic,0
0.3125,0,0.739130435,0.208158996,4.40E-11,,0.05,0,0.285714286,0.142857143,0,0.517241379,0.068656716,0.454545455,0.5625,0.4,0.33733073,1,0,0,non toxic,0
0.3125,0,0.739130435,0.208158996,9.14E-11,,0.05,0,0.285714286,0.142857143,0,0.517241379,0.068656716,0.454545455,0.5625,0.4,0.338145917,1,0,0,non toxic,0
0.3125,0,0.739130435,0.208158996,1.82E-10,,0.05,0,0.285714286,0.142857143,0,0.517241379,0.068656716,0.454545455,0.5625,0.4,0.338961091,1,0,0,non toxic,0
0.3125,0,0.739130435,0.208158996,3.54E-10,,0.05,0,0.285714286,0.142857143,0,0.517241379,0.068656716,0.454545455,0.5625,0.4,0.33733073,1,0,0,non toxic,0
0.3125,0,0.739130435,0.208158996,7.36E-10,,0.05,0,0.285714286,0.142857143,0,0.517241379,0.068656716,0.454545455,0.5625,0.4,0.323472663,1,0,0,non toxic,0
0.3125,0,0.739130435,0.208158996,4.05E-12,,0.05,0,0.285714286,0.142857143,0,0.517241379,0.068656716,0.318181818,0.6875,0,0.332330019,1,0,0,non toxic,0
0.3125,0,0.739130435,0.208158996,1.22E-11,,0.05,0,0.285714286,0.142857143,0,0.517241379,0.068656716,0.318181818,0.6875,0,0.322514129,1,0,0,non toxic,0
0.3125,0,0.739130435,0.208158996,3.67E-11,,0.05,0,0.285714286,0.142857143,0,0.517241379,0.068656716,0.318181818,0.6875,0,0.316788185,1,0,0,non toxic,0
0.3125,0,0.739130435,0.208158996,1.12E-10,,0.05,0,0.285714286,0.142857143,0,0.517241379,0.068656716,0.318181818,0.6875,0,0.309426256,1,0,0,non toxic,0
0.3125,0,0.739130435,0.208158996,3.28E-10,,0.05,0,0.285714286,0.142857143,0,0.517241379,0.068656716,0.318181818,0.6875,0,0.298792373,1,0,0,non toxic,0
0.3125,0,0.739130435,0.208158996,9.87E-10,,0.05,0,0.285714286,0.142857143,0,0.517241379,0.068656716,0.318181818,0.6875,0,0.296338392,1,0,0,non toxic,0
0.3125,0,0.739130435,0.208158996,4.13E-12,,0.05,0,0.285714286,0.142857143,0,0.517241379,0.211940299,0.318181818,0.6875,0,0.334377781,1,0,0,non toxic,0
0.3125,0,0.739130435,0.208158996,1.22E-11,,0.05,0,0.285714286,0.142857143,0,0.517241379,0.211940299,0.318181818,0.6875,0,0.328729749,1,0,0,non toxic,0
0.3125,0,0.739130435,0.208158996,3.69E-11,,0.05,0,0.285714286,0.142857143,0,0.517241379,0.211940299,0.318181818,0.6875,0,0.313399359,1,0,0,non toxic,0
0.3125,0,0.739130435,0.208158996,1.09E-10,,0.05,0,0.285714286,0.142857143,0,0.517241379,0.211940299,0.318181818,0.6875,0,0.298068969,1,0,0,non toxic,0
0.3125,0,0.739130435,0.208158996,3.29E-10,,0.05,0,0.285714286,0.142857143,0,0.517241379,0.211940299,0.318181818,0.6875,0,0.274669969,1,0,0,non toxic,0
0.3125,0,0.739130435,0.208158996,9.82E-10,,0.05,0,0.285714286,0.142857143,0,0.517241379,0.211940299,0.318181818,0.6875,0,0.222223904,1,0,0,toxic,1
0.1875,0,0.739130435,0.186506276,2.25E-11,,0.7,0,0.571428571,0.857142857,0,0.24137931,0.068656716,0.590909091,0.875,0.6,0.158512755,1,1,1,toxic,1
0.1875,0,0.739130435,0.186506276,4.50E-11,,0.7,0,0.571428571,0.857142857,0,0.24137931,0.068656716,0.590909091,0.875,0.6,0.156659896,1,1,1,toxic,1
0.1875,0,0.739130435,0.186506276,1.13E-10,,0.7,0,0.571428571,0.857142857,0,0.24137931,0.068656716,0.590909091,0.875,0.6,0.132572714,1,1,1,toxic,1
0.1875,0,0.739130435,0.186506276,2.25E-10,,0.7,0,0.571428571,0.857142857,0,0.24137931,0.068656716,0.590909091,0.875,0.6,0.132572714,1,1,1,toxic,1
0.1875,0,0.739130435,0.186506276,4.50E-10,,0.7,0,0.571428571,0.857142857,0,0.24137931,0.068656716,0.590909091,0.875,0.6,0.129484614,1,1,1,toxic,1
0.65625,0,0.347826087,0.024058577,5.70E-08,,0.35,0,0.285714286,0,0,0.620689655,0.068656716,0.045454545,0.6875,0,0.267076993,0,0,0,non toxic,0
0.65625,0,0.347826087,0.024058577,5.70E-08,,0.35,0,0.285714286,0,0,0.620689655,0.211940299,0.045454545,0.6875,0,0.142109797,0,0,0,toxic,1
0.65625,0,0.413043478,0.024058577,5.70E-08,,0.35,0,0.285714286,0,0,0.620689655,0.068656716,0.045454545,0.6875,0,0.262408223,0,0,0,non toxic,0
0.65625,0,0.413043478,0.024058577,5.70E-08,,0.35,0,0.285714286,0,0,0.620689655,0.211940299,0.045454545,0.6875,0,0.133052399,0,0,0,toxic,1
0.65625,0,0.739130435,0.009414226,3.94E-09,,0.35,0,0.285714286,0,0,0.620689655,0.068656716,0.045454545,0.6875,0,0.330995865,0,0,0,non toxic,0
0.65625,0,0.739130435,0.009414226,3.94E-08,,0.35,0,0.285714286,0,0,0.620689655,0.068656716,0.045454545,0.6875,0,0.305117585,0,0,0,non toxic,0
0.65625,0,0.739130435,0.009414226,1.97E-07,,0.35,0,0.285714286,0,0,0.620689655,0.068656716,0.045454545,0.6875,0,0.320340108,0,0,0,non toxic,0
0.65625,0,0.739130435,0.009414226,3.94E-07,,0.35,0,0.285714286,0,0,0.620689655,0.068656716,0.045454545,0.6875,0,0.29902859,0,0,0,non toxic,0
0.65625,0,0.739130435,0.009414226,1.97E-06,,0.35,0,0.285714286,0,0,0.620689655,0.068656716,0.045454545,0.6875,0,0.221393742,0,0,0,toxic,1
0.65625,0,0.739130435,0.024058577,2.85E-10,,0.35,0,0.285714286,0,0,0.620689655,0.068656716,0.045454545,0.6875,0,0.320340108,0,0,0,non toxic,0
0.65625,0,0.739130435,0.024058577,2.85E-09,,0.35,0,0.285714286,0,0,0.620689655,0.068656716,0.045454545,0.6875,0,0.327951363,0,0,0,non toxic,0
0.65625,0,0.739130435,0.024058577,1.42E-08,,0.35,0,0.285714286,0,0,0.620689655,0.068656716,0.045454545,0.6875,0,0.27315031,0,0,0,non toxic,0
0.65625,0,0.739130435,0.024058577,2.85E-08,,0.35,0,0.285714286,0,0,0.620689655,0.068656716,0.045454545,0.6875,0,0.235094003,0,0,0,non toxic,0
0.65625,0,0.739130435,0.024058577,1.42E-07,,0.35,0,0.285714286,0,0,0.620689655,0.068656716,0.045454545,0.6875,0,0.131580889,0,0,0,toxic,1
0.65625,0,0.739130435,0.013598326,7.17E-06,,0.0125,0,0.285714286,0.142857143,0,0.517241379,0.140298507,0.454545455,0.125,0.4,0.197168252,0,0,0,toxic,1
0.65625,0,0.739130435,0.013598326,7.17E-06,,0.5375,0,0.285714286,0.142857143,0,0.275862069,0.140298507,0.454545455,0.125,0.4,0.257300351,0,0,0,non toxic,0
0.65625,0,0.739130435,0.013598326,7.17E-06,,0.8625,0,0.285714286,0.285714286,0,0.24137931,0.140298507,0.454545455,0.125,0.4,0.191441387,0,0,0,toxic,1
0.65625,0,0.739130435,0.013598326,7.17E-06,,0.0125,0,0.285714286,0.142857143,0,0.517241379,0.28358209,0.454545455,0.125,0.4,0.294035678,0,0,0,non toxic,0
0.65625,0,0.739130435,0.013598326,7.17E-06,,0.5375,0,0.285714286,0.142857143,0,0.275862069,0.28358209,0.454545455,0.125,0.4,0.297347095,0,0,0,non toxic,0
0.65625,0,0.739130435,0.013598326,7.17E-06,,0.8625,0,0.285714286,0.285714286,0,0.24137931,0.28358209,0.454545455,0.125,0.4,0.340917925,0,0,0,non toxic,0
0.09375,0,0.739130435,0.019874477,3.33E-08,,0.4,0,0.285714286,0.142857143,0,0.310344828,0.068656716,0.454545455,0.125,0.4,0.336323741,0,0,0,non toxic,0
0.09375,0,0.739130435,0.019874477,3.33E-07,,0.4,0,0.285714286,0.142857143,0,0.310344828,0.068656716,0.454545455,0.125,0.4,0.312221434,0,0,0,non toxic,0
0.09375,0,0.739130435,0.019874477,3.33E-06,,0.4,0,0.285714286,0.142857143,0,0.310344828,0.068656716,0.454545455,0.125,0.4,0.247525735,0,0,0,non toxic,0
0.09375,0,0.739130435,0.019874477,3.33E-08,,0.6,0,0.285714286,0.285714286,0,0.137931034,0.068656716,0.454545455,0.125,0.4,0.340144216,0,0,0,non toxic,0
0.09375,0,0.739130435,0.019874477,3.33E-07,,0.6,0,0.285714286,0.285714286,0,0.137931034,0.068656716,0.454545455,0.125,0.4,0.314921735,0,0,0,non toxic,0
0.09375,0,0.739130435,0.019874477,3.33E-06,,0.6,0,0.285714286,0.285714286,0,0.137931034,0.068656716,0.454545455,0.125,0.4,0.280871354,0,0,0,non toxic,0
0.09375,0,0.739130435,0.019874477,3.33E-08,,0.4,0,0.285714286,0.142857143,0,0.310344828,0.068656716,0.590909091,0.875,0.6,0.333062517,0,0,0,non toxic,0
0.09375,0,0.739130435,0.019874477,3.33E-07,,0.4,0,0.285714286,0.142857143,0,0.310344828,0.068656716,0.590909091,0.875,0.6,0.314727691,0,0,0,non toxic,0
0.09375,0,0.739130435,0.019874477,3.33E-06,,0.4,0,0.285714286,0.142857143,0,0.310344828,0.068656716,0.590909091,0.875,0.6,0.244007701,0,0,0,non toxic,0
0.09375,0,0.739130435,0.019874477,3.33E-08,,0.6,0,0.285714286,0.285714286,0,0.137931034,0.068656716,0.590909091,0.875,0.6,0.335681766,0,0,0,non toxic,0
0.09375,0,0.739130435,0.019874477,3.33E-07,,0.6,0,0.285714286,0.285714286,0,0.137931034,0.068656716,0.590909091,0.875,0.6,0.327823999,0,0,0,non toxic,0
0.09375,0,0.739130435,0.019874477,3.33E-06,,0.6,0,0.285714286,0.285714286,0,0.137931034,0.068656716,0.590909091,0.875,0.6,0.273692654,0,0,0,non toxic,0
0.09375,0,0.739130435,0.019874477,3.33E-06,,0.4,0,0.285714286,0.142857143,0,0.310344828,0.032835821,0.454545455,0.125,0.4,0.323170739,0,0,0,non toxic,0
0.09375,0,0.739130435,0.019874477,3.33E-06,,0.4,0,0.285714286,0.142857143,0,0.310344828,0.068656716,0.454545455,0.125,0.4,0.290314338,0,0,0,non toxic,0
0.09375,0,0.739130435,0.019874477,3.33E-06,,0.4,0,0.285714286,0.142857143,0,0.310344828,0.140298507,0.454545455,0.125,0.4,0.246870322,0,0,0,non toxic,0
0.09375,0,0.739130435,0.019874477,3.33E-06,,0.4,0,0.285714286,0.142857143,0,0.310344828,0.211940299,0.454545455,0.125,0.4,0.201644073,0,0,0,toxic,1
0.09375,0,0.739130435,0.019874477,3.33E-06,,0.4,0,0.285714286,0.142857143,0,0.310344828,0.28358209,0.454545455,0.125,0.4,0.176919475,0,0,0,toxic,1
0.09375,0,0.739130435,0.019874477,3.33E-06,,0.6,0,0.285714286,0.285714286,0,0.137931034,0.032835821,0.590909091,0.875,0.6,0.329188194,0,0,0,non toxic,0
0.09375,0,0.739130435,0.019874477,3.33E-06,,0.6,0,0.285714286,0.285714286,0,0.137931034,0.068656716,0.590909091,0.875,0.6,0.304927306,0,0,0,non toxic,0
0.09375,0,0.739130435,0.019874477,3.33E-06,,0.6,0,0.285714286,0.285714286,0,0.137931034,0.140298507,0.590909091,0.875,0.6,0.280666419,0,0,0,non toxic,0
0.09375,0,0.739130435,0.019874477,3.33E-06,,0.6,0,0.285714286,0.285714286,0,0.137931034,0.211940299,0.590909091,0.875,0.6,0.243825816,0,0,0,non toxic,0
0.09375,0,0.739130435,0.019874477,3.33E-06,,0.6,0,0.285714286,0.285714286,0,0.137931034,0.28358209,0.590909091,0.875,0.6,0.225854782,0,0,0,toxic,1
0.09375,0,0.97826087,0.030334728,3.33E-08,,0.4,0,0.285714286,0.142857143,0,0.310344828,0.068656716,0.454545455,0.125,0.4,0.341397924,0,0,0,non toxic,0
0.09375,0,0.97826087,0.030334728,3.33E-07,,0.4,0,0.285714286,0.142857143,0,0.310344828,0.068656716,0.454545455,0.125,0.4,0.307147253,0,0,0,non toxic,0
0.09375,0,0.97826087,0.030334728,3.33E-06,,0.4,0,0.285714286,0.142857143,0,0.310344828,0.068656716,0.454545455,0.125,0.4,0.255136992,0,0,0,non toxic,0
0.09375,0,0.97826087,0.030334728,3.33E-08,,0.6,0,0.285714286,0.285714286,0,0.137931034,0.068656716,0.454545455,0.125,0.4,0.337621968,0,0,0,non toxic,0
0.09375,0,0.97826087,0.030334728,3.33E-07,,0.6,0,0.285714286,0.285714286,0,0.137931034,0.068656716,0.454545455,0.125,0.4,0.328794089,0,0,0,non toxic,0
0.09375,0,0.97826087,0.030334728,3.33E-06,,0.6,0,0.285714286,0.285714286,0,0.137931034,0.068656716,0.454545455,0.125,0.4,0.29222147,0,0,0,non toxic,0
0.09375,0,0.97826087,0.030334728,3.33E-08,,0.4,0,0.285714286,0.142857143,0,0.310344828,0.068656716,0.590909091,0.875,0.6,0.340920295,0,0,0,non toxic,0
0.09375,0,0.97826087,0.030334728,3.33E-07,,0.4,0,0.285714286,0.142857143,0,0.310344828,0.068656716,0.590909091,0.875,0.6,0.325204728,0,0,0,non toxic,0
0.09375,0,0.97826087,0.030334728,3.33E-06,,0.4,0,0.285714286,0.142857143,0,0.310344828,0.068656716,0.590909091,0.875,0.6,0.264961782,0,0,0,non toxic,0
0.09375,0,0.97826087,0.030334728,3.33E-08,,0.6,0,0.285714286,0.285714286,0,0.137931034,0.068656716,0.590909091,0.875,0.6,0.338301036,0,0,0,non toxic,0
0.09375,0,0.97826087,0.030334728,3.33E-07,,0.6,0,0.285714286,0.285714286,0,0.137931034,0.068656716,0.590909091,0.875,0.6,0.328697089,0,0,0,non toxic,0
0.09375,0,0.97826087,0.030334728,3.33E-06,,0.6,0,0.285714286,0.285714286,0,0.137931034,0.068656716,0.590909091,0.875,0.6,0.289408188,0,0,0,non toxic,0
0.09375,0,0.97826087,0.030334728,3.33E-06,,0.4,0,0.285714286,0.142857143,0,0.310344828,0.032835821,0.454545455,0.125,0.4,0.323170739,0,0,0,non toxic,0
0.09375,0,0.97826087,0.030334728,3.33E-06,,0.4,0,0.285714286,0.142857143,0,0.310344828,0.068656716,0.454545455,0.125,0.4,0.304572149,0,0,0,non toxic,0
0.09375,0,0.97826087,0.030334728,3.33E-06,,0.4,0,0.285714286,0.142857143,0,0.310344828,0.140298507,0.454545455,0.125,0.4,0.253999227,0,0,0,non toxic,0
0.09375,0,0.97826087,0.030334728,3.33E-06,,0.4,0,0.285714286,0.142857143,0,0.310344828,0.211940299,0.454545455,0.125,0.4,0.22748635,0,0,0,toxic,1
0.09375,0,0.97826087,0.030334728,3.33E-06,,0.4,0,0.285714286,0.142857143,0,0.310344828,0.28358209,0.454545455,0.125,0.4,0.197412053,0,0,0,toxic,1
0.09375,0,0.97826087,0.030334728,3.33E-06,,0.6,0,0.285714286,0.285714286,0,0.137931034,0.032835821,0.590909091,0.875,0.6,0.328289648,0,0,0,non toxic,0
0.09375,0,0.97826087,0.030334728,3.33E-06,,0.6,0,0.285714286,0.285714286,0,0.137931034,0.068656716,0.590909091,0.875,0.6,0.327391085,0,0,0,non toxic,0
0.09375,0,0.97826087,0.030334728,3.33E-06,,0.6,0,0.285714286,0.285714286,0,0.137931034,0.140298507,0.590909091,0.875,0.6,0.292347581,0,0,0,non toxic,0
0.09375,0,0.97826087,0.030334728,3.33E-06,,0.6,0,0.285714286,0.285714286,0,0.137931034,0.211940299,0.590909091,0.875,0.6,0.262695394,0,0,0,non toxic,0
0.09375,0,0.97826087,0.030334728,3.33E-06,,0.6,0,0.285714286,0.285714286,0,0.137931034,0.28358209,0.590909091,0.875,0.6,0.251014224,0,0,0,non toxic,0
0.09375,0,0.326086957,0.019874477,3.33E-08,,0.4,0,0.285714286,0.142857143,0,0.310344828,0.068656716,0.454545455,0.125,0.4,0.341397924,0,0,0,non toxic,0
0.09375,0,0.326086957,0.019874477,3.33E-07,,0.4,0,0.285714286,0.142857143,0,0.310344828,0.068656716,0.454545455,0.125,0.4,0.277970765,0,0,0,non toxic,0
0.09375,0,0.326086957,0.019874477,3.33E-06,,0.4,0,0.285714286,0.142857143,0,0.310344828,0.068656716,0.454545455,0.125,0.4,0.231034669,0,0,0,toxic,1
0.09375,0,0.326086957,0.019874477,3.33E-08,,0.6,0,0.285714286,0.285714286,0,0.137931034,0.068656716,0.454545455,0.125,0.4,0.341397924,0,0,0,non toxic,0
0.09375,0,0.326086957,0.019874477,3.33E-07,,0.6,0,0.285714286,0.285714286,0,0.137931034,0.068656716,0.454545455,0.125,0.4,0.304610168,0,0,0,non toxic,0
0.09375,0,0.326086957,0.019874477,3.33E-06,,0.6,0,0.285714286,0.285714286,0,0.137931034,0.068656716,0.454545455,0.125,0.4,0.294461828,0,0,0,non toxic,0
0.09375,0,0.326086957,0.019874477,3.33E-08,,0.4,0,0.285714286,0.142857143,0,0.310344828,0.068656716,0.590909091,0.875,0.6,0.326982653,0,0,0,non toxic,0
0.09375,0,0.326086957,0.019874477,3.33E-07,,0.4,0,0.285714286,0.142857143,0,0.310344828,0.068656716,0.590909091,0.875,0.6,0.294308068,0,0,0,non toxic,0
0.09375,0,0.326086957,0.019874477,3.33E-06,,0.4,0,0.285714286,0.142857143,0,0.310344828,0.068656716,0.590909091,0.875,0.6,0.230265856,0,0,0,toxic,1
0.09375,0,0.326086957,0.019874477,3.33E-08,,0.6,0,0.285714286,0.285714286,0,0.137931034,0.068656716,0.590909091,0.875,0.6,0.328289648,0,0,0,non toxic,0
0.09375,0,0.326086957,0.019874477,3.33E-07,,0.6,0,0.285714286,0.285714286,0,0.137931034,0.068656716,0.590909091,0.875,0.6,0.307377893,0,0,0,non toxic,0
0.09375,0,0.326086957,0.019874477,3.33E-06,,0.6,0,0.285714286,0.285714286,0,0.137931034,0.068656716,0.590909091,0.875,0.6,0.281238221,0,0,0,non toxic,0
0.09375,0,0.326086957,0.019874477,3.33E-06,,0.4,0,0.285714286,0.142857143,0,0.310344828,0.032835821,0.454545455,0.125,0.4,0.324328921,0,0,0,non toxic,0
0.09375,0,0.326086957,0.019874477,3.33E-06,,0.4,0,0.285714286,0.142857143,0,0.310344828,0.068656716,0.454545455,0.125,0.4,0.277968048,0,0,0,non toxic,0
0.09375,0,0.326086957,0.019874477,3.33E-06,,0.4,0,0.285714286,0.142857143,0,0.310344828,0.140298507,0.454545455,0.125,0.4,0.230615398,0,0,0,toxic,1
0.09375,0,0.326086957,0.019874477,3.33E-06,,0.4,0,0.285714286,0.142857143,0,0.310344828,0.211940299,0.454545455,0.125,0.4,0.17525608,0,0,0,toxic,1
0.09375,0,0.326086957,0.019874477,3.33E-06,,0.4,0,0.285714286,0.142857143,0,0.310344828,0.28358209,0.454545455,0.125,0.4,0.138574958,0,0,0,toxic,1
0.09375,0,0.326086957,0.019874477,3.33E-06,,0.6,0,0.285714286,0.285714286,0,0.137931034,0.032835821,0.590909091,0.875,0.6,0.327294551,0,0,0,non toxic,0
0.09375,0,0.326086957,0.019874477,3.33E-06,,0.6,0,0.285714286,0.285714286,0,0.137931034,0.068656716,0.590909091,0.875,0.6,0.303902518,0,0,0,non toxic,0
0.09375,0,0.326086957,0.019874477,3.33E-06,,0.6,0,0.285714286,0.285714286,0,0.137931034,0.140298507,0.590909091,0.875,0.6,0.277837104,0,0,0,non toxic,0
0.09375,0,0.326086957,0.019874477,3.33E-06,,0.6,0,0.285714286,0.285714286,0,0.137931034,0.211940299,0.590909091,0.875,0.6,0.252440022,0,0,0,non toxic,0
0.09375,0,0.326086957,0.019874477,3.33E-06,,0.6,0,0.285714286,0.285714286,0,0.137931034,0.28358209,0.590909091,0.875,0.6,0.201645878,0,0,0,toxic,1
0.09375,0,0.347826087,0.019874477,3.33E-08,,0.4,0,0.285714286,0.142857143,0,0.310344828,0.068656716,0.454545455,0.125,0.4,0.338860826,0,0,0,non toxic,0
0.09375,0,0.347826087,0.019874477,3.33E-07,,0.4,0,0.285714286,0.142857143,0,0.310344828,0.068656716,0.454545455,0.125,0.4,0.314758508,0,0,0,non toxic,0
0.09375,0,0.347826087,0.019874477,3.33E-06,,0.4,0,0.285714286,0.142857143,0,0.310344828,0.068656716,0.454545455,0.125,0.4,0.27035951,0,0,0,non toxic,0
0.09375,0,0.347826087,0.019874477,3.33E-08,,0.6,0,0.285714286,0.285714286,0,0.137931034,0.068656716,0.454545455,0.125,0.4,0.338860826,0,0,0,non toxic,0
0.09375,0,0.347826087,0.019874477,3.33E-07,,0.6,0,0.285714286,0.285714286,0,0.137931034,0.068656716,0.454545455,0.125,0.4,0.324906869,0,0,0,non toxic,0
0.09375,0,0.347826087,0.019874477,3.33E-06,,0.6,0,0.285714286,0.285714286,0,0.137931034,0.068656716,0.454545455,0.125,0.4,0.29573036,0,0,0,non toxic,0
0.09375,0,0.347826087,0.019874477,3.33E-08,,0.4,0,0.285714286,0.142857143,0,0.310344828,0.068656716,0.590909091,0.875,0.6,0.340052499,0,0,0,non toxic,0
0.09375,0,0.347826087,0.019874477,3.33E-07,,0.4,0,0.285714286,0.142857143,0,0.310344828,0.068656716,0.590909091,0.875,0.6,0.324368688,0,0,0,non toxic,0
0.09375,0,0.347826087,0.019874477,3.33E-06,,0.4,0,0.285714286,0.142857143,0,0.310344828,0.068656716,0.590909091,0.875,0.6,0.264247436,0,0,0,non toxic,0
0.09375,0,0.347826087,0.019874477,3.33E-08,,0.6,0,0.285714286,0.285714286,0,0.137931034,0.068656716,0.590909091,0.875,0.6,0.336131543,0,0,0,non toxic,0
0.09375,0,0.347826087,0.019874477,3.33E-07,,0.6,0,0.285714286,0.285714286,0,0.137931034,0.068656716,0.590909091,0.875,0.6,0.324368688,0,0,0,non toxic,0
0.09375,0,0.347826087,0.019874477,3.33E-06,,0.6,0,0.285714286,0.285714286,0,0.137931034,0.068656716,0.590909091,0.875,0.6,0.295615042,0,0,0,non toxic,0
0.09375,0,0.347826087,0.019874477,3.33E-06,,0.4,0,0.285714286,0.142857143,0,0.310344828,0.032835821,0.454545455,0.125,0.4,0.322550329,0,0,0,non toxic,0
0.09375,0,0.347826087,0.019874477,3.33E-06,,0.4,0,0.285714286,0.142857143,0,0.310344828,0.068656716,0.454545455,0.125,0.4,0.309093343,0,0,0,non toxic,0
0.09375,0,0.347826087,0.019874477,3.33E-06,,0.4,0,0.285714286,0.142857143,0,0.310344828,0.140298507,0.454545455,0.125,0.4,0.26974434,0,0,0,non toxic,0
0.09375,0,0.347826087,0.019874477,3.33E-06,,0.4,0,0.285714286,0.142857143,0,0.310344828,0.211940299,0.454545455,0.125,0.4,0.245513342,0,0,0,non toxic,0
0.09375,0,0.347826087,0.019874477,3.33E-06,,0.4,0,0.285714286,0.142857143,0,0.310344828,0.28358209,0.454545455,0.125,0.4,0.225722773,0,0,0,toxic,1
0.09375,0,0.347826087,0.019874477,3.33E-06,,0.6,0,0.285714286,0.285714286,0,0.137931034,0.032835821,0.590909091,0.875,0.6,0.333978004,0,0,0,non toxic,0
0.09375,0,0.347826087,0.019874477,3.33E-06,,0.6,0,0.285714286,0.285714286,0,0.137931034,0.068656716,0.590909091,0.875,0.6,0.323284495,0,0,0,non toxic,0
0.09375,0,0.347826087,0.019874477,3.33E-06,,0.6,0,0.285714286,0.285714286,0,0.137931034,0.140298507,0.590909091,0.875,0.6,0.294545695,0,0,0,non toxic,0
0.09375,0,0.347826087,0.019874477,3.33E-06,,0.6,0,0.285714286,0.285714286,0,0.137931034,0.211940299,0.590909091,0.875,0.6,0.271153658,0,0,0,non toxic,0
0.09375,0,0.347826087,0.019874477,3.33E-06,,0.6,0,0.285714286,0.285714286,0,0.137931034,0.28358209,0.590909091,0.875,0.6,0.243751556,0,0,0,non toxic,0
0.6875,0,0.739130435,0.030334728,3.84E-09,,0.075,0,0.571428571,0.285714286,0,0.655172414,0.140298507,0.545454545,0.875,0.6,0.344760168,0,0,1,non toxic,0
0.6875,0,0.739130435,0.030334728,7.68E-09,,0.075,0,0.571428571,0.285714286,0,0.655172414,0.140298507,0.545454545,0.875,0.6,0.344760168,0,0,1,non toxic,0
0.6875,0,0.739130435,0.030334728,1.92E-08,,0.075,0,0.571428571,0.285714286,0,0.655172414,0.140298507,0.545454545,0.875,0.6,0.388309388,0,0,1,non toxic,0
0.6875,0,0.739130435,0.030334728,3.84E-08,,0.075,0,0.571428571,0.285714286,0,0.655172414,0.140298507,0.545454545,0.875,0.6,0.259336726,0,0,1,non toxic,0
0.6875,0,0.739130435,0.030334728,7.68E-08,,0.075,0,0.571428571,0.285714286,0,0.655172414,0.140298507,0.545454545,0.875,0.6,0.219137456,0,0,1,toxic,1
0.78125,0,0.5,0.013075314,1.00E-07,0.296296296,0.4,0,0.285714286,0.142857143,0,0.310344828,0.068656716,0.318181818,0.6875,0,0.336838018,0,0,0,non toxic,0
0.78125,0,0.5,0.013075314,1.00E-07,0.296296296,0.4,0,0.285714286,0.142857143,0,0.310344828,0.140298507,0.318181818,0.6875,0,0.336060893,0,0,0,non toxic,0
0.78125,0,0.5,0.013075314,1.00E-07,0.296296296,0.4,0,0.285714286,0.142857143,0,0.310344828,0.211940299,0.318181818,0.6875,0,0.320518388,0,0,0,non toxic,0
0.78125,0,0.5,0.013075314,2.00E-07,0.296296296,0.4,0,0.285714286,0.142857143,0,0.310344828,0.068656716,0.318181818,0.6875,0,0.31274714,0,0,0,non toxic,0
0.78125,0,0.5,0.013075314,2.00E-07,0.296296296,0.4,0,0.285714286,0.142857143,0,0.310344828,0.140298507,0.318181818,0.6875,0,0.325181136,0,0,0,non toxic,0
0.78125,0,0.5,0.013075314,2.00E-07,0.296296296,0.4,0,0.285714286,0.142857143,0,0.310344828,0.211940299,0.318181818,0.6875,0,0.317409889,0,0,0,non toxic,0
0.78125,0,0.5,0.013075314,4.01E-07,0.296296296,0.4,0,0.285714286,0.142857143,0,0.310344828,0.068656716,0.318181818,0.6875,0,0.303421622,0,0,0,non toxic,0
0.78125,0,0.5,0.013075314,4.01E-07,0.296296296,0.4,0,0.285714286,0.142857143,0,0.310344828,0.140298507,0.318181818,0.6875,0,0.311192869,0,0,0,non toxic,0
0.78125,0,0.5,0.013075314,4.01E-07,0.296296296,0.4,0,0.285714286,0.142857143,0,0.310344828,0.211940299,0.318181818,0.6875,0,0.292541875,0,0,0,non toxic,0
0.78125,0,0.5,0.013075314,8.01E-07,0.296296296,0.4,0,0.285714286,0.142857143,0,0.310344828,0.068656716,0.318181818,0.6875,0,0.294096125,0,0,0,non toxic,0
0.78125,0,0.5,0.013075314,8.01E-07,0.296296296,0.4,0,0.285714286,0.142857143,0,0.310344828,0.140298507,0.318181818,0.6875,0,0.295650374,0,0,0,non toxic,0
0.78125,0,0.5,0.013075314,8.01E-07,0.296296296,0.4,0,0.285714286,0.142857143,0,0.310344828,0.211940299,0.318181818,0.6875,0,0.27389086,0,0,0,non toxic,0
0.78125,0,0.5,0.013075314,1.60E-06,0.296296296,0.4,0,0.285714286,0.142857143,0,0.310344828,0.068656716,0.318181818,0.6875,0,0.250577096,0,0,0,non toxic,0
0.78125,0,0.5,0.013075314,1.60E-06,0.296296296,0.4,0,0.285714286,0.142857143,0,0.310344828,0.140298507,0.318181818,0.6875,0,0.249022838,0,0,0,non toxic,0
0.78125,0,0.5,0.013075314,1.60E-06,0.296296296,0.4,0,0.285714286,0.142857143,0,0.310344828,0.211940299,0.318181818,0.6875,0,0.22104632,0,0,0,toxic,1
0.78125,0,0.5,0.013075314,1.00E-07,0.296296296,0.5375,0,0.285714286,0.142857143,0,0.275862069,0.068656716,0.318181818,0.6875,0,0.342215341,0,0,0,non toxic,0
0.78125,0,0.5,0.013075314,1.00E-07,0.296296296,0.5375,0,0.285714286,0.142857143,0,0.275862069,0.140298507,0.318181818,0.6875,0,0.334432462,0,0,0,non toxic,0
0.78125,0,0.5,0.013075314,1.00E-07,0.296296296,0.5375,0,0.285714286,0.142857143,0,0.275862069,0.211940299,0.318181818,0.6875,0,0.342333389,0,0,0,non toxic,0
0.78125,0,0.5,0.013075314,2.00E-07,0.296296296,0.5375,0,0.285714286,0.142857143,0,0.275862069,0.068656716,0.318181818,0.6875,0,0.323660399,0,0,0,non toxic,0
0.78125,0,0.5,0.013075314,2.00E-07,0.296296296,0.5375,0,0.285714286,0.142857143,0,0.275862069,0.140298507,0.318181818,0.6875,0,0.323710991,0,0,0,non toxic,0
0.78125,0,0.5,0.013075314,2.00E-07,0.296296296,0.5375,0,0.285714286,0.142857143,0,0.275862069,0.211940299,0.318181818,0.6875,0,0.320641676,0,0,0,non toxic,0
0.78125,0,0.5,0.013075314,4.01E-07,0.296296296,0.5375,0,0.285714286,0.142857143,0,0.275862069,0.068656716,0.318181818,0.6875,0,0.320776597,0,0,0,non toxic,0
0.78125,0,0.5,0.013075314,4.01E-07,0.296296296,0.5375,0,0.285714286,0.142857143,0,0.275862069,0.140298507,0.318181818,0.6875,0,0.309856968,0,0,0,non toxic,0
0.78125,0,0.5,0.013075314,4.01E-07,0.296296296,0.5375,0,0.285714286,0.142857143,0,0.275862069,0.211940299,0.318181818,0.6875,0,0.314621116,0,0,0,non toxic,0
0.78125,0,0.5,0.013075314,8.01E-07,0.296296296,0.5375,0,0.285714286,0.142857143,0,0.275862069,0.068656716,0.318181818,0.6875,0,0.302217419,0,0,0,non toxic,0
0.78125,0,0.5,0.013075314,8.01E-07,0.296296296,0.5375,0,0.285714286,0.142857143,0,0.275862069,0.140298507,0.318181818,0.6875,0,0.300708069,0,0,0,non toxic,0
0.78125,0,0.5,0.013075314,8.01E-07,0.296296296,0.5375,0,0.285714286,0.142857143,0,0.275862069,0.211940299,0.318181818,0.6875,0,0.270967857,0,0,0,non toxic,0
0.78125,0,0.5,0.013075314,1.60E-06,0.296296296,0.5375,0,0.285714286,0.142857143,0,0.275862069,0.068656716,0.318181818,0.6875,0,0.246017119,0,0,0,non toxic,0
0.78125,0,0.5,0.013075314,1.60E-06,0.296296296,0.5375,0,0.285714286,0.142857143,0,0.275862069,0.140298507,0.318181818,0.6875,0,0.249217124,0,0,0,non toxic,0
0.78125,0,0.5,0.013075314,1.60E-06,0.296296296,0.5375,0,0.285714286,0.142857143,0,0.275862069,0.211940299,0.318181818,0.6875,0,0.23358812,0,0,0,toxic,1
0.78125,0,0.5,0.013075314,1.00E-07,0.296296296,0.425,0,0.285714286,0.285714286,0,0.517241379,0.068656716,0.318181818,0.6875,0,0.339523655,0,0,0,non toxic,0
0.78125,0,0.5,0.013075314,1.00E-07,0.296296296,0.425,0,0.285714286,0.285714286,0,0.517241379,0.140298507,0.318181818,0.6875,0,0.326730219,0,0,0,non toxic,0
0.78125,0,0.5,0.013075314,1.00E-07,0.296296296,0.425,0,0.285714286,0.285714286,0,0.517241379,0.211940299,0.318181818,0.6875,0,0.326795553,0,0,0,non toxic,0
0.78125,0,0.5,0.013075314,2.00E-07,0.296296296,0.425,0,0.285714286,0.285714286,0,0.517241379,0.068656716,0.318181818,0.6875,0,0.330149636,0,0,0,non toxic,0
0.78125,0,0.5,0.013075314,2.00E-07,0.296296296,0.425,0,0.285714286,0.285714286,0,0.517241379,0.140298507,0.318181818,0.6875,0,0.335028307,0,0,0,non toxic,0
0.78125,0,0.5,0.013075314,2.00E-07,0.296296296,0.425,0,0.285714286,0.285714286,0,0.517241379,0.211940299,0.318181818,0.6875,0,0.293306988,0,0,0,non toxic,0
0.78125,0,0.5,0.013075314,4.01E-07,0.296296296,0.425,0,0.285714286,0.285714286,0,0.517241379,0.068656716,0.318181818,0.6875,0,0.315944876,0,0,0,non toxic,0
0.78125,0,0.5,0.013075314,4.01E-07,0.296296296,0.425,0,0.285714286,0.285714286,0,0.517241379,0.140298507,0.318181818,0.6875,0,0.32566299,0,0,0,non toxic,0
0.78125,0,0.5,0.013075314,4.01E-07,0.296296296,0.425,0,0.285714286,0.285714286,0,0.517241379,0.211940299,0.318181818,0.6875,0,0.280709571,0,0,0,non toxic,0
0.78125,0,0.5,0.013075314,8.01E-07,0.296296296,0.425,0,0.285714286,0.285714286,0,0.517241379,0.068656716,0.318181818,0.6875,0,0.296931134,0,0,0,non toxic,0
0.78125,0,0.5,0.013075314,8.01E-07,0.296296296,0.425,0,0.285714286,0.285714286,0,0.517241379,0.140298507,0.318181818,0.6875,0,0.288955383,0,0,0,non toxic,0
0.78125,0,0.5,0.013075314,8.01E-07,0.296296296,0.425,0,0.285714286,0.285714286,0,0.517241379,0.211940299,0.318181818,0.6875,0,0.279367933,0,0,0,non toxic,0
0.78125,0,0.5,0.013075314,1.60E-06,0.296296296,0.425,0,0.285714286,0.285714286,0,0.517241379,0.068656716,0.318181818,0.6875,0,0.236113323,0,0,0,non toxic,0
0.78125,0,0.5,0.013075314,1.60E-06,0.296296296,0.425,0,0.285714286,0.285714286,0,0.517241379,0.140298507,0.318181818,0.6875,0,0.244219756,0,0,0,non toxic,0
0.78125,0,0.5,0.013075314,1.60E-06,0.296296296,0.425,0,0.285714286,0.285714286,0,0.517241379,0.211940299,0.318181818,0.6875,0,0.220166186,0,0,0,toxic,1
0.78125,0,0.239130435,0.013075314,1.00E-07,0.055555556,0.4,0,0.285714286,0.142857143,0,0.310344828,0.068656716,0.318181818,0.6875,0,0.308162091,0,0,0,non toxic,0
0.78125,0,0.239130435,0.013075314,1.00E-07,0.055555556,0.4,0,0.285714286,0.142857143,0,0.310344828,0.140298507,0.318181818,0.6875,0,0.303309914,0,0,0,non toxic,0
0.78125,0,0.239130435,0.013075314,1.00E-07,0.055555556,0.4,0,0.285714286,0.142857143,0,0.310344828,0.211940299,0.318181818,0.6875,0,0.272579457,0,0,0,non toxic,0
0.78125,0,0.239130435,0.013075314,2.00E-07,0.055555556,0.4,0,0.285714286,0.142857143,0,0.310344828,0.068656716,0.318181818,0.6875,0,0.293605559,0,0,0,non toxic,0
0.78125,0,0.239130435,0.013075314,2.00E-07,0.055555556,0.4,0,0.285714286,0.142857143,0,0.310344828,0.140298507,0.318181818,0.6875,0,0.279049027,0,0,0,non toxic,0
0.78125,0,0.239130435,0.013075314,2.00E-07,0.055555556,0.4,0,0.285714286,0.142857143,0,0.310344828,0.211940299,0.318181818,0.6875,0,0.245083785,0,0,0,non toxic,0
0.78125,0,0.239130435,0.013075314,4.01E-07,0.055555556,0.4,0,0.285714286,0.142857143,0,0.310344828,0.068656716,0.318181818,0.6875,0,0.277431634,0,0,0,non toxic,0
0.78125,0,0.239130435,0.013075314,4.01E-07,0.055555556,0.4,0,0.285714286,0.142857143,0,0.310344828,0.140298507,0.318181818,0.6875,0,0.253170747,0,0,0,non toxic,0
0.78125,0,0.239130435,0.013075314,4.01E-07,0.055555556,0.4,0,0.285714286,0.142857143,0,0.310344828,0.211940299,0.318181818,0.6875,0,0.224057682,0,0,0,toxic,1
0.78125,0,0.239130435,0.013075314,8.01E-07,0.055555556,0.4,0,0.285714286,0.142857143,0,0.310344828,0.068656716,0.318181818,0.6875,0,0.23537943,0,0,0,non toxic,0
0.78125,0,0.239130435,0.013075314,8.01E-07,0.055555556,0.4,0,0.285714286,0.142857143,0,0.310344828,0.140298507,0.318181818,0.6875,0,0.22244029,0,0,0,toxic,1
0.78125,0,0.239130435,0.013075314,8.01E-07,0.055555556,0.4,0,0.285714286,0.142857143,0,0.310344828,0.211940299,0.318181818,0.6875,0,0.19656201,0,0,0,toxic,1
0.78125,0,0.239130435,0.013075314,1.60E-06,0.055555556,0.4,0,0.285714286,0.142857143,0,0.310344828,0.068656716,0.318181818,0.6875,0,0.204648973,0,0,0,toxic,1
0.78125,0,0.239130435,0.013075314,1.60E-06,0.055555556,0.4,0,0.285714286,0.142857143,0,0.310344828,0.140298507,0.318181818,0.6875,0,0.191709833,0,0,0,toxic,1
0.78125,0,0.239130435,0.013075314,1.60E-06,0.055555556,0.4,0,0.285714286,0.142857143,0,0.310344828,0.211940299,0.318181818,0.6875,0,0.172301123,0,0,0,toxic,1
0.78125,0,0.239130435,0.013075314,1.00E-07,0.055555556,0.5375,0,0.285714286,0.142857143,0,0.275862069,0.068656716,0.318181818,0.6875,0,0.297392867,0,0,0,non toxic,0
0.78125,0,0.239130435,0.013075314,1.00E-07,0.055555556,0.5375,0,0.285714286,0.142857143,0,0.275862069,0.140298507,0.318181818,0.6875,0,0.266853284,0,0,0,non toxic,0
0.78125,0,0.239130435,0.013075314,1.00E-07,0.055555556,0.5375,0,0.285714286,0.142857143,0,0.275862069,0.211940299,0.318181818,0.6875,0,0.223454928,0,0,0,toxic,1
0.78125,0,0.239130435,0.013075314,2.00E-07,0.055555556,0.5375,0,0.285714286,0.142857143,0,0.275862069,0.068656716,0.318181818,0.6875,0,0.26524594,0,0,0,non toxic,0
0.78125,0,0.239130435,0.013075314,2.00E-07,0.055555556,0.5375,0,0.285714286,0.142857143,0,0.275862069,0.140298507,0.318181818,0.6875,0,0.234706357,0,0,0,toxic,1
0.78125,0,0.239130435,0.013075314,2.00E-07,0.055555556,0.5375,0,0.285714286,0.142857143,0,0.275862069,0.211940299,0.318181818,0.6875,0,0.20416677,0,0,0,toxic,1
0.78125,0,0.239130435,0.013075314,4.01E-07,0.055555556,0.5375,0,0.285714286,0.142857143,0,0.275862069,0.068656716,0.318181818,0.6875,0,0.229884311,0,0,0,toxic,1
0.78125,0,0.239130435,0.013075314,4.01E-07,0.055555556,0.5375,0,0.285714286,0.142857143,0,0.275862069,0.140298507,0.318181818,0.6875,0,0.208988803,0,0,0,toxic,1
0.78125,0,0.239130435,0.013075314,4.01E-07,0.055555556,0.5375,0,0.285714286,0.142857143,0,0.275862069,0.211940299,0.318181818,0.6875,0,0.180056569,0,0,0,toxic,1
0.78125,0,0.239130435,0.013075314,8.01E-07,0.055555556,0.5375,0,0.285714286,0.142857143,0,0.275862069,0.068656716,0.318181818,0.6875,0,0.200952073,0,0,0,toxic,1
0.78125,0,0.239130435,0.013075314,8.01E-07,0.055555556,0.5375,0,0.285714286,0.142857143,0,0.275862069,0.140298507,0.318181818,0.6875,0,0.183271262,0,0,0,toxic,1
0.78125,0,0.239130435,0.013075314,8.01E-07,0.055555556,0.5375,0,0.285714286,0.142857143,0,0.275862069,0.211940299,0.318181818,0.6875,0,0.163983104,0,0,0,toxic,1
0.78125,0,0.239130435,0.013075314,1.60E-06,0.055555556,0.5375,0,0.285714286,0.142857143,0,0.275862069,0.068656716,0.318181818,0.6875,0,0.168805142,0,0,0,toxic,1
0.78125,0,0.239130435,0.013075314,1.60E-06,0.055555556,0.5375,0,0.285714286,0.142857143,0,0.275862069,0.140298507,0.318181818,0.6875,0,0.165590452,0,0,0,toxic,1
0.78125,0,0.239130435,0.013075314,1.60E-06,0.055555556,0.5375,0,0.285714286,0.142857143,0,0.275862069,0.211940299,0.318181818,0.6875,0,0.154339026,0,0,0,toxic,1
0.78125,0,0.239130435,0.013075314,1.00E-07,0.055555556,0.425,0,0.285714286,0.285714286,0,0.517241379,0.068656716,0.318181818,0.6875,0,0.29508571,0,0,0,non toxic,0
0.78125,0,0.239130435,0.013075314,1.00E-07,0.055555556,0.425,0,0.285714286,0.285714286,0,0.517241379,0.140298507,0.318181818,0.6875,0,0.255206382,0,0,0,non toxic,0
0.78125,0,0.239130435,0.013075314,1.00E-07,0.055555556,0.425,0,0.285714286,0.285714286,0,0.517241379,0.211940299,0.318181818,0.6875,0,0.224920249,0,0,0,toxic,1
0.78125,0,0.239130435,0.013075314,2.00E-07,0.055555556,0.425,0,0.285714286,0.285714286,0,0.517241379,0.068656716,0.318181818,0.6875,0,0.253816749,0,0,0,non toxic,0
0.78125,0,0.239130435,0.013075314,2.00E-07,0.055555556,0.425,0,0.285714286,0.285714286,0,0.517241379,0.140298507,0.318181818,0.6875,0,0.229915992,0,0,0,toxic,1
0.78125,0,0.239130435,0.013075314,2.00E-07,0.055555556,0.425,0,0.285714286,0.285714286,0,0.517241379,0.211940299,0.318181818,0.6875,0,0.209218732,0,0,0,toxic,1
0.78125,0,0.239130435,0.013075314,4.01E-07,0.055555556,0.425,0,0.285714286,0.285714286,0,0.517241379,0.068656716,0.318181818,0.6875,0,0.234920384,0,0,0,non toxic,0
0.78125,0,0.239130435,0.013075314,4.01E-07,0.055555556,0.425,0,0.285714286,0.285714286,0,0.517241379,0.140298507,0.318181818,0.6875,0,0.211010964,0,0,0,toxic,1
0.78125,0,0.239130435,0.013075314,4.01E-07,0.055555556,0.425,0,0.285714286,0.285714286,0,0.517241379,0.211940299,0.318181818,0.6875,0,0.19030505,0,0,0,toxic,1
0.78125,0,0.239130435,0.013075314,8.01E-07,0.055555556,0.425,0,0.285714286,0.285714286,0,0.517241379,0.068656716,0.318181818,0.6875,0,0.200036786,0,0,0,toxic,1
0.78125,0,0.239130435,0.013075314,8.01E-07,0.055555556,0.425,0,0.285714286,0.285714286,0,0.517241379,0.140298507,0.318181818,0.6875,0,0.190512846,0,0,0,toxic,1
0.78125,0,0.239130435,0.013075314,8.01E-07,0.055555556,0.425,0,0.285714286,0.285714286,0,0.517241379,0.211940299,0.318181818,0.6875,0,0.177794057,0,0,0,toxic,1
0.78125,0,0.239130435,0.013075314,1.60E-06,0.055555556,0.425,0,0.285714286,0.285714286,0,0.517241379,0.068656716,0.318181818,0.6875,0,0.16995412,0,0,0,toxic,1
0.78125,0,0.239130435,0.013075314,1.60E-06,0.055555556,0.425,0,0.285714286,0.285714286,0,0.517241379,0.140298507,0.318181818,0.6875,0,0.162023275,0,0,0,toxic,1
0.78125,0,0.239130435,0.013075314,1.60E-06,0.055555556,0.425,0,0.285714286,0.285714286,0,0.517241379,0.211940299,0.318181818,0.6875,0,0.15889769,0,0,0,toxic,1
0.53125,0,0.739130435,0.050209205,1.40E-08,,0.3625,1,0.285714286,0.785714286,0,0.103448276,0.068656716,0.590909091,0.875,0.6,0.254506702,0,0,0,non toxic,0
0.53125,0,0.739130435,0.050209205,2.81E-08,,0.3625,1,0.285714286,0.785714286,0,0.103448276,0.068656716,0.590909091,0.875,0.6,0.233890889,0,0,0,toxic,1
0.53125,0,0.739130435,0.050209205,5.62E-08,,0.3625,1,0.285714286,0.785714286,0,0.103448276,0.068656716,0.590909091,0.875,0.6,0.210019936,0,0,0,toxic,1
0.53125,0,0.739130435,0.050209205,1.12E-07,,0.3625,1,0.285714286,0.785714286,0,0.103448276,0.068656716,0.590909091,0.875,0.6,0.187234029,0,0,0,toxic,1
0.53125,0,0.739130435,0.050209205,2.25E-07,,0.3625,1,0.285714286,0.785714286,0,0.103448276,0.068656716,0.590909091,0.875,0.6,0.179638726,0,0,0,toxic,1
0.53125,0,0.739130435,0.050209205,5.62E-08,,0.3625,1,0.285714286,0.785714286,0,0.103448276,0.068656716,0.454545455,0.125,0.4,0.207098611,0,0,0,toxic,1
0.53125,0,0.739130435,0.05125523,1.32E-08,,0.3625,1,0.285714286,0.785714286,0,0.103448276,0.068656716,0.590909091,0.875,0.6,0.320282302,0,0,0,non toxic,0
0.53125,0,0.739130435,0.05125523,2.64E-08,,0.3625,1,0.285714286,0.785714286,0,0.103448276,0.068656716,0.590909091,0.875,0.6,0.303903635,0,0,0,non toxic,0
0.53125,0,0.739130435,0.05125523,5.29E-08,,0.3625,1,0.285714286,0.785714286,0,0.103448276,0.068656716,0.590909091,0.875,0.6,0.27933565,0,0,0,non toxic,0
0.53125,0,0.739130435,0.05125523,1.06E-07,,0.3625,1,0.285714286,0.785714286,0,0.103448276,0.068656716,0.590909091,0.875,0.6,0.233475414,0,0,0,toxic,1
0.53125,0,0.739130435,0.05125523,2.11E-07,,0.3625,1,0.285714286,0.785714286,0,0.103448276,0.068656716,0.590909091,0.875,0.6,0.230199683,0,0,0,toxic,1
0.53125,0,0.739130435,0.05125523,5.29E-08,,0.3625,1,0.285714286,0.785714286,0,0.103448276,0.068656716,0.454545455,0.125,0.4,0.143502115,0,0,0,toxic,1
0.53125,0,0.739130435,0.176778243,3.36E-10,,0.3625,1,0.285714286,0.785714286,0,0.103448276,0.068656716,0.590909091,0.875,0.6,0.311085582,0,0,0,non toxic,0
0.53125,0,0.739130435,0.176778243,6.72E-10,,0.3625,1,0.285714286,0.785714286,0,0.103448276,0.068656716,0.590909091,0.875,0.6,0.33815491,0,0,0,non toxic,0
0.53125,0,0.739130435,0.176778243,1.34E-09,,0.3625,1,0.285714286,0.785714286,0,0.103448276,0.068656716,0.590909091,0.875,0.6,0.311085582,0,0,0,non toxic,0
0.53125,0,0.739130435,0.176778243,2.69E-09,,0.3625,1,0.285714286,0.785714286,0,0.103448276,0.068656716,0.590909091,0.875,0.6,0.291595658,0,0,0,non toxic,0
0.53125,0,0.739130435,0.176778243,5.38E-09,,0.3625,1,0.285714286,0.785714286,0,0.103448276,0.068656716,0.590909091,0.875,0.6,0.279685147,0,0,0,non toxic,0
0.53125,0,0.739130435,0.176778243,1.34E-09,,0.3625,1,0.285714286,0.785714286,0,0.103448276,0.068656716,0.454545455,0.125,0.4,0.142088859,0,0,0,toxic,1
0.53125,0,0.739130435,0.026150628,6.01E-07,,0.525,0,0.285714286,0.142857143,1,0.896551724,0.140298507,0.590909091,0.875,0.6,0.335366396,0,0,0,non toxic,0
0.53125,0,0.739130435,0.026150628,6.01E-07,,0.4125,0,0.285714286,0.142857143,0,0.896551724,0.140298507,0.590909091,0.875,0.6,0.242063826,0,0,0,non toxic,0
0.53125,0,0.739130435,0.026150628,6.01E-07,,0.4125,0,0.285714286,0.142857143,0,0.896551724,0.068656716,0.590909091,0.875,0.6,0.27750942,0,0,0,non toxic,0
0.53125,0,0.739130435,0.026150628,6.01E-07,,0.4125,0,0.285714286,0.142857143,0,0.896551724,0.140298507,0.590909091,0.875,0.6,0.23045356,0,0,0,toxic,1
0.53125,0,0.739130435,0.026150628,6.01E-07,,0.4125,0,0.285714286,0.142857143,0,0.896551724,0.211940299,0.590909091,0.875,0.6,0.21807553,0,0,0,toxic,1
0.53125,0,0.739130435,0.046025105,1.16E-07,,0.525,0,0.285714286,0.142857143,1,0.896551724,0.140298507,0.590909091,0.875,0.6,0.332089871,0,0,0,non toxic,0
0.53125,0,0.739130435,0.046025105,1.16E-07,,0.4125,0,0.285714286,0.142857143,0,0.896551724,0.140298507,0.590909091,0.875,0.6,0.175234633,0,0,0,toxic,1
0.53125,0,0.739130435,0.046025105,1.16E-07,,0.4125,0,0.285714286,0.142857143,0,0.896551724,0.068656716,0.590909091,0.875,0.6,0.228743311,0,0,0,toxic,1
0.53125,0,0.739130435,0.046025105,1.16E-07,,0.4125,0,0.285714286,0.142857143,0,0.896551724,0.140298507,0.590909091,0.875,0.6,0.157123999,0,0,0,toxic,1
0.53125,0,0.739130435,0.046025105,1.16E-07,,0.4125,0,0.285714286,0.142857143,0,0.896551724,0.211940299,0.590909091,0.875,0.6,0.153415424,0,0,0,toxic,1
0.53125,0,0.739130435,0.080543933,2.23E-08,,0.525,0,0.285714286,0.142857143,1,0.896551724,0.140298507,0.590909091,0.875,0.6,0.330184464,0,0,0,non toxic,0
0.53125,0,0.739130435,0.080543933,2.23E-08,,0.4125,0,0.285714286,0.142857143,0,0.896551724,0.140298507,0.590909091,0.875,0.6,0.268431697,0,0,0,non toxic,0
0.53125,0,0.739130435,0.080543933,2.23E-08,,0.4125,0,0.285714286,0.142857143,0,0.896551724,0.068656716,0.590909091,0.875,0.6,0.301350432,0,0,0,non toxic,0
0.53125,0,0.739130435,0.080543933,2.23E-08,,0.4125,0,0.285714286,0.142857143,0,0.896551724,0.140298507,0.590909091,0.875,0.6,0.279219241,0,0,0,non toxic,0
0.53125,0,0.739130435,0.080543933,2.23E-08,,0.4125,0,0.285714286,0.142857143,0,0.896551724,0.211940299,0.590909091,0.875,0.6,0.272982101,0,0,0,non toxic,0
0.53125,0,0.739130435,0.182008368,1.97E-09,,0.525,0,0.285714286,0.142857143,1,0.896551724,0.140298507,0.590909091,0.875,0.6,0.331028031,0,0,0,non toxic,0
0.53125,0,0.739130435,0.182008368,1.97E-09,,0.4125,0,0.285714286,0.142857143,0,0.896551724,0.140298507,0.590909091,0.875,0.6,0.322307871,0,0,0,non toxic,0
0.53125,0,0.739130435,0.182008368,1.97E-09,,0.4125,0,0.285714286,0.142857143,0,0.896551724,0.068656716,0.590909091,0.875,0.6,0.330609838,0,0,0,non toxic,0
0.53125,0,0.739130435,0.182008368,1.97E-09,,0.4125,0,0.285714286,0.142857143,0,0.896551724,0.140298507,0.590909091,0.875,0.6,0.318593044,0,0,0,non toxic,0
0.53125,0,0.739130435,0.182008368,1.97E-09,,0.4125,0,0.285714286,0.142857143,0,0.896551724,0.211940299,0.590909091,0.875,0.6,0.311272195,0,0,0,non toxic,0
0.375,0,0.739130435,0.091527197,5.08E-12,,0.0125,0,0.285714286,0.142857143,0,0.517241379,0.005970149,0.727272727,0.9375,0.8,0.334897619,0,1,0,non toxic,0
0.375,0,0.739130435,0.091527197,1.81E-11,,0.0125,0,0.285714286,0.142857143,0,0.517241379,0.005970149,0.727272727,0.9375,0.8,0.331682924,0,1,0,non toxic,0
0.375,0,0.739130435,0.091527197,5.08E-11,,0.0125,0,0.285714286,0.142857143,0,0.517241379,0.005970149,0.727272727,0.9375,0.8,0.331682924,0,1,0,non toxic,0
0.375,0,0.739130435,0.091527197,1.69E-10,,0.0125,0,0.285714286,0.142857143,0,0.517241379,0.005970149,0.727272727,0.9375,0.8,0.348827953,0,1,0,non toxic,0
0.375,0,0.739130435,0.091527197,5.45E-10,,0.0125,0,0.285714286,0.142857143,0,0.517241379,0.005970149,0.727272727,0.9375,0.8,0.333826056,0,1,0,non toxic,0
0.375,0,0.739130435,0.091527197,1.75E-09,,0.0125,0,0.285714286,0.142857143,0,0.517241379,0.005970149,0.727272727,0.9375,0.8,0.349899517,0,1,0,non toxic,0
0.375,0,0.739130435,0.091527197,5.45E-09,,0.0125,0,0.285714286,0.142857143,0,0.517241379,0.005970149,0.727272727,0.9375,0.8,0.293106604,0,1,0,non toxic,0
0.375,0,0.739130435,0.091527197,1.75E-08,,0.0125,0,0.285714286,0.142857143,0,0.517241379,0.005970149,0.727272727,0.9375,0.8,0.275961575,0,1,0,non toxic,0
0.375,0,0.739130435,0.091527197,5.45E-08,,0.0125,0,0.285714286,0.142857143,0,0.517241379,0.005970149,0.727272727,0.9375,0.8,0.330611359,0,1,0,non toxic,0
0.375,0,0.739130435,0.091527197,1.69E-07,,0.0125,0,0.285714286,0.142857143,0,0.517241379,0.005970149,0.727272727,0.9375,0.8,0.295249736,0,1,0,non toxic,0
0.375,0,0.739130435,0.091527197,5.08E-12,,0.0125,0,0.285714286,0.142857143,0,0.517241379,0.068656716,0.727272727,0.9375,0.8,0.33275449,0,1,0,non toxic,0
0.375,0,0.739130435,0.091527197,1.64E-11,,0.0125,0,0.285714286,0.142857143,0,0.517241379,0.068656716,0.727272727,0.9375,0.8,0.335969187,0,1,0,non toxic,0
0.375,0,0.739130435,0.091527197,5.08E-11,,0.0125,0,0.285714286,0.142857143,0,0.517241379,0.068656716,0.727272727,0.9375,0.8,0.330611359,0,1,0,non toxic,0
0.375,0,0.739130435,0.091527197,1.69E-10,,0.0125,0,0.285714286,0.142857143,0,0.517241379,0.068656716,0.727272727,0.9375,0.8,0.304893824,0,1,0,non toxic,0
0.375,0,0.739130435,0.091527197,5.08E-10,,0.0125,0,0.285714286,0.142857143,0,0.517241379,0.068656716,0.727272727,0.9375,0.8,0.244886217,0,1,0,non toxic,0
0.375,0,0.739130435,0.091527197,1.69E-09,,0.0125,0,0.285714286,0.142857143,0,0.517241379,0.068656716,0.727272727,0.9375,0.8,0.220240233,0,1,0,toxic,1
0.375,0,0.739130435,0.091527197,5.08E-09,,0.0125,0,0.285714286,0.142857143,0,0.517241379,0.068656716,0.727272727,0.9375,0.8,0.172019839,0,1,0,toxic,1
0.375,0,0.739130435,0.091527197,1.69E-08,,0.0125,0,0.285714286,0.142857143,0,0.517241379,0.068656716,0.727272727,0.9375,0.8,0.177377656,0,1,0,toxic,1
0.375,0,0.739130435,0.091527197,5.26E-08,,0.0125,0,0.285714286,0.142857143,0,0.517241379,0.068656716,0.727272727,0.9375,0.8,0.19452269,0,1,0,toxic,1
0.375,0,0.739130435,0.091527197,1.69E-07,,0.0125,0,0.285714286,0.142857143,0,0.517241379,0.068656716,0.727272727,0.9375,0.8,0.219168667,0,1,0,toxic,1
0.375,0,0.739130435,0.091527197,5.08E-12,,0.0125,0,0.285714286,0.142857143,0,0.517241379,0.005970149,0.590909091,0.875,0.6,0.358472033,0,1,0,non toxic,0
0.375,0,0.739130435,0.091527197,1.69E-11,,0.0125,0,0.285714286,0.142857143,0,0.517241379,0.005970149,0.590909091,0.875,0.6,0.372402376,0,1,0,non toxic,0
0.375,0,0.739130435,0.091527197,5.08E-11,,0.0125,0,0.285714286,0.142857143,0,0.517241379,0.005970149,0.590909091,0.875,0.6,0.370259245,0,1,0,non toxic,0
0.375,0,0.739130435,0.091527197,1.69E-10,,0.0125,0,0.285714286,0.142857143,0,0.517241379,0.005970149,0.590909091,0.875,0.6,0.384189587,0,1,0,non toxic,0
0.375,0,0.739130435,0.091527197,5.08E-10,,0.0125,0,0.285714286,0.142857143,0,0.517241379,0.005970149,0.590909091,0.875,0.6,0.365973004,0,1,0,non toxic,0
0.375,0,0.739130435,0.091527197,1.64E-09,,0.0125,0,0.285714286,0.142857143,0,0.517241379,0.005970149,0.590909091,0.875,0.6,0.328468228,0,1,0,non toxic,0
0.375,0,0.739130435,0.091527197,5.08E-09,,0.0125,0,0.285714286,0.142857143,0,0.517241379,0.005970149,0.590909091,0.875,0.6,0.151660115,0,1,0,toxic,1
0.375,0,0.739130435,0.091527197,1.64E-08,,0.0125,0,0.285714286,0.142857143,0,0.517241379,0.005970149,0.590909091,0.875,0.6,0.127014133,0,1,0,toxic,1
0.375,0,0.739130435,0.091527197,5.26E-08,,0.0125,0,0.285714286,0.142857143,0,0.517241379,0.005970149,0.590909091,0.875,0.6,0.127014133,0,1,0,toxic,1
0.375,0,0.739130435,0.091527197,1.69E-07,,0.0125,0,0.285714286,0.142857143,0,0.517241379,0.005970149,0.590909091,0.875,0.6,0.127014133,0,1,0,toxic,1
0.375,0,0.739130435,0.091527197,5.26E-12,,0.0125,0,0.285714286,0.142857143,0,0.517241379,0.068656716,0.590909091,0.875,0.6,0.360615165,0,1,0,non toxic,0
0.375,0,0.739130435,0.091527197,1.75E-11,,0.0125,0,0.285714286,0.142857143,0,0.517241379,0.068656716,0.590909091,0.875,0.6,0.33275449,0,1,0,non toxic,0
0.375,0,0.739130435,0.091527197,5.08E-11,,0.0125,0,0.285714286,0.142857143,0,0.517241379,0.068656716,0.590909091,0.875,0.6,0.346684844,0,1,0,non toxic,0
0.375,0,0.739130435,0.091527197,1.69E-10,,0.0125,0,0.285714286,0.142857143,0,0.517241379,0.068656716,0.590909091,0.875,0.6,0.346684844,0,1,0,non toxic,0
0.375,0,0.739130435,0.091527197,4.91E-10,,0.0125,0,0.285714286,0.142857143,0,0.517241379,0.068656716,0.590909091,0.875,0.6,0.334897619,0,1,0,non toxic,0
0.375,0,0.739130435,0.091527197,1.69E-09,,0.0125,0,0.285714286,0.142857143,0,0.517241379,0.068656716,0.590909091,0.875,0.6,0.271675313,0,1,0,non toxic,0
0.375,0,0.739130435,0.091527197,5.08E-09,,0.0125,0,0.285714286,0.142857143,0,0.517241379,0.068656716,0.590909091,0.875,0.6,0.157017935,0,1,0,toxic,1
0.375,0,0.739130435,0.091527197,1.69E-08,,0.0125,0,0.285714286,0.142857143,0,0.517241379,0.068656716,0.590909091,0.875,0.6,0.135586649,0,1,0,toxic,1
0.375,0,0.739130435,0.091527197,5.08E-08,,0.0125,0,0.285714286,0.142857143,0,0.517241379,0.068656716,0.590909091,0.875,0.6,0.135586649,0,1,0,toxic,1
0.375,0,0.739130435,0.091527197,1.69E-07,,0.0125,0,0.285714286,0.142857143,0,0.517241379,0.068656716,0.590909091,0.875,0.6,0.127014133,0,1,0,toxic,1
0.375,0,0.739130435,0.091527197,4.91E-12,,0.75,0,0.285714286,0.571428571,0,0.103448276,0.005970149,0.727272727,0.9375,0.8,0.372561126,0,1,0,non toxic,0
0.375,0,0.739130435,0.091527197,1.61E-11,,0.75,0,0.285714286,0.571428571,0,0.103448276,0.008955224,0.727272727,0.9375,0.8,0.362520173,0,1,0,non toxic,0
0.375,0,0.739130435,0.091527197,4.91E-11,,0.75,0,0.285714286,0.571428571,0,0.103448276,0.011940299,0.727272727,0.9375,0.8,0.30866413,0,1,0,non toxic,0
0.375,0,0.739130435,0.091527197,1.55E-10,,0.75,0,0.285714286,0.571428571,0,0.103448276,0.014925373,0.727272727,0.9375,0.8,0.32783325,0,1,0,non toxic,0
0.375,0,0.739130435,0.091527197,5.26E-10,,0.75,0,0.285714286,0.571428571,0,0.103448276,0.017910448,0.727272727,0.9375,0.8,0.326007602,0,1,0,non toxic,0
0.375,0,0.739130435,0.091527197,1.72E-09,,0.75,0,0.285714286,0.571428571,0,0.103448276,0.020895522,0.727272727,0.9375,0.8,0.370735513,0,1,0,non toxic,0
0.375,0,0.739130435,0.091527197,5.08E-09,,0.75,0,0.285714286,0.571428571,0,0.103448276,0.023880597,0.727272727,0.9375,0.8,0.338787008,0,1,0,non toxic,0
0.375,0,0.739130435,0.091527197,1.72E-08,,0.75,0,0.285714286,0.571428571,0,0.103448276,0.026865672,0.727272727,0.9375,0.8,0.336048547,0,1,0,non toxic,0
0.375,0,0.739130435,0.091527197,5.08E-08,,0.75,0,0.285714286,0.571428571,0,0.103448276,0.029850746,0.727272727,0.9375,0.8,0.297710372,0,1,0,non toxic,0
0.375,0,0.739130435,0.091527197,1.72E-07,,0.75,0,0.285714286,0.571428571,0,0.103448276,0.032835821,0.727272727,0.9375,0.8,0.286756592,0,1,0,non toxic,0
0.375,0,0.739130435,0.091527197,4.91E-12,,0.75,0,0.285714286,0.571428571,0,0.103448276,0.068656716,0.727272727,0.9375,0.8,0.363432986,0,1,0,non toxic,0
0.375,0,0.739130435,0.091527197,1.72E-11,,0.75,0,0.285714286,0.571428571,0,0.103448276,0.068656716,0.727272727,0.9375,0.8,0.35065359,0,1,0,non toxic,0
0.375,0,0.739130435,0.091527197,5.26E-11,,0.75,0,0.285714286,0.571428571,0,0.103448276,0.068656716,0.727272727,0.9375,0.8,0.32783325,0,1,0,non toxic,0
0.375,0,0.739130435,0.091527197,1.66E-10,,0.75,0,0.285714286,0.571428571,0,0.103448276,0.068656716,0.727272727,0.9375,0.8,0.273977207,0,1,0,non toxic,0
0.375,0,0.739130435,0.091527197,5.08E-10,,0.75,0,0.285714286,0.571428571,0,0.103448276,0.068656716,0.727272727,0.9375,0.8,0.191823934,0,1,0,toxic,1
0.375,0,0.739130435,0.091527197,1.66E-09,,0.75,0,0.285714286,0.571428571,0,0.103448276,0.068656716,0.727272727,0.9375,0.8,0.176306095,0,1,0,toxic,1
0.375,0,0.739130435,0.091527197,5.08E-09,,0.75,0,0.285714286,0.571428571,0,0.103448276,0.068656716,0.727272727,0.9375,0.8,0.165352328,0,1,0,toxic,1
0.375,0,0.739130435,0.091527197,1.72E-08,,0.75,0,0.285714286,0.571428571,0,0.103448276,0.068656716,0.727272727,0.9375,0.8,0.167177952,0,1,0,toxic,1
0.375,0,0.739130435,0.091527197,5.26E-08,,0.75,0,0.285714286,0.571428571,0,0.103448276,0.068656716,0.727272727,0.9375,0.8,0.172654836,0,1,0,toxic,1
0.375,0,0.739130435,0.091527197,1.72E-07,,0.75,0,0.285714286,0.571428571,0,0.103448276,0.068656716,0.727272727,0.9375,0.8,0.182695796,0,1,0,toxic,1
0.375,0,0.739130435,0.091527197,5.08E-12,,0.75,0,0.285714286,0.571428571,0,0.103448276,0.005970149,0.590909091,0.875,0.6,0.354304854,0,1,0,non toxic,0
0.375,0,0.739130435,0.091527197,1.61E-11,,0.75,0,0.285714286,0.571428571,0,0.103448276,0.005970149,0.590909091,0.875,0.6,0.362520173,0,1,0,non toxic,0
0.375,0,0.739130435,0.091527197,5.08E-11,,0.75,0,0.285714286,0.571428571,0,0.103448276,0.005970149,0.590909091,0.875,0.6,0.332397316,0,1,0,non toxic,0
0.375,0,0.739130435,0.091527197,1.66E-10,,0.75,0,0.285714286,0.571428571,0,0.103448276,0.005970149,0.590909091,0.875,0.6,0.352479206,0,1,0,non toxic,0
0.375,0,0.739130435,0.091527197,5.26E-10,,0.75,0,0.285714286,0.571428571,0,0.103448276,0.005970149,0.590909091,0.875,0.6,0.328746052,0,1,0,non toxic,0
0.375,0,0.739130435,0.091527197,1.66E-09,,0.75,0,0.285714286,0.571428571,0,0.103448276,0.005970149,0.590909091,0.875,0.6,0.310489778,0,1,0,non toxic,0
0.375,0,0.739130435,0.091527197,5.08E-09,,0.75,0,0.285714286,0.571428571,0,0.103448276,0.005970149,0.590909091,0.875,0.6,0.152572926,0,1,0,toxic,1
0.375,0,0.739130435,0.091527197,1.72E-08,,0.75,0,0.285714286,0.571428571,0,0.103448276,0.005970149,0.590909091,0.875,0.6,0.15531137,0,1,0,toxic,1
0.375,0,0.739130435,0.091527197,5.26E-08,,0.75,0,0.285714286,0.571428571,0,0.103448276,0.005970149,0.590909091,0.875,0.6,0.134316646,0,1,0,toxic,1
0.375,0,0.739130435,0.091527197,1.72E-07,,0.75,0,0.285714286,0.571428571,0,0.103448276,0.005970149,0.590909091,0.875,0.6,0.127014133,0,1,0,toxic,1
0.375,0,0.739130435,0.091527197,4.91E-12,,0.75,0,0.285714286,0.571428571,0,0.103448276,0.068656716,0.590909091,0.875,0.6,0.357043281,0,1,0,non toxic,0
0.375,0,0.739130435,0.091527197,1.66E-11,,0.75,0,0.285714286,0.571428571,0,0.103448276,0.068656716,0.590909091,0.875,0.6,0.31687947,0,1,0,non toxic,0
0.375,0,0.739130435,0.091527197,5.08E-11,,0.75,0,0.285714286,0.571428571,0,0.103448276,0.068656716,0.590909091,0.875,0.6,0.332397316,0,1,0,non toxic,0
0.375,0,0.739130435,0.091527197,1.66E-10,,0.75,0,0.285714286,0.571428571,0,0.103448276,0.068656716,0.590909091,0.875,0.6,0.307751328,0,1,0,non toxic,0
0.375,0,0.739130435,0.091527197,5.08E-10,,0.75,0,0.285714286,0.571428571,0,0.103448276,0.068656716,0.590909091,0.875,0.6,0.228336498,0,1,0,toxic,1
0.375,0,0.739130435,0.091527197,1.66E-09,,0.75,0,0.285714286,0.571428571,0,0.103448276,0.068656716,0.590909091,0.875,0.6,0.195475187,0,1,0,toxic,1
0.375,0,0.739130435,0.091527197,5.26E-09,,0.75,0,0.285714286,0.571428571,0,0.103448276,0.068656716,0.590909091,0.875,0.6,0.148921673,0,1,0,toxic,1
0.375,0,0.739130435,0.091527197,1.66E-08,,0.75,0,0.285714286,0.571428571,0,0.103448276,0.068656716,0.590909091,0.875,0.6,0.148921673,0,1,0,toxic,1
0.375,0,0.739130435,0.091527197,5.08E-08,,0.75,0,0.285714286,0.571428571,0,0.103448276,0.068656716,0.590909091,0.875,0.6,0.13979353,0,1,0,toxic,1
0.375,0,0.739130435,0.091527197,1.72E-07,,0.75,0,0.285714286,0.571428571,0,0.103448276,0.068656716,0.590909091,0.875,0.6,0.127014133,0,1,0,toxic,1
0.625,0,0.739130435,0.007322176,1.73E-07,,0.7625,0,0.571428571,0.785714286,0,0.103448276,0.068656716,0.909090909,0.875,0.6,0.357626892,1,0,1,non toxic,0
0.625,0,0.739130435,0.007322176,8.65E-07,,0.7625,0,0.571428571,0.785714286,0,0.103448276,0.068656716,0.909090909,0.875,0.6,0.34130421,1,0,1,non toxic,0
0.625,0,0.739130435,0.007322176,1.73E-06,,0.7625,0,0.571428571,0.785714286,0,0.103448276,0.068656716,0.909090909,0.875,0.6,0.357528425,1,0,1,non toxic,0
0.625,0,0.739130435,0.007322176,6.92E-06,,0.7625,0,0.571428571,0.785714286,0,0.103448276,0.068656716,0.909090909,0.875,0.6,0.371727557,1,0,1,non toxic,0
0.625,0,0.739130435,0.007322176,1.38E-05,,0.7625,0,0.571428571,0.785714286,0,0.103448276,0.068656716,0.909090909,0.875,0.6,0.377784109,1,0,1,non toxic,0
0.625,0,0.739130435,0.007322176,1.73E-07,,0.7625,0,0.571428571,0.785714286,0,0.103448276,0.068656716,0.409090909,0.375,0.2,0.178207204,1,0,1,toxic,1
0.625,0,0.739130435,0.007322176,8.65E-07,,0.7625,0,0.571428571,0.785714286,0,0.103448276,0.068656716,0.409090909,0.375,0.2,0.178225289,1,0,1,toxic,1
0.625,0,0.739130435,0.007322176,1.73E-06,,0.7625,0,0.571428571,0.785714286,0,0.103448276,0.068656716,0.409090909,0.375,0.2,0.180693988,1,0,1,toxic,1
0.625,0,0.739130435,0.007322176,6.92E-06,,0.7625,0,0.571428571,0.785714286,0,0.103448276,0.068656716,0.409090909,0.375,0.2,0.179895199,1,0,1,toxic,1
0.625,0,0.739130435,0.007322176,1.38E-05,,0.7625,0,0.571428571,0.785714286,0,0.103448276,0.068656716,0.409090909,0.375,0.2,0.17256145,1,0,1,toxic,1
0.625,0,0.739130435,0.667364017,2.26E-16,,0.2875,1,0.285714286,0,0,0.413793103,0.032835821,0.590909091,0.875,0.6,0.337820347,0,1,0,non toxic,0
0.625,0,0.739130435,0.667364017,2.26E-15,,0.2875,1,0.285714286,0,0,0.413793103,0.032835821,0.590909091,0.875,0.6,0.340243395,0,1,0,non toxic,0
0.625,0,0.739130435,0.667364017,2.26E-14,,0.2875,1,0.285714286,0,0,0.413793103,0.032835821,0.590909091,0.875,0.6,0.340243395,0,1,0,non toxic,0
0.625,0,0.739130435,0.667364017,2.26E-13,,0.2875,1,0.285714286,0,0,0.413793103,0.032835821,0.590909091,0.875,0.6,0.335397277,0,1,0,non toxic,0
0.625,0,0.739130435,0.667364017,1.13E-12,,0.2875,1,0.285714286,0,0,0.413793103,0.032835821,0.590909091,0.875,0.6,0.328128111,0,1,0,non toxic,0
0.625,0,0.739130435,0.667364017,2.26E-12,,0.2875,1,0.285714286,0,0,0.413793103,0.032835821,0.590909091,0.875,0.6,0.328128111,0,1,0,non toxic,0
0.625,0,0.739130435,0.667364017,4.53E-12,,0.2875,1,0.285714286,0,0,0.413793103,0.032835821,0.590909091,0.875,0.6,0.328128111,0,1,0,non toxic,0
0.625,0,0.739130435,0.667364017,1.13E-11,,0.2875,1,0.285714286,0,0,0.413793103,0.032835821,0.590909091,0.875,0.6,0.316012807,0,1,0,non toxic,0
0.625,0,0.739130435,0.667364017,2.26E-11,,0.2875,1,0.285714286,0,0,0.413793103,0.032835821,0.590909091,0.875,0.6,0.284513031,0,1,0,non toxic,0
0.625,0,0.739130435,0.667364017,2.26E-16,,0.2875,1,0.285714286,0,0,0.413793103,0.068656716,0.590909091,0.875,0.6,0.340243395,0,1,0,non toxic,0
0.625,0,0.739130435,0.667364017,2.26E-15,,0.2875,1,0.285714286,0,0,0.413793103,0.068656716,0.590909091,0.875,0.6,0.340243395,0,1,0,non toxic,0
0.625,0,0.739130435,0.667364017,2.26E-14,,0.2875,1,0.285714286,0,0,0.413793103,0.068656716,0.590909091,0.875,0.6,0.337820347,0,1,0,non toxic,0
0.625,0,0.739130435,0.667364017,2.26E-13,,0.2875,1,0.285714286,0,0,0.413793103,0.068656716,0.590909091,0.875,0.6,0.332974218,0,1,0,non toxic,0
0.625,0,0.739130435,0.667364017,1.13E-12,,0.2875,1,0.285714286,0,0,0.413793103,0.068656716,0.590909091,0.875,0.6,0.316012807,0,1,0,non toxic,0
0.625,0,0.739130435,0.667364017,2.26E-12,,0.2875,1,0.285714286,0,0,0.413793103,0.068656716,0.590909091,0.875,0.6,0.313589737,0,1,0,non toxic,0
0.625,0,0.739130435,0.667364017,4.53E-12,,0.2875,1,0.285714286,0,0,0.413793103,0.068656716,0.590909091,0.875,0.6,0.303897502,0,1,0,non toxic,0
0.625,0,0.739130435,0.667364017,1.13E-11,,0.2875,1,0.285714286,0,0,0.413793103,0.068656716,0.590909091,0.875,0.6,0.279666901,0,1,0,non toxic,0
0.625,0,0.739130435,0.667364017,2.26E-11,,0.2875,1,0.285714286,0,0,0.413793103,0.068656716,0.590909091,0.875,0.6,0.262705491,0,1,0,non toxic,0
0.625,0,0.739130435,0.667364017,2.26E-16,,0.2875,1,0.285714286,0,0,0.413793103,0.032835821,0.409090909,0.375,0.2,0.228038551,0,1,0,toxic,1
0.625,0,0.739130435,0.667364017,2.26E-15,,0.2875,1,0.285714286,0,0,0.413793103,0.032835821,0.409090909,0.375,0.2,0.227981164,0,1,0,toxic,1
0.625,0,0.739130435,0.667364017,2.26E-14,,0.2875,1,0.285714286,0,0,0.413793103,0.032835821,0.409090909,0.375,0.2,0.223880295,0,1,0,toxic,1
0.625,0,0.739130435,0.667364017,2.26E-13,,0.2875,1,0.285714286,0,0,0.413793103,0.032835821,0.409090909,0.375,0.2,0.207643758,0,1,0,toxic,1
0.625,0,0.739130435,0.667364017,1.13E-12,,0.2875,1,0.285714286,0,0,0.413793103,0.032835821,0.409090909,0.375,0.2,0.207586362,0,1,0,toxic,1
0.625,0,0.739130435,0.667364017,2.26E-12,,0.2875,1,0.285714286,0,0,0.413793103,0.032835821,0.409090909,0.375,0.2,0.203480266,0,1,0,toxic,1
0.625,0,0.739130435,0.667364017,4.53E-12,,0.2875,1,0.285714286,0,0,0.413793103,0.032835821,0.409090909,0.375,0.2,0.187248956,0,1,0,toxic,1
0.625,0,0.739130435,0.667364017,1.13E-11,,0.2875,1,0.285714286,0,0,0.413793103,0.032835821,0.409090909,0.375,0.2,0.158881984,0,1,0,toxic,1
0.625,0,0.739130435,0.667364017,2.26E-11,,0.2875,1,0.285714286,0,0,0.413793103,0.032835821,0.409090909,0.375,0.2,0.154781118,0,1,0,toxic,1
0.625,0,0.739130435,0.667364017,2.26E-16,,0.2875,1,0.285714286,0,0,0.413793103,0.068656716,0.409090909,0.375,0.2,0.217697681,0,1,0,toxic,1
0.625,0,0.739130435,0.667364017,2.26E-15,,0.2875,1,0.285714286,0,0,0.413793103,0.068656716,0.409090909,0.375,0.2,0.225727248,0,1,0,toxic,1
0.625,0,0.739130435,0.667364017,2.26E-14,,0.2875,1,0.285714286,0,0,0.413793103,0.068656716,0.409090909,0.375,0.2,0.217582894,0,1,0,toxic,1
0.625,0,0.739130435,0.667364017,2.26E-13,,0.2875,1,0.285714286,0,0,0.413793103,0.068656716,0.409090909,0.375,0.2,0.197308103,0,1,0,toxic,1
0.625,0,0.739130435,0.667364017,1.13E-12,,0.2875,1,0.285714286,0,0,0.413793103,0.068656716,0.409090909,0.375,0.2,0.197245477,0,1,0,toxic,1
0.625,0,0.739130435,0.667364017,2.26E-12,,0.2875,1,0.285714286,0,0,0.413793103,0.068656716,0.409090909,0.375,0.2,0.18505243,0,1,0,toxic,1
0.625,0,0.739130435,0.667364017,4.53E-12,,0.2875,1,0.285714286,0,0,0.413793103,0.068656716,0.409090909,0.375,0.2,0.172859382,0,1,0,toxic,1
0.625,0,0.739130435,0.667364017,1.13E-11,,0.2875,1,0.285714286,0,0,0.413793103,0.068656716,0.409090909,0.375,0.2,0.136410666,0,1,0,toxic,1
0.625,0,0.739130435,0.667364017,2.26E-11,,0.2875,1,0.285714286,0,0,0.413793103,0.068656716,0.409090909,0.375,0.2,0.132309778,0,1,0,toxic,1
0.03125,0,0.739130435,0.028242678,1.22E-08,,0.1375,0,1,0.142857143,0,0.551724138,0.068656716,0.727272727,0.9375,0.8,0.340791216,0,0,0,non toxic,0
0.03125,0,0.739130435,0.028242678,2.44E-08,,0.1375,0,1,0.142857143,0,0.551724138,0.068656716,0.727272727,0.9375,0.8,0.344541712,0,0,0,non toxic,0
0.03125,0,0.739130435,0.028242678,6.10E-08,,0.1375,0,1,0.142857143,0,0.551724138,0.068656716,0.727272727,0.9375,0.8,0.341728842,0,0,0,non toxic,0
0.03125,0,0.739130435,0.028242678,1.22E-07,,0.1375,0,1,0.142857143,0,0.551724138,0.068656716,0.727272727,0.9375,0.8,0.329539793,0,0,0,non toxic,0
0.03125,0,0.739130435,0.028242678,2.44E-07,,0.1375,0,1,0.142857143,0,0.551724138,0.068656716,0.727272727,0.9375,0.8,0.291097436,0,0,0,non toxic,0
0.03125,0,0.739130435,0.028242678,1.22E-08,,0.1375,0,1,0.142857143,0,0.551724138,0.068656716,0.590909091,0.875,0.6,0.300961266,0,0,0,non toxic,0
0.03125,0,0.739130435,0.028242678,6.10E-08,,0.1375,0,1,0.142857143,0,0.551724138,0.068656716,0.590909091,0.875,0.6,0.285622563,0,0,0,non toxic,0
0.03125,0,0.739130435,0.028242678,1.22E-07,,0.1375,0,1,0.142857143,0,0.551724138,0.068656716,0.590909091,0.875,0.6,0.27171357,0,0,0,non toxic,0
0.03125,0,0.739130435,0.028242678,2.44E-07,,0.1375,0,1,0.142857143,0,0.551724138,0.068656716,0.590909091,0.875,0.6,0.298309885,0,0,0,non toxic,0
0.03125,0,0.739130435,0.248953975,3.92E-15,,0.2875,1,0.285714286,0,0,0.413793103,0.032835821,0.590909091,0.875,0.6,0.335397277,0,1,0,non toxic,0
0.03125,0,0.739130435,0.248953975,3.92E-14,,0.2875,1,0.285714286,0,0,0.413793103,0.032835821,0.590909091,0.875,0.6,0.332974218,0,1,0,non toxic,0
0.03125,0,0.739130435,0.248953975,3.92E-13,,0.2875,1,0.285714286,0,0,0.413793103,0.032835821,0.590909091,0.875,0.6,0.337820347,0,1,0,non toxic,0
0.03125,0,0.739130435,0.248953975,3.92E-12,,0.2875,1,0.285714286,0,0,0.413793103,0.032835821,0.590909091,0.875,0.6,0.345089534,0,1,0,non toxic,0
0.03125,0,0.739130435,0.248953975,1.96E-11,,0.2875,1,0.285714286,0,0,0.413793103,0.032835821,0.590909091,0.875,0.6,0.335397277,0,1,0,non toxic,0
0.03125,0,0.739130435,0.248953975,3.92E-11,,0.2875,1,0.285714286,0,0,0.413793103,0.032835821,0.590909091,0.875,0.6,0.335397277,0,1,0,non toxic,0
0.03125,0,0.739130435,0.248953975,7.84E-11,,0.2875,1,0.285714286,0,0,0.413793103,0.032835821,0.590909091,0.875,0.6,0.332974218,0,1,0,non toxic,0
0.03125,0,0.739130435,0.248953975,1.96E-10,,0.2875,1,0.285714286,0,0,0.413793103,0.032835821,0.590909091,0.875,0.6,0.340243395,0,1,0,non toxic,0
0.03125,0,0.739130435,0.248953975,3.92E-10,,0.2875,1,0.285714286,0,0,0.413793103,0.032835821,0.590909091,0.875,0.6,0.328128111,0,1,0,non toxic,0
0.03125,0,0.739130435,0.248953975,3.92E-15,,0.2875,1,0.285714286,0,0,0.413793103,0.068656716,0.590909091,0.875,0.6,0.328128111,0,1,0,non toxic,0
0.03125,0,0.739130435,0.248953975,3.92E-14,,0.2875,1,0.285714286,0,0,0.413793103,0.068656716,0.590909091,0.875,0.6,0.335397277,0,1,0,non toxic,0
0.03125,0,0.739130435,0.248953975,3.92E-13,,0.2875,1,0.285714286,0,0,0.413793103,0.068656716,0.590909091,0.875,0.6,0.330551159,0,1,0,non toxic,0
0.03125,0,0.739130435,0.248953975,3.92E-12,,0.2875,1,0.285714286,0,0,0.413793103,0.068656716,0.590909091,0.875,0.6,0.337820347,0,1,0,non toxic,0
0.03125,0,0.739130435,0.248953975,1.96E-11,,0.2875,1,0.285714286,0,0,0.413793103,0.068656716,0.590909091,0.875,0.6,0.332974218,0,1,0,non toxic,0
0.03125,0,0.739130435,0.248953975,3.92E-11,,0.2875,1,0.285714286,0,0,0.413793103,0.068656716,0.590909091,0.875,0.6,0.335397277,0,1,0,non toxic,0
0.03125,0,0.739130435,0.248953975,7.84E-11,,0.2875,1,0.285714286,0,0,0.413793103,0.068656716,0.590909091,0.875,0.6,0.32570505,0,1,0,non toxic,0
0.03125,0,0.739130435,0.248953975,1.96E-10,,0.2875,1,0.285714286,0,0,0.413793103,0.068656716,0.590909091,0.875,0.6,0.32570505,0,1,0,non toxic,0
0.03125,0,0.739130435,0.248953975,3.92E-10,,0.2875,1,0.285714286,0,0,0.413793103,0.068656716,0.590909091,0.875,0.6,0.306320561,0,1,0,non toxic,0
0.03125,0,0.739130435,0.248953975,3.92E-15,,0.2875,1,0.285714286,0,0,0.413793103,0.032835821,0.409090909,0.375,0.2,0.219356807,0,1,0,toxic,1
0.03125,0,0.739130435,0.248953975,3.92E-14,,0.2875,1,0.285714286,0,0,0.413793103,0.032835821,0.409090909,0.375,0.2,0.215250721,0,1,0,toxic,1
0.03125,0,0.739130435,0.248953975,3.92E-13,,0.2875,1,0.285714286,0,0,0.413793103,0.032835821,0.409090909,0.375,0.2,0.223280288,0,1,0,toxic,1
0.03125,0,0.739130435,0.248953975,3.92E-12,,0.2875,1,0.285714286,0,0,0.413793103,0.032835821,0.409090909,0.375,0.2,0.207048976,0,1,0,toxic,1
0.03125,0,0.739130435,0.248953975,1.96E-11,,0.2875,1,0.285714286,0,0,0.413793103,0.032835821,0.409090909,0.375,0.2,0.19890462,0,1,0,toxic,1
0.03125,0,0.739130435,0.248953975,3.92E-11,,0.2875,1,0.285714286,0,0,0.413793103,0.032835821,0.409090909,0.375,0.2,0.202885497,0,1,0,toxic,1
0.03125,0,0.739130435,0.248953975,7.84E-11,,0.2875,1,0.285714286,0,0,0.413793103,0.032835821,0.409090909,0.375,0.2,0.202822893,0,1,0,toxic,1
0.03125,0,0.739130435,0.248953975,1.96E-10,,0.2875,1,0.285714286,0,0,0.413793103,0.032835821,0.409090909,0.375,0.2,0.198722005,0,1,0,toxic,1
0.03125,0,0.739130435,0.248953975,3.92E-10,,0.2875,1,0.285714286,0,0,0.413793103,0.032835821,0.409090909,0.375,0.2,0.198659402,0,1,0,toxic,1
0.03125,0,0.739130435,0.248953975,3.92E-15,,0.2875,1,0.285714286,0,0,0.413793103,0.068656716,0.409090909,0.375,0.2,0.221146376,0,1,0,toxic,1
0.03125,0,0.739130435,0.248953975,3.92E-14,,0.2875,1,0.285714286,0,0,0.413793103,0.068656716,0.409090909,0.375,0.2,0.225127249,0,1,0,toxic,1
0.03125,0,0.739130435,0.248953975,3.92E-13,,0.2875,1,0.285714286,0,0,0.413793103,0.068656716,0.409090909,0.375,0.2,0.22102638,0,1,0,toxic,1
0.03125,0,0.739130435,0.248953975,3.92E-12,,0.2875,1,0.285714286,0,0,0.413793103,0.068656716,0.409090909,0.375,0.2,0.200751574,0,1,0,toxic,1
0.03125,0,0.739130435,0.248953975,1.96E-11,,0.2875,1,0.285714286,0,0,0.413793103,0.068656716,0.409090909,0.375,0.2,0.204732452,0,1,0,toxic,1
0.03125,0,0.739130435,0.248953975,3.92E-11,,0.2875,1,0.285714286,0,0,0.413793103,0.068656716,0.409090909,0.375,0.2,0.196588104,0,1,0,toxic,1
0.03125,0,0.739130435,0.248953975,7.84E-11,,0.2875,1,0.285714286,0,0,0.413793103,0.068656716,0.409090909,0.375,0.2,0.196530697,0,1,0,toxic,1
0.03125,0,0.739130435,0.248953975,1.96E-10,,0.2875,1,0.285714286,0,0,0.413793103,0.068656716,0.409090909,0.375,0.2,0.18433765,0,1,0,toxic,1
0.03125,0,0.739130435,0.248953975,3.92E-10,,0.2875,1,0.285714286,0,0,0.413793103,0.068656716,0.409090909,0.375,0.2,0.184275046,0,1,0,toxic,1
0.03125,0,0.739130435,0.046025105,5.87E-08,,0.775,0,0.285714286,0.142857143,0,0.206896552,0.140298507,0.181818182,0.25,1,0.251880672,0,0,0,non toxic,0
0.03125,0,0.739130435,0.046025105,7.34E-08,,0.775,0,0.285714286,0.142857143,0,0.206896552,0.140298507,0.181818182,0.25,1,0.227777271,0,0,0,toxic,1
0.03125,0,0.739130435,0.046025105,8.81E-08,,0.775,0,0.285714286,0.142857143,0,0.206896552,0.140298507,0.181818182,0.25,1,0.210329708,0,0,0,toxic,1
0.8125,0,0.173913043,0.00460251,3.33E-06,,0.825,0,0.571428571,0,0,0.793103448,0.068656716,0.545454545,0.875,0.6,0.353449081,0,0,0,non toxic,0
0.8125,0,0.173913043,0.00460251,3.33E-05,,0.825,0,0.571428571,0,0,0.793103448,0.068656716,0.545454545,0.875,0.6,0.319140757,0,0,0,non toxic,0
0.8125,0,0,0.00460251,3.33E-06,,0.825,0,0.571428571,0,0,0.793103448,0.068656716,0.545454545,0.875,0.6,0.330576857,0,0,0,non toxic,0
0.8125,0,0,0.00460251,3.33E-05,,0.825,0,0.571428571,0,0,0.793103448,0.068656716,0.545454545,0.875,0.6,0.223077448,0,0,0,toxic,1
0.8125,0,0.847826087,0.00460251,3.33E-06,,0.825,0,0.571428571,0,0,0.793103448,0.068656716,0.545454545,0.875,0.6,0.191056341,0,0,0,toxic,1
0.8125,0,0.847826087,0.00460251,3.33E-05,,0.825,0,0.571428571,0,0,0.793103448,0.068656716,0.545454545,0.875,0.6,0.178857823,0,0,0,toxic,1
0.8125,0,0.173913043,0.00460251,3.33E-06,,0.35,0,0.285714286,0,1,0.620689655,0.068656716,0.545454545,0.875,0.6,0.363808857,0,0,0,non toxic,0
0.8125,0,0.173913043,0.00460251,3.33E-05,,0.35,0,0.285714286,0,1,0.620689655,0.068656716,0.545454545,0.875,0.6,0.368248761,0,0,0,non toxic,0
0.8125,0,0,0.00460251,3.33E-06,,0.35,0,0.285714286,0,1,0.620689655,0.068656716,0.545454545,0.875,0.6,0.366768782,0,0,0,non toxic,0
0.8125,0,0,0.00460251,3.33E-05,,0.35,0,0.285714286,0,1,0.620689655,0.068656716,0.545454545,0.875,0.6,0.249851394,0,0,0,non toxic,0
0.8125,0,0.847826087,0.00460251,3.33E-06,,0.35,0,0.285714286,0,1,0.620689655,0.068656716,0.545454545,0.875,0.6,0.31053004,0,0,0,non toxic,0
0.8125,0,0.847826087,0.00460251,3.33E-05,,0.35,0,0.285714286,0,1,0.620689655,0.068656716,0.545454545,0.875,0.6,0.175853042,0,0,0,toxic,1
0.8125,0,0.826086957,0.001882845,7.77E-06,,0.725,0,0.857142857,0.357142857,0,0.75862069,0.068656716,0.136363636,0,0.6,0.345837826,0,0,0,non toxic,0
0.8125,0,0.826086957,0.001882845,3.11E-05,,0.725,0,0.857142857,0.357142857,0,0.75862069,0.068656716,0.136363636,0,0.6,0.328712486,0,0,0,non toxic,0
0.8125,0,0.760869565,0.009414226,1.82E-07,,0.725,0,0.857142857,0.357142857,0,0.75862069,0.068656716,0.136363636,0,0.6,0.334420933,0,0,0,non toxic,0
0.8125,0,0.760869565,0.009414226,7.27E-07,,0.725,0,0.857142857,0.357142857,0,0.75862069,0.068656716,0.136363636,0,0.6,0.342032188,0,0,0,non toxic,0
0.8125,0,0.043478261,0.009414226,3.33E-08,,0.6,0,0.285714286,0.285714286,0,0.137931034,0.068656716,0.454545455,0.125,0.4,0.323749593,0,0,0,non toxic,0
0.8125,0,0.043478261,0.009414226,3.33E-07,,0.6,0,0.285714286,0.285714286,0,0.137931034,0.068656716,0.454545455,0.125,0.4,0.306934598,0,0,0,non toxic,0
0.8125,0,0.043478261,0.009414226,3.33E-06,,0.6,0,0.285714286,0.285714286,0,0.137931034,0.068656716,0.454545455,0.125,0.4,0.261113729,0,0,0,non toxic,0
0.8125,0,0.043478261,0.009414226,3.33E-08,,0.4,0,0.285714286,0.142857143,0,0.310344828,0.068656716,0.454545455,0.125,0.4,0.326271841,0,0,0,non toxic,0
0.8125,0,0.043478261,0.009414226,3.33E-07,,0.4,0,0.285714286,0.142857143,0,0.310344828,0.068656716,0.454545455,0.125,0.4,0.301469709,0,0,0,non toxic,0
0.8125,0,0.043478261,0.009414226,3.33E-06,,0.4,0,0.285714286,0.142857143,0,0.310344828,0.068656716,0.454545455,0.125,0.4,0.252285861,0,0,0,non toxic,0
0.8125,0,0.739130435,0.005230126,5.60E-05,,0.1625,0,0.285714286,0.142857143,0,0.344827586,0.068656716,0.590909091,0.875,0.6,0.350069477,0,0,0,non toxic,0
0.8125,0,0.739130435,0.005230126,0.00028,,0.1625,0,0.285714286,0.142857143,0,0.344827586,0.068656716,0.590909091,0.875,0.6,0.32260449,0,0,0,non toxic,0
0.8125,0,0.739130435,0.005230126,0.0014,,0.1625,0,0.285714286,0.142857143,0,0.344827586,0.068656716,0.590909091,0.875,0.6,0.31647771,0,0,0,non toxic,0
0.8125,0,0.739130435,0.005230126,0.007,,0.1625,0,0.285714286,0.142857143,0,0.344827586,0.068656716,0.590909091,0.875,0.6,0.317462292,0,0,0,non toxic,0
0.8125,0,0.565217391,0.005230126,5.60E-05,,0.1625,0,0.285714286,0.142857143,0,0.344827586,0.068656716,0.590909091,0.875,0.6,0.279551475,0,0,0,non toxic,0
0.8125,0,0.565217391,0.005230126,0.00028,,0.1625,0,0.285714286,0.142857143,0,0.344827586,0.068656716,0.590909091,0.875,0.6,0.241614715,0,0,0,non toxic,0
0.8125,0,0.739130435,0.001569038,0.001666667,,0.1625,0,0.285714286,0.142857143,0,0.344827586,0.068656716,0.590909091,0.875,0.6,0.310487093,0,0,0,non toxic,0
0.8125,0,0.739130435,0.001569038,0.003333333,,0.1625,0,0.285714286,0.142857143,0,0.344827586,0.068656716,0.590909091,0.875,0.6,0.300883825,0,0,0,non toxic,0
0.8125,0,0.739130435,0.001569038,0.006666667,,0.1625,0,0.285714286,0.142857143,0,0.344827586,0.068656716,0.590909091,0.875,0.6,0.31806862,0,0,0,non toxic,0
0.8125,0,0.739130435,0.001569038,0.013333333,,0.1625,0,0.285714286,0.142857143,0,0.344827586,0.068656716,0.590909091,0.875,0.6,0.189182657,0,0,0,toxic,1
0.8125,0,0.565217391,0.001569038,0.000833333,,0.1625,0,0.285714286,0.142857143,0,0.344827586,0.068656716,0.590909091,0.875,0.6,0.373498008,0,0,0,non toxic,0
0.8125,0,0.565217391,0.001569038,0.001666667,,0.1625,0,0.285714286,0.142857143,0,0.344827586,0.068656716,0.590909091,0.875,0.6,0.353449081,0,0,0,non toxic,0
0.8125,0,0.565217391,0.001569038,0.003333333,,0.1625,0,0.285714286,0.142857143,0,0.344827586,0.068656716,0.590909091,0.875,0.6,0.290943601,0,0,0,non toxic,0
0.8125,0,0.739130435,0.000523013,0.001666667,,0.1625,0,0.285714286,0.142857143,0,0.344827586,0.068656716,0.590909091,0.875,0.6,0.285720771,0,0,0,non toxic,0
0.8125,0,0.739130435,0.000523013,0.003333333,,0.1625,0,0.285714286,0.142857143,0,0.344827586,0.068656716,0.590909091,0.875,0.6,0.196258749,0,0,0,toxic,1
0.8125,0,0.739130435,0.000523013,0.006666667,,0.1625,0,0.285714286,0.142857143,0,0.344827586,0.068656716,0.590909091,0.875,0.6,0.180084824,0,0,0,toxic,1
0.8125,0,0.739130435,0.000523013,0.013333333,,0.1625,0,0.285714286,0.142857143,0,0.344827586,0.068656716,0.590909091,0.875,0.6,0.139650012,0,0,0,toxic,1
0.8125,0,0.565217391,0.000523013,0.000833333,,0.1625,0,0.285714286,0.142857143,0,0.344827586,0.068656716,0.590909091,0.875,0.6,0.355807778,0,0,0,non toxic,0
0.8125,0,0.565217391,0.000523013,0.001666667,,0.1625,0,0.285714286,0.142857143,0,0.344827586,0.068656716,0.590909091,0.875,0.6,0.31806862,0,0,0,non toxic,0
0.8125,0,0.565217391,0.000523013,0.003333333,,0.1625,0,0.285714286,0.142857143,0,0.344827586,0.068656716,0.590909091,0.875,0.6,0.296840344,0,0,0,non toxic,0
0.8125,0,0.739130435,0.00041841,0.001666667,,0.1625,0,0.285714286,0.142857143,0,0.344827586,0.068656716,0.590909091,0.875,0.6,0.137628272,0,0,0,toxic,1
0.8125,0,0.739130435,0.00041841,0.003333333,,0.1625,0,0.285714286,0.142857143,0,0.344827586,0.068656716,0.590909091,0.875,0.6,0.137628272,0,0,0,toxic,1
0.8125,0,0.739130435,0.00041841,0.006666667,,0.1625,0,0.285714286,0.142857143,0,0.344827586,0.068656716,0.590909091,0.875,0.6,0.13257392,0,0,0,toxic,1
0.8125,0,0.739130435,0.00041841,0.013333333,,0.1625,0,0.285714286,0.142857143,0,0.344827586,0.068656716,0.590909091,0.875,0.6,0.135606531,0,0,0,toxic,1
0.8125,0,0.565217391,0.00041841,0.000833333,,0.1625,0,0.285714286,0.142857143,0,0.344827586,0.068656716,0.590909091,0.875,0.6,0.35462843,0,0,0,non toxic,0
0.8125,0,0.565217391,0.00041841,0.001666667,,0.1625,0,0.285714286,0.142857143,0,0.344827586,0.068656716,0.590909091,0.875,0.6,0.272074022,0,0,0,non toxic,0
0.8125,0,0.565217391,0.00041841,0.003333333,,0.1625,0,0.285714286,0.142857143,0,0.344827586,0.068656716,0.590909091,0.875,0.6,0.263818581,0,0,0,non toxic,0
0.8125,0,0.739130435,0.025104603,6.67E-07,,0.8,0,0.285714286,0.142857143,0,0.275862069,0.068656716,0.454545455,0.125,0.4,0.338880953,0,0,0,non toxic,0
0.8125,0,0.739130435,0.025104603,1.67E-06,,0.8,0,0.285714286,0.142857143,0,0.275862069,0.068656716,0.454545455,0.125,0.4,0.325142002,0,0,0,non toxic,0
0.8125,0,0.739130435,0.025104603,3.33E-06,,0.8,0,0.285714286,0.142857143,0,0.275862069,0.068656716,0.454545455,0.125,0.4,0.296109186,0,0,0,non toxic,0
0.8125,0,0.739130435,0.025104603,6.67E-06,,0.8,0,0.285714286,0.142857143,0,0.275862069,0.068656716,0.454545455,0.125,0.4,0.161292278,0,0,0,toxic,1
0.8125,0,0.739130435,0.025104603,1.00E-05,,0.8,0,0.285714286,0.142857143,0,0.275862069,0.068656716,0.454545455,0.125,0.4,0.127779904,0,0,0,toxic,1
0.8125,0,0.347826087,0.030334728,6.67E-07,,0.8,0,0.285714286,0.142857143,0,0.275862069,0.068656716,0.454545455,0.125,0.4,0.338113507,0,0,0,non toxic,0
0.8125,0,0.347826087,0.030334728,1.67E-06,,0.8,0,0.285714286,0.142857143,0,0.275862069,0.068656716,0.454545455,0.125,0.4,0.332816461,0,0,0,non toxic,0
0.8125,0,0.347826087,0.030334728,3.33E-06,,0.8,0,0.285714286,0.142857143,0,0.275862069,0.068656716,0.454545455,0.125,0.4,0.321434904,0,0,0,non toxic,0
0.8125,0,0.347826087,0.030334728,6.67E-06,,0.8,0,0.285714286,0.142857143,0,0.275862069,0.068656716,0.454545455,0.125,0.4,0.315548926,0,0,0,non toxic,0
0.8125,0,0.347826087,0.030334728,1.00E-05,,0.8,0,0.285714286,0.142857143,0,0.275862069,0.068656716,0.454545455,0.125,0.4,0.269755757,0,0,0,non toxic,0
0.8125,0,0.347826087,0.037656904,6.67E-07,,0.8,0,0.285714286,0.142857143,0,0.275862069,0.068656716,0.454545455,0.125,0.4,0.340415845,0,0,0,non toxic,0
0.8125,0,0.347826087,0.037656904,1.67E-06,,0.8,0,0.285714286,0.142857143,0,0.275862069,0.068656716,0.454545455,0.125,0.4,0.33819192,0,0,0,non toxic,0
0.8125,0,0.347826087,0.037656904,3.33E-06,,0.8,0,0.285714286,0.142857143,0,0.275862069,0.068656716,0.454545455,0.125,0.4,0.330644256,0,0,0,non toxic,0
0.8125,0,0.347826087,0.037656904,6.67E-06,,0.8,0,0.285714286,0.142857143,0,0.275862069,0.068656716,0.454545455,0.125,0.4,0.33243107,0,0,0,non toxic,0
0.8125,0,0.347826087,0.037656904,1.00E-05,,0.8,0,0.285714286,0.142857143,0,0.275862069,0.068656716,0.454545455,0.125,0.4,0.299689489,0,0,0,non toxic,0
0.8125,0,0.695652174,0.013912134,6.67E-08,0.140740741,0.725,0,0.857142857,0.357142857,0,0,0.017910448,0.181818182,0.25,1,0.333709075,1,0,0,non toxic,0
0.8125,0,0.695652174,0.013912134,6.67E-08,0.140740741,0.725,0,0.857142857,0.357142857,0,0,0.032835821,0.181818182,0.25,1,0.342012003,1,0,0,non toxic,0
0.8125,0,0.695652174,0.013912134,6.67E-08,0.140740741,0.725,0,0.857142857,0.357142857,0,0,0.047761194,0.181818182,0.25,1,0.339900658,1,0,0,non toxic,0
0.8125,0,0.695652174,0.013912134,6.67E-08,0.140740741,0.725,0,0.857142857,0.357142857,0,0,0.026865672,0.590909091,0.875,0.6,0.333215566,1,0,0,non toxic,0
0.8125,0,0.695652174,0.013912134,6.67E-08,0.140740741,0.725,0,0.857142857,0.357142857,0,0,0.044776119,0.590909091,0.875,0.6,0.339229764,1,0,0,non toxic,0
0.8125,0,0.673913043,0.011192469,6.67E-08,0.133333333,0.725,0,0.857142857,0.357142857,0,0,0.017910448,0.181818182,0.25,1,0.258587813,1,0,0,non toxic,0
0.8125,0,0.673913043,0.011192469,6.67E-08,0.133333333,0.725,0,0.857142857,0.357142857,0,0,0.032835821,0.181818182,0.25,1,0.245832357,1,0,0,non toxic,0
0.8125,0,0.673913043,0.011192469,6.67E-08,0.133333333,0.725,0,0.857142857,0.357142857,0,0,0.047761194,0.181818182,0.25,1,0.18484762,1,0,0,toxic,1
0.8125,0,0.673913043,0.011192469,6.67E-08,0.133333333,0.725,0,0.857142857,0.357142857,0,0,0.026865672,0.590909091,0.875,0.6,0.290256931,1,0,0,non toxic,0
0.8125,0,0.673913043,0.011192469,6.67E-08,0.133333333,0.725,0,0.857142857,0.357142857,0,0,0.044776119,0.590909091,0.875,0.6,0.232692365,1,0,0,toxic,1
0.8125,0,0.695652174,0.004497908,6.67E-08,0.044444444,0.725,0,0.857142857,0.357142857,0,0,0.017910448,0.181818182,0.25,1,0.266412706,1,0,0,non toxic,0
0.8125,0,0.695652174,0.004497908,6.67E-08,0.044444444,0.725,0,0.857142857,0.357142857,0,0,0.032835821,0.181818182,0.25,1,0.317150709,1,0,0,non toxic,0
0.8125,0,0.695652174,0.004497908,6.67E-08,0.044444444,0.725,0,0.857142857,0.357142857,0,0,0.047761194,0.181818182,0.25,1,0.242087198,1,0,0,non toxic,0
0.8125,0,0.695652174,0.004497908,6.67E-08,0.044444444,0.725,0,0.857142857,0.357142857,0,0,0.026865672,0.590909091,0.875,0.6,0.317750447,1,0,0,non toxic,0
0.8125,0,0.695652174,0.004497908,6.67E-08,0.044444444,0.725,0,0.857142857,0.357142857,0,0,0.044776119,0.590909091,0.875,0.6,0.324623847,1,0,0,non toxic,0
0.8125,0,0.673913043,0.002719665,6.67E-08,0.155555556,0.725,0,0.857142857,0.357142857,0,0,0.017910448,0.181818182,0.25,1,0.24407349,1,0,0,non toxic,0
0.8125,0,0.673913043,0.002719665,6.67E-08,0.155555556,0.725,0,0.857142857,0.357142857,0,0,0.032835821,0.181818182,0.25,1,0.191657559,1,0,0,toxic,1
0.8125,0,0.673913043,0.002719665,6.67E-08,0.155555556,0.725,0,0.857142857,0.357142857,0,0,0.047761194,0.181818182,0.25,1,0.172175907,1,0,0,toxic,1
0.8125,0,0.673913043,0.002719665,6.67E-08,0.155555556,0.725,0,0.857142857,0.357142857,0,0,0.026865672,0.590909091,0.875,0.6,0.263622585,1,0,0,non toxic,0
0.8125,0,0.673913043,0.002719665,6.67E-08,0.155555556,0.725,0,0.857142857,0.357142857,0,0,0.044776119,0.590909091,0.875,0.6,0.217227261,1,0,0,toxic,1
0.90625,0,0.739130435,0.013598326,4.36E-08,,0.7625,0,0.571428571,0.785714286,0,0.103448276,0.068656716,0.909090909,0.875,0.6,0.366392922,1,0,1,non toxic,0
0.90625,0,0.739130435,0.013598326,2.18E-07,,0.7625,0,0.571428571,0.785714286,0,0.103448276,0.068656716,0.909090909,0.875,0.6,0.402961886,1,0,1,non toxic,0
0.90625,0,0.739130435,0.013598326,4.36E-07,,0.7625,0,0.571428571,0.785714286,0,0.103448276,0.068656716,0.909090909,0.875,0.6,0.358156588,1,0,1,non toxic,0
0.90625,0,0.739130435,0.013598326,1.74E-06,,0.7625,0,0.571428571,0.785714286,0,0.103448276,0.068656716,0.909090909,0.875,0.6,0.288942293,1,0,1,non toxic,0
0.90625,0,0.739130435,0.013598326,3.49E-06,,0.7625,0,0.571428571,0.785714286,0,0.103448276,0.068656716,0.909090909,0.875,0.6,0.266511518,1,0,1,non toxic,0
0.90625,0,0.739130435,0.013598326,4.36E-08,,0.7625,0,0.571428571,0.785714286,0,0.103448276,0.068656716,0.409090909,0.375,0.2,0.170621761,1,0,1,toxic,1
0.90625,0,0.739130435,0.013598326,2.18E-07,,0.7625,0,0.571428571,0.785714286,0,0.103448276,0.068656716,0.409090909,0.375,0.2,0.176356435,1,0,1,toxic,1
0.90625,0,0.739130435,0.013598326,4.36E-07,,0.7625,0,0.571428571,0.785714286,0,0.103448276,0.068656716,0.409090909,0.375,0.2,0.198430023,1,0,1,toxic,1
0.90625,0,0.739130435,0.013598326,1.74E-06,,0.7625,0,0.571428571,0.785714286,0,0.103448276,0.068656716,0.409090909,0.375,0.2,0.214785523,1,0,1,toxic,1
0.90625,0,0.739130435,0.013598326,3.49E-06,,0.7625,0,0.571428571,0.785714286,0,0.103448276,0.068656716,0.409090909,0.375,0.2,0.217254224,1,0,1,toxic,1
0.90625,0,0.739130435,0.099372385,3.61E-09,0.274074074,0.1625,0,0.285714286,0.142857143,0,0.344827586,0.068656716,0.454545455,0.5,0.4,0.342666464,0,1,1,non toxic,0
0.90625,0,0.739130435,0.099372385,3.61E-09,0.274074074,0.1625,0,0.285714286,0.142857143,0,0.344827586,0.068656716,0.454545455,0.0625,0.4,0.342666464,0,1,1,non toxic,0
0.90625,0,0.739130435,0.099372385,3.61E-09,0.274074074,0.1625,0,0.285714286,0.142857143,0,0.344827586,0.068656716,0.409090909,0.375,0.2,0.354243544,0,1,1,non toxic,0
0.90625,0,0.739130435,0.099372385,3.61E-09,0.274074074,0.1625,0,0.285714286,0.142857143,0,0.344827586,0.068656716,0.590909091,0.375,0.6,0.357751959,0,1,1,non toxic,0
0.90625,0,0.217391304,0.099372385,3.61E-09,0.274074074,0.1625,0,0.285714286,0.142857143,0,0.344827586,0.068656716,0.454545455,0.5,0.4,0.343753977,0,1,1,non toxic,0
0.90625,0,0.217391304,0.099372385,3.61E-09,0.274074074,0.1625,0,0.285714286,0.142857143,0,0.344827586,0.068656716,0.454545455,0.0625,0.4,0.342666464,0,1,1,non toxic,0
0.90625,0,0.217391304,0.099372385,3.61E-09,0.274074074,0.1625,0,0.285714286,0.142857143,0,0.344827586,0.068656716,0.590909091,0.875,0.6,0.335302724,0,1,1,non toxic,0
0.90625,0,0.739130435,0.624686192,1.12E-10,1,1,1,0.285714286,0.571428571,0,0.931034483,0.068656716,0.863636364,0.6875,0,0.273977207,0,1,0,non toxic,0
0.90625,0,0.739130435,0.624686192,2.80E-11,1,1,1,0.285714286,0.571428571,0,0.931034483,0.068656716,0.863636364,0.6875,0,0.376212392,0,1,0,non toxic,0
0.90625,0,0.739130435,0.624686192,1.12E-10,1,0.975,1,0.285714286,0.571428571,0,0.931034483,0.068656716,0.863636364,0.6875,0,0.277811031,0,1,0,non toxic,0
0.90625,0,0.739130435,0.624686192,2.80E-11,1,0.975,1,0.285714286,0.571428571,0,0.931034483,0.068656716,0.863636364,0.6875,0,0.316149218,0,1,0,non toxic,0
0.90625,0,0.739130435,0.624686192,1.86E-10,1,0.9625,1,0.285714286,0.142857143,0,0.931034483,0.068656716,0.863636364,0.6875,0,0.303903635,0,1,0,non toxic,0
0.90625,0,0.739130435,0.624686192,1.12E-10,1,0.7625,0,0.571428571,0.785714286,0,0.103448276,0.068656716,0.863636364,0.6875,0,0.222759255,0,1,0,toxic,1
0.90625,0,0.739130435,0.624686192,2.80E-11,1,0.7625,0,0.571428571,0.785714286,0,0.103448276,0.068656716,0.863636364,0.6875,0,0.262502509,0,1,0,non toxic,0
0.90625,0,0.739130435,0.624686192,1.12E-10,1,0.0125,0,0.285714286,0.142857143,0,0.517241379,0.068656716,0.863636364,0.6875,0,0.351815351,0,1,0,non toxic,0
0.90625,0,0.739130435,0.624686192,2.80E-11,1,0.0125,0,0.285714286,0.142857143,0,0.517241379,0.068656716,0.863636364,0.6875,0,0.388410895,0,1,0,non toxic,0
0.90625,0,0.739130435,0.25,1.73E-09,0.785185185,1,1,0.285714286,0.571428571,0,0.931034483,0.068656716,0.863636364,0.6875,0,0.360877096,0,1,0,non toxic,0
0.90625,0,0.739130435,0.25,4.33E-10,0.785185185,1,1,0.285714286,0.571428571,0,0.931034483,0.068656716,0.863636364,0.6875,0,0.433719687,0,1,0,non toxic,0
0.90625,0,0.739130435,0.25,1.73E-09,0.785185185,0.975,1,0.285714286,0.571428571,0,0.931034483,0.068656716,0.863636364,0.6875,0,0.314871283,0,1,0,non toxic,0
0.90625,0,0.739130435,0.25,4.33E-10,0.785185185,0.975,1,0.285714286,0.571428571,0,0.931034483,0.068656716,0.863636364,0.6875,0,0.353209459,0,1,0,non toxic,0
0.90625,0,0.739130435,0.25,2.89E-09,0.785185185,0.9625,1,0.285714286,0.142857143,0,0.931034483,0.068656716,0.863636364,0.6875,0,0.314822751,0,1,0,non toxic,0
0.90625,0,0.739130435,0.25,1.73E-09,0.785185185,0.7625,0,0.571428571,0.785714286,0,0.103448276,0.068656716,0.863636364,0.6875,0,0.291406703,0,1,0,non toxic,0
0.90625,0,0.739130435,0.25,1.73E-09,0.785185185,0.0125,0,0.285714286,0.142857143,0,0.517241379,0.068656716,0.863636364,0.6875,0,0.372727084,0,1,0,non toxic,0
0.90625,0,0.739130435,0.25,4.33E-10,0.785185185,0.0125,0,0.285714286,0.142857143,0,0.517241379,0.068656716,0.863636364,0.6875,0,0.369241808,0,1,0,non toxic,0
0.90625,0,0.739130435,0.384937238,4.76E-10,0.940740741,1,1,0.285714286,0.571428571,0,0.931034483,0.068656716,0.863636364,0.6875,0,0.134681772,0,1,0,toxic,1
0.90625,0,0.739130435,0.384937238,1.19E-10,0.940740741,1,1,0.285714286,0.571428571,0,0.931034483,0.068656716,0.863636364,0.6875,0,0.389630754,0,1,0,non toxic,0
0.90625,0,0.739130435,0.384937238,4.76E-10,0.940740741,0.975,1,0.285714286,0.571428571,0,0.931034483,0.068656716,0.863636364,0.6875,0,0.201773611,0,1,0,toxic,1
0.90625,0,0.739130435,0.384937238,1.19E-10,0.940740741,0.975,1,0.285714286,0.571428571,0,0.931034483,0.068656716,0.863636364,0.6875,0,0.33212347,0,1,0,non toxic,0
0.90625,0,0.739130435,0.384937238,7.94E-10,0.940740741,0.9875,1,0.285714286,0.142857143,0,0.931034483,0.068656716,0.863636364,0.6875,0,0.314822751,0,1,0,non toxic,0
0.90625,0,0.739130435,0.384937238,1.19E-10,0.940740741,0.7625,0,0.571428571,0.785714286,0,0.103448276,0.068656716,0.863636364,0.6875,0,0.295019721,0,1,0,non toxic,0
0.90625,0,0.739130435,0.384937238,4.76E-10,0.940740741,0.7625,0,0.571428571,0.785714286,0,0.103448276,0.068656716,0.863636364,0.6875,0,0.197468095,0,1,0,toxic,1
0.90625,0,0.739130435,0.384937238,1.19E-10,0.940740741,0.7625,0,0.571428571,0.785714286,0,0.103448276,0.068656716,0.863636364,0.6875,0,0.255276463,0,1,0,non toxic,0
0.90625,0,0.739130435,0.384937238,4.76E-10,0.940740741,0.0125,0,0.285714286,0.142857143,0,0.517241379,0.068656716,0.863636364,0.6875,0,0.336131543,0,1,0,non toxic,0
0.90625,0,0.739130435,0.384937238,1.19E-10,0.940740741,0.0125,0,0.285714286,0.142857143,0,0.517241379,0.068656716,0.863636364,0.6875,0,0.393638826,0,1,0,non toxic,0
0.90625,0,0.739130435,0.029811715,5.90E-08,,0.1625,0,0.285714286,0.142857143,0,0.344827586,0.008955224,0.863636364,0.6875,0,0.349893729,1,1,1,non toxic,0
0.90625,0,0.739130435,0.029811715,1.21E-07,,0.1625,0,0.285714286,0.142857143,0,0.344827586,0.008955224,0.863636364,0.6875,0,0.349893729,1,1,1,non toxic,0
0.90625,0,0.739130435,0.029811715,2.41E-07,,0.1625,0,0.285714286,0.142857143,0,0.344827586,0.008955224,0.863636364,0.6875,0,0.351292558,1,1,1,non toxic,0
0.90625,0,0.739130435,0.029811715,4.86E-07,,0.1625,0,0.285714286,0.142857143,0,0.344827586,0.008955224,0.863636364,0.6875,0,0.343832151,1,1,1,non toxic,0
0.90625,0,0.739130435,0.029811715,9.69E-07,,0.1625,0,0.285714286,0.142857143,0,0.344827586,0.008955224,0.863636364,0.6875,0,0.318187013,1,1,1,non toxic,0
0.90625,0,0.739130435,0.029811715,1.93E-06,,0.1625,0,0.285714286,0.142857143,0,0.344827586,0.008955224,0.863636364,0.6875,0,0.212808789,1,1,1,toxic,1
0.90625,0,0.739130435,0.029811715,3.89E-06,,0.1625,0,0.285714286,0.142857143,0,0.344827586,0.008955224,0.863636364,0.6875,0,0.163383606,1,1,1,toxic,1
0.90625,0,0.739130435,0.029811715,7.74E-06,,0.1625,0,0.285714286,0.142857143,0,0.344827586,0.008955224,0.863636364,0.6875,0,0.154990652,1,1,1,toxic,1
0.90625,0,0.739130435,0.029811715,1.55E-05,,0.1625,0,0.285714286,0.142857143,0,0.344827586,0.008955224,0.863636364,0.6875,0,0.160119682,1,1,1,toxic,1
0.90625,0,0.739130435,0.012552301,3.63E-05,0.155555556,0.7625,0,0.571428571,0.785714286,0,0.103448276,0.068656716,0.227272727,0,0.6,0.358183857,1,1,1,non toxic,0
0.90625,0,0.739130435,0.012552301,0.000363148,0.155555556,0.7625,0,0.571428571,0.785714286,0,0.103448276,0.068656716,0.227272727,0,0.6,0.343948742,1,1,1,non toxic,0
0.90625,0,0.739130435,0.012552301,0.00363148,0.155555556,0.7625,0,0.571428571,0.785714286,0,0.103448276,0.068656716,0.227272727,0,0.6,0.277631544,1,1,1,non toxic,0
0.90625,0,0.739130435,0.012552301,0.036314799,0.155555556,0.7625,0,0.571428571,0.785714286,0,0.103448276,0.068656716,0.227272727,0,0.6,0.175504457,1,1,1,toxic,1
0.90625,0,0.739130435,0.012552301,3.63E-05,0.155555556,0.7625,0,0.571428571,0.785714286,0,0.103448276,0.068656716,1,0.875,0.6,0.392435593,1,1,1,non toxic,0
0.90625,0,0.739130435,0.012552301,0.000363148,0.155555556,0.7625,0,0.571428571,0.785714286,0,0.103448276,0.068656716,1,0.875,0.6,0.373324721,1,1,1,non toxic,0
0.90625,0,0.739130435,0.012552301,0.00363148,0.155555556,0.7625,0,0.571428571,0.785714286,0,0.103448276,0.068656716,1,0.875,0.6,0.305376489,1,1,1,non toxic,0
0.90625,0,0.739130435,0.012552301,0.036314799,0.155555556,0.7625,0,0.571428571,0.785714286,0,0.103448276,0.068656716,1,0.875,0.6,0.180466971,1,1,1,toxic,1
0.90625,0,0.739130435,0.012552301,3.63E-05,0.155555556,0.7625,0,0.571428571,0.785714286,0,0.103448276,0.068656716,0.409090909,0.375,0.2,0.13373608,1,1,1,toxic,1
0.90625,0,0.739130435,0.012552301,0.000363148,0.155555556,0.7625,0,0.571428571,0.785714286,0,0.103448276,0.068656716,0.409090909,0.375,0.2,0.139028268,1,1,1,toxic,1
0.90625,0,0.739130435,0.012552301,0.00363148,0.155555556,0.7625,0,0.571428571,0.785714286,0,0.103448276,0.068656716,0.409090909,0.375,0.2,0.175247656,1,1,1,toxic,1
0.90625,0,0.739130435,0.012552301,0.036314799,0.155555556,0.7625,0,0.571428571,0.785714286,0,0.103448276,0.068656716,0.409090909,0.375,0.2,0.278200672,1,1,1,non toxic,0
0.90625,0,0.739130435,0.012552301,3.63E-05,0.155555556,0.7625,0,0.571428571,0.785714286,0,0.103448276,0.068656716,0.454545455,0.4375,0.4,0.332371858,1,1,1,non toxic,0
0.90625,0,0.739130435,0.012552301,0.000363148,0.155555556,0.7625,0,0.571428571,0.785714286,0,0.103448276,0.068656716,0.454545455,0.4375,0.4,0.311626481,1,1,1,non toxic,0
0.90625,0,0.739130435,0.012552301,0.00363148,0.155555556,0.7625,0,0.571428571,0.785714286,0,0.103448276,0.068656716,0.454545455,0.4375,0.4,0.276233017,1,1,1,non toxic,0
0.90625,0,0.739130435,0.012552301,0.036314799,0.155555556,0.7625,0,0.571428571,0.785714286,0,0.103448276,0.068656716,0.454545455,0.4375,0.4,0.148068365,1,1,1,toxic,1
0.90625,0,0.739130435,0.012552301,3.63E-05,0.155555556,0.7625,0,0.571428571,0.785714286,0,0.103448276,0.068656716,0.454545455,0.625,0.4,0.32919308,1,1,1,non toxic,0
0.90625,0,0.739130435,0.012552301,0.000363148,0.155555556,0.7625,0,0.571428571,0.785714286,0,0.103448276,0.068656716,0.454545455,0.625,0.4,0.324723328,1,1,1,non toxic,0
0.90625,0,0.739130435,0.012552301,0.00363148,0.155555556,0.7625,0,0.571428571,0.785714286,0,0.103448276,0.068656716,0.454545455,0.625,0.4,0.281188587,1,1,1,non toxic,0
0.90625,0,0.739130435,0.012552301,0.036314799,0.155555556,0.7625,0,0.571428571,0.785714286,0,0.103448276,0.068656716,0.454545455,0.625,0.4,0.224640256,1,1,1,toxic,1
0.90625,0,0.739130435,0.025104603,1.67E-10,0.577777778,0.375,1,0.285714286,0,1,0.689655172,0.140298507,0.136363636,0,0.6,0.360549844,0,1,0,non toxic,0
0.90625,0,0.739130435,0.025104603,1.67E-09,0.577777778,0.375,1,0.285714286,0,1,0.689655172,0.140298507,0.136363636,0,0.6,0.350030204,0,1,0,non toxic,0
0.90625,0,0.739130435,0.025104603,1.67E-08,0.577777778,0.375,1,0.285714286,0,1,0.689655172,0.140298507,0.136363636,0,0.6,0.362653758,0,1,0,non toxic,0
0.90625,0,0.739130435,0.025104603,1.67E-07,0.577777778,0.375,1,0.285714286,0,1,0.689655172,0.140298507,0.136363636,0,0.6,0.358445896,0,1,0,non toxic,0
0.90625,0,0.739130435,0.025104603,1.67E-10,0.577777778,0.375,1,0.285714286,0,1,0.689655172,0.28358209,0.136363636,0,0.6,0.352405604,0,1,0,non toxic,0
0.90625,0,0.739130435,0.025104603,1.67E-09,0.577777778,0.375,1,0.285714286,0,1,0.689655172,0.28358209,0.136363636,0,0.6,0.370492581,0,1,0,non toxic,0
0.90625,0,0.739130435,0.025104603,1.67E-08,0.577777778,0.375,1,0.285714286,0,1,0.689655172,0.28358209,0.136363636,0,0.6,0.370492581,0,1,0,non toxic,0
0.90625,0,0.739130435,0.025104603,1.67E-07,0.577777778,0.375,1,0.285714286,0,1,0.689655172,0.28358209,0.136363636,0,0.6,0.355188209,0,1,0,non toxic,0
0.90625,0,0.739130435,0.025104603,1.67E-07,0.577777778,0.375,1,0.285714286,0,1,0.689655172,0.28358209,0.409090909,0.375,0.2,0.339243457,0,1,0,non toxic,0
0.90625,0,0.739130435,0.061715481,1.67E-10,0.592592593,0.375,1,0.285714286,0,1,0.689655172,0.140298507,0.136363636,0,0.6,0.360549844,0,1,0,non toxic,0
0.90625,0,0.739130435,0.061715481,1.67E-09,0.592592593,0.375,1,0.285714286,0,1,0.689655172,0.140298507,0.136363636,0,0.6,0.364757682,0,1,0,non toxic,0
0.90625,0,0.739130435,0.061715481,1.67E-08,0.592592593,0.375,1,0.285714286,0,1,0.689655172,0.140298507,0.136363636,0,0.6,0.354238045,0,1,0,non toxic,0
0.90625,0,0.739130435,0.061715481,1.67E-07,0.592592593,0.375,1,0.285714286,0,1,0.689655172,0.140298507,0.136363636,0,0.6,0.362653758,0,1,0,non toxic,0
0.90625,0,0.739130435,0.061715481,1.67E-10,0.592592593,0.375,1,0.285714286,0,1,0.689655172,0.28358209,0.136363636,0,0.6,0.344057776,0,1,0,non toxic,0
0.90625,0,0.739130435,0.061715481,1.67E-09,0.592592593,0.375,1,0.285714286,0,1,0.689655172,0.28358209,0.136363636,0,0.6,0.338492544,0,1,0,non toxic,0
0.90625,0,0.739130435,0.061715481,1.67E-08,0.592592593,0.375,1,0.285714286,0,1,0.689655172,0.28358209,0.136363636,0,0.6,0.351014288,0,1,0,non toxic,0
0.90625,0,0.739130435,0.061715481,1.67E-07,0.592592593,0.375,1,0.285714286,0,1,0.689655172,0.28358209,0.136363636,0,0.6,0.351014288,0,1,0,non toxic,0
0.90625,0,0.739130435,0.061715481,1.67E-07,0.592592593,0.375,1,0.285714286,0,1,0.689655172,0.28358209,0.409090909,0.375,0.2,0.342738802,0,1,0,non toxic,0
0.90625,0,0.739130435,0.061715481,1.67E-10,0.133333333,0.375,1,0.285714286,0,1,0.689655172,0.140298507,0.136363636,0,0.6,0.3491273,0,1,0,non toxic,0
0.90625,0,0.739130435,0.061715481,1.67E-09,0.133333333,0.375,1,0.285714286,0,1,0.689655172,0.140298507,0.136363636,0,0.6,0.3491273,0,1,0,non toxic,0
0.90625,0,0.739130435,0.061715481,1.67E-08,0.133333333,0.375,1,0.285714286,0,1,0.689655172,0.140298507,0.136363636,0,0.6,0.361699745,0,1,0,non toxic,0
0.90625,0,0.739130435,0.061715481,1.67E-07,0.133333333,0.375,1,0.285714286,0,1,0.689655172,0.140298507,0.136363636,0,0.6,0.353318115,0,1,0,non toxic,0
0.90625,0,0.739130435,0.061715481,1.67E-10,0.133333333,0.375,1,0.285714286,0,1,0.689655172,0.28358209,0.136363636,0,0.6,0.351921184,0,1,0,non toxic,0
0.90625,0,0.739130435,0.061715481,1.67E-09,0.133333333,0.375,1,0.285714286,0,1,0.689655172,0.28358209,0.136363636,0,0.6,0.360302814,0,1,0,non toxic,0
0.90625,0,0.739130435,0.061715481,1.67E-08,0.133333333,0.375,1,0.285714286,0,1,0.689655172,0.28358209,0.136363636,0,0.6,0.367287512,0,1,0,non toxic,0
0.90625,0,0.739130435,0.061715481,1.67E-07,0.133333333,0.375,1,0.285714286,0,1,0.689655172,0.28358209,0.136363636,0,0.6,0.304425276,0,1,0,non toxic,0
0.90625,0,0.739130435,0.061715481,1.67E-07,0.133333333,0.375,1,0.285714286,0,1,0.689655172,0.28358209,0.409090909,0.375,0.2,0.345669914,0,1,0,non toxic,0
0.90625,0,0.739130435,0.119246862,1.67E-10,0,0.375,1,0.285714286,0,1,0.689655172,0.140298507,0.136363636,0,0.6,0.322585469,0,1,0,non toxic,0
0.90625,0,0.739130435,0.119246862,1.67E-09,0,0.375,1,0.285714286,0,1,0.689655172,0.140298507,0.136363636,0,0.6,0.344936496,0,1,0,non toxic,0
0.90625,0,0.739130435,0.119246862,1.67E-08,0,0.375,1,0.285714286,0,1,0.689655172,0.140298507,0.136363636,0,0.6,0.322585469,0,1,0,non toxic,0
0.90625,0,0.739130435,0.119246862,1.67E-07,0,0.375,1,0.285714286,0,1,0.689655172,0.140298507,0.136363636,0,0.6,0.30582222,0,1,0,non toxic,0
0.90625,0,0.739130435,0.119246862,1.67E-10,0,0.375,1,0.285714286,0,1,0.689655172,0.28358209,0.136363636,0,0.6,0.351921184,0,1,0,non toxic,0
0.90625,0,0.739130435,0.119246862,1.67E-09,0,0.375,1,0.285714286,0,1,0.689655172,0.28358209,0.136363636,0,0.6,0.346333417,0,1,0,non toxic,0
0.90625,0,0.739130435,0.119246862,1.67E-08,0,0.375,1,0.285714286,0,1,0.689655172,0.28358209,0.136363636,0,0.6,0.312806919,0,1,0,non toxic,0
0.90625,0,0.739130435,0.119246862,1.67E-07,0,0.375,1,0.285714286,0,1,0.689655172,0.28358209,0.136363636,0,0.6,0.290455901,0,1,0,non toxic,0
0.90625,0,0.739130435,0.119246862,1.67E-07,0,0.375,1,0.285714286,0,1,0.689655172,0.28358209,0.409090909,0.375,0.2,0.34229031,0,1,0,non toxic,0
0.90625,0,0.086956522,0.403661088,2.69E-12,0.08962963,0.725,0,0.857142857,0.357142857,0,0,0.032835821,0.590909091,0.875,0.6,0.371732655,0,0,0,non toxic,0
0.90625,0,0.086956522,0.403661088,5.37E-12,0.08962963,0.725,0,0.857142857,0.357142857,0,0,0.032835821,0.590909091,0.875,0.6,0.336571935,0,0,0,non toxic,0
0.90625,0,0.086956522,0.403661088,1.07E-11,0.08962963,0.725,0,0.857142857,0.357142857,0,0,0.032835821,0.590909091,0.875,0.6,0.360481223,0,0,0,non toxic,0
0.90625,0,0.086956522,0.403661088,2.15E-11,0.08962963,0.725,0,0.857142857,0.357142857,0,0,0.032835821,0.590909091,0.875,0.6,0.337978377,0,0,0,non toxic,0
0.90625,0,0.086956522,0.403661088,4.30E-11,0.08962963,0.725,0,0.857142857,0.357142857,0,0,0.032835821,0.590909091,0.875,0.6,0.339384805,0,0,0,non toxic,0
0.90625,0,0.086956522,0.403661088,8.61E-11,0.08962963,0.725,0,0.857142857,0.357142857,0,0,0.032835821,0.590909091,0.875,0.6,0.343604086,0,0,0,non toxic,0
0.90625,0,0.086956522,0.403661088,1.72E-10,0.08962963,0.725,0,0.857142857,0.357142857,0,0,0.032835821,0.590909091,0.875,0.6,0.333759096,0,0,0,non toxic,0
0.90625,0,0.086956522,0.403661088,3.44E-10,0.08962963,0.725,0,0.857142857,0.357142857,0,0,0.032835821,0.590909091,0.875,0.6,0.298598376,0,0,0,non toxic,0
0.90625,0,0.086956522,0.403661088,6.89E-10,0.08962963,0.725,0,0.857142857,0.357142857,0,0,0.032835821,0.590909091,0.875,0.6,0.330946226,0,0,0,non toxic,0
0.90625,0,0.086956522,0.403661088,1.38E-09,0.08962963,0.725,0,0.857142857,0.357142857,0,0,0.032835821,0.590909091,0.875,0.6,0.298598376,0,0,0,non toxic,0
0.90625,0,0.086956522,0.403661088,2.69E-12,0.08962963,0.725,0,0.857142857,0.357142857,0,0,0.068656716,0.590909091,0.875,0.6,0.354016592,0,0,0,non toxic,0
0.90625,0,0.086956522,0.403661088,5.37E-12,0.08962963,0.725,0,0.857142857,0.357142857,0,0,0.068656716,0.590909091,0.875,0.6,0.387310271,0,0,0,non toxic,0
0.90625,0,0.086956522,0.403661088,1.07E-11,0.08962963,0.725,0,0.857142857,0.357142857,0,0,0.068656716,0.590909091,0.875,0.6,0.379743539,0,0,0,non toxic,0
0.90625,0,0.086956522,0.403661088,2.15E-11,0.08962963,0.725,0,0.857142857,0.357142857,0,0,0.068656716,0.590909091,0.875,0.6,0.355529932,0,0,0,non toxic,0
0.90625,0,0.086956522,0.403661088,4.30E-11,0.08962963,0.725,0,0.857142857,0.357142857,0,0,0.068656716,0.590909091,0.875,0.6,0.310129444,0,0,0,non toxic,0
0.90625,0,0.086956522,0.403661088,8.61E-11,0.08962963,0.725,0,0.857142857,0.357142857,0,0,0.068656716,0.590909091,0.875,0.6,0.332829699,0,0,0,non toxic,0
0.90625,0,0.086956522,0.403661088,1.72E-10,0.08962963,0.725,0,0.857142857,0.357142857,0,0,0.068656716,0.590909091,0.875,0.6,0.329802997,0,0,0,non toxic,0
0.90625,0,0.086956522,0.403661088,3.44E-10,0.08962963,0.725,0,0.857142857,0.357142857,0,0,0.068656716,0.590909091,0.875,0.6,0.350989889,0,0,0,non toxic,0
0.90625,0,0.086956522,0.403661088,6.89E-10,0.08962963,0.725,0,0.857142857,0.357142857,0,0,0.068656716,0.590909091,0.875,0.6,0.298022658,0,0,0,non toxic,0
0.90625,0,0.086956522,0.403661088,1.38E-09,0.08962963,0.725,0,0.857142857,0.357142857,0,0,0.068656716,0.590909091,0.875,0.6,0.264728957,0,0,0,non toxic,0
0.90625,0,0.52173913,0.391631799,2.94E-12,0.157037037,0.725,0,0.857142857,0.357142857,0,0,0.032835821,0.590909091,0.875,0.6,0.337978377,0,0,0,non toxic,0
0.90625,0,0.52173913,0.391631799,5.88E-12,0.157037037,0.725,0,0.857142857,0.357142857,0,0,0.032835821,0.590909091,0.875,0.6,0.332352654,0,0,0,non toxic,0
0.90625,0,0.52173913,0.391631799,1.18E-11,0.157037037,0.725,0,0.857142857,0.357142857,0,0,0.032835821,0.590909091,0.875,0.6,0.319694798,0,0,0,non toxic,0
0.90625,0,0.52173913,0.391631799,2.35E-11,0.157037037,0.725,0,0.857142857,0.357142857,0,0,0.032835821,0.590909091,0.875,0.6,0.356261929,0,0,0,non toxic,0
0.90625,0,0.52173913,0.391631799,4.71E-11,0.157037037,0.725,0,0.857142857,0.357142857,0,0,0.032835821,0.590909091,0.875,0.6,0.332352654,0,0,0,non toxic,0
0.90625,0,0.52173913,0.391631799,9.43E-11,0.157037037,0.725,0,0.857142857,0.357142857,0,0,0.032835821,0.590909091,0.875,0.6,0.335165507,0,0,0,non toxic,0
0.90625,0,0.52173913,0.391631799,1.89E-10,0.157037037,0.725,0,0.857142857,0.357142857,0,0,0.032835821,0.590909091,0.875,0.6,0.329539793,0,0,0,non toxic,0
0.90625,0,0.52173913,0.391631799,3.77E-10,0.157037037,0.725,0,0.857142857,0.357142857,0,0,0.032835821,0.590909091,0.875,0.6,0.283127668,0,0,0,non toxic,0
0.90625,0,0.52173913,0.391631799,7.54E-10,0.157037037,0.725,0,0.857142857,0.357142857,0,0,0.032835821,0.590909091,0.875,0.6,0.28031482,0,0,0,non toxic,0
0.90625,0,0.52173913,0.391631799,1.51E-09,0.157037037,0.725,0,0.857142857,0.357142857,0,0,0.032835821,0.590909091,0.875,0.6,0.281721239,0,0,0,non toxic,0
0.90625,0,0.52173913,0.391631799,2.94E-12,0.157037037,0.725,0,0.857142857,0.357142857,0,0,0.068656716,0.590909091,0.875,0.6,0.349476549,0,0,0,non toxic,0
0.90625,0,0.52173913,0.391631799,5.88E-12,0.157037037,0.725,0,0.857142857,0.357142857,0,0,0.068656716,0.590909091,0.875,0.6,0.334343039,0,0,0,non toxic,0
0.90625,0,0.52173913,0.391631799,1.18E-11,0.157037037,0.725,0,0.857142857,0.357142857,0,0,0.068656716,0.590909091,0.875,0.6,0.364610038,0,0,0,non toxic,0
0.90625,0,0.52173913,0.391631799,2.35E-11,0.157037037,0.725,0,0.857142857,0.357142857,0,0,0.068656716,0.590909091,0.875,0.6,0.390336973,0,0,0,non toxic,0
0.90625,0,0.52173913,0.391631799,4.71E-11,0.157037037,0.725,0,0.857142857,0.357142857,0,0,0.068656716,0.590909091,0.875,0.6,0.350989889,0,0,0,non toxic,0
0.90625,0,0.52173913,0.391631799,9.43E-11,0.157037037,0.725,0,0.857142857,0.357142857,0,0,0.068656716,0.590909091,0.875,0.6,0.382770228,0,0,0,non toxic,0
0.90625,0,0.52173913,0.391631799,1.89E-10,0.157037037,0.725,0,0.857142857,0.357142857,0,0,0.068656716,0.590909091,0.875,0.6,0.329802997,0,0,0,non toxic,0
0.90625,0,0.52173913,0.391631799,3.77E-10,0.157037037,0.725,0,0.857142857,0.357142857,0,0,0.068656716,0.590909091,0.875,0.6,0.347963187,0,0,0,non toxic,0
0.90625,0,0.52173913,0.391631799,7.54E-10,0.157037037,0.725,0,0.857142857,0.357142857,0,0,0.068656716,0.590909091,0.875,0.6,0.355529932,0,0,0,non toxic,0
0.90625,0,0.52173913,0.391631799,1.51E-09,0.157037037,0.725,0,0.857142857,0.357142857,0,0,0.068656716,0.590909091,0.875,0.6,0.299535998,0,0,0,non toxic,0
0.90625,0,0.326086957,0.456066946,1.86E-12,0.516296296,0.725,0,0.857142857,0.357142857,0,0,0.032835821,0.590909091,0.875,0.6,0.38579693,0,0,0,non toxic,0
0.90625,0,0.326086957,0.456066946,3.73E-12,0.516296296,0.725,0,0.857142857,0.357142857,0,0,0.032835821,0.590909091,0.875,0.6,0.384390498,0,0,0,non toxic,0
0.90625,0,0.326086957,0.456066946,7.46E-12,0.516296296,0.725,0,0.857142857,0.357142857,0,0,0.032835821,0.590909091,0.875,0.6,0.361887643,0,0,0,non toxic,0
0.90625,0,0.326086957,0.456066946,1.49E-11,0.516296296,0.725,0,0.857142857,0.357142857,0,0,0.032835821,0.590909091,0.875,0.6,0.367513357,0,0,0,non toxic,0
0.90625,0,0.326086957,0.456066946,2.98E-11,0.516296296,0.725,0,0.857142857,0.357142857,0,0,0.032835821,0.590909091,0.875,0.6,0.373139066,0,0,0,non toxic,0
0.90625,0,0.326086957,0.456066946,5.98E-11,0.516296296,0.725,0,0.857142857,0.357142857,0,0,0.032835821,0.590909091,0.875,0.6,0.377358368,0,0,0,non toxic,0
0.90625,0,0.326086957,0.456066946,1.20E-10,0.516296296,0.725,0,0.857142857,0.357142857,0,0,0.032835821,0.590909091,0.875,0.6,0.357668362,0,0,0,non toxic,0
0.90625,0,0.326086957,0.456066946,2.39E-10,0.516296296,0.725,0,0.857142857,0.357142857,0,0,0.032835821,0.590909091,0.875,0.6,0.287346949,0,0,0,non toxic,0
0.90625,0,0.326086957,0.456066946,4.78E-10,0.516296296,0.725,0,0.857142857,0.357142857,0,0,0.032835821,0.590909091,0.875,0.6,0.329539793,0,0,0,non toxic,0
0.90625,0,0.326086957,0.456066946,9.56E-10,0.516296296,0.725,0,0.857142857,0.357142857,0,0,0.032835821,0.590909091,0.875,0.6,0.292972663,0,0,0,non toxic,0
0.90625,0,0.326086957,0.456066946,1.86E-12,0.516296296,0.725,0,0.857142857,0.357142857,0,0,0.068656716,0.590909091,0.875,0.6,0.350989889,0,0,0,non toxic,0
0.90625,0,0.326086957,0.456066946,3.73E-12,0.516296296,0.725,0,0.857142857,0.357142857,0,0,0.068656716,0.590909091,0.875,0.6,0.349476549,0,0,0,non toxic,0
0.90625,0,0.326086957,0.456066946,7.46E-12,0.516296296,0.725,0,0.857142857,0.357142857,0,0,0.068656716,0.590909091,0.875,0.6,0.344936496,0,0,0,non toxic,0
0.90625,0,0.326086957,0.456066946,1.49E-11,0.516296296,0.725,0,0.857142857,0.357142857,0,0,0.068656716,0.590909091,0.875,0.6,0.329802997,0,0,0,non toxic,0
0.90625,0,0.326086957,0.456066946,2.98E-11,0.516296296,0.725,0,0.857142857,0.357142857,0,0,0.068656716,0.590909091,0.875,0.6,0.320722891,0,0,0,non toxic,0
0.90625,0,0.326086957,0.456066946,5.98E-11,0.516296296,0.725,0,0.857142857,0.357142857,0,0,0.068656716,0.590909091,0.875,0.6,0.322236231,0,0,0,non toxic,0
0.90625,0,0.326086957,0.456066946,1.20E-10,0.516296296,0.725,0,0.857142857,0.357142857,0,0,0.068656716,0.590909091,0.875,0.6,0.343423137,0,0,0,non toxic,0
0.90625,0,0.326086957,0.456066946,2.39E-10,0.516296296,0.725,0,0.857142857,0.357142857,0,0,0.068656716,0.590909091,0.875,0.6,0.334343039,0,0,0,non toxic,0
0.90625,0,0.326086957,0.456066946,4.78E-10,0.516296296,0.725,0,0.857142857,0.357142857,0,0,0.068656716,0.590909091,0.875,0.6,0.350989889,0,0,0,non toxic,0
0.90625,0,0.326086957,0.456066946,9.56E-10,0.516296296,0.725,0,0.857142857,0.357142857,0,0,0.068656716,0.590909091,0.875,0.6,0.311642806,0,0,0,non toxic,0
0.0625,0,0.434782609,0.040794979,5.13E-09,,0.825,0,0.571428571,0,0,0.793103448,0.068656716,0.045454545,0.6875,0,0.222619997,0,0,0,toxic,1
0.0625,0,0.434782609,0.040794979,5.13E-09,,0.825,0,0.571428571,0,0,0.793103448,0.211940299,0.045454545,0.6875,0,0.288949431,0,0,0,non toxic,0
0.0625,0,0.434782609,0.040794979,5.13E-09,,0.825,0,0.571428571,0,0,0.793103448,0.068656716,0.045454545,0.6875,0,0.181450009,0,0,0,toxic,1
0.0625,0,0.434782609,0.040794979,5.13E-09,,0.825,0,0.571428571,0,0,0.793103448,0.211940299,0.045454545,0.6875,0,0.225822107,0,0,0,toxic,1
0.0625,0,0.391304348,0.040794979,5.13E-09,,0.825,0,0.571428571,0,0,0.793103448,0.068656716,0.045454545,0.6875,0,0.18693934,0,0,0,toxic,1
0.0625,0,0.391304348,0.040794979,5.13E-09,,0.825,0,0.571428571,0,0,0.793103448,0.211940299,0.045454545,0.6875,0,0.137992797,0,0,0,toxic,1
0.0625,0,0.391304348,0.040794979,5.13E-09,,0.825,0,0.571428571,0,0,0.793103448,0.068656716,0.045454545,0.6875,0,0.18693934,0,0,0,toxic,1
0.0625,0,0.391304348,0.040794979,5.13E-09,,0.825,0,0.571428571,0,0,0.793103448,0.211940299,0.045454545,0.6875,0,0.217588112,0,0,0,toxic,1
0.0625,0,0.413043478,0.040794979,5.13E-09,,0.825,0,0.571428571,0,0,0.793103448,0.068656716,0.045454545,0.6875,0,0.219875338,0,0,0,toxic,1
0.0625,0,0.413043478,0.040794979,5.13E-09,,0.825,0,0.571428571,0,0,0.793103448,0.211940299,0.045454545,0.6875,0,0.338353418,0,0,0,non toxic,0
0.0625,0,0.413043478,0.040794979,5.13E-09,,0.825,0,0.571428571,0,0,0.793103448,0.068656716,0.045454545,0.6875,0,0.178705342,0,0,0,toxic,1
0.0625,0,0.413043478,0.040794979,5.13E-09,,0.825,0,0.571428571,0,0,0.793103448,0.211940299,0.045454545,0.6875,0,0.228566774,0,0,0,toxic,1
0.0625,0,0.5,0.021129707,0.003333333,,0.0125,0,0.285714286,0.142857143,0,0.517241379,0.068656716,0.590909091,0.875,0.6,0.339216027,0,0,0,non toxic,0
0.0625,0,0.5,0.021129707,0.003333333,,0.0125,0,0.285714286,0.142857143,0,0.517241379,0.140298507,0.590909091,0.875,0.6,0.339791094,0,0,0,non toxic,0
0.0625,0,0.5,0.021129707,0.003333333,,0.0125,0,0.285714286,0.142857143,0,0.517241379,0.211940299,0.590909091,0.875,0.6,0.344391683,0,0,0,non toxic,0
0.0625,0,0.5,0.021129707,0.006666667,,0.0125,0,0.285714286,0.142857143,0,0.517241379,0.068656716,0.590909091,0.875,0.6,0.33519051,0,0,0,non toxic,0
0.0625,0,0.5,0.021129707,0.006666667,,0.0125,0,0.285714286,0.142857143,0,0.517241379,0.140298507,0.590909091,0.875,0.6,0.344391683,0,0,0,non toxic,0
0.0625,0,0.5,0.021129707,0.006666667,,0.0125,0,0.285714286,0.142857143,0,0.517241379,0.211940299,0.590909091,0.875,0.6,0.337490808,0,0,0,non toxic,0
0.0625,0,0.5,0.021129707,0.02,,0.0125,0,0.285714286,0.142857143,0,0.517241379,0.068656716,0.590909091,0.875,0.6,0.33519051,0,0,0,non toxic,0
0.0625,0,0.5,0.021129707,0.02,,0.0125,0,0.285714286,0.142857143,0,0.517241379,0.140298507,0.590909091,0.875,0.6,0.327714568,0,0,0,non toxic,0
0.0625,0,0.5,0.021129707,0.02,,0.0125,0,0.285714286,0.142857143,0,0.517241379,0.211940299,0.590909091,0.875,0.6,0.33576559,0,0,0,non toxic,0
0.0625,0,0.5,0.021129707,0.046666667,,0.0125,0,0.285714286,0.142857143,0,0.517241379,0.068656716,0.590909091,0.875,0.6,0.340941246,0,0,0,non toxic,0
0.0625,0,0.5,0.021129707,0.046666667,,0.0125,0,0.285714286,0.142857143,0,0.517241379,0.140298507,0.590909091,0.875,0.6,0.330589934,0,0,0,non toxic,0
0.0625,0,0.5,0.021129707,0.046666667,,0.0125,0,0.285714286,0.142857143,0,0.517241379,0.211940299,0.590909091,0.875,0.6,0.331165001,0,0,0,non toxic,0
0.0625,0,0.5,0.021129707,0.003333333,,0.65,0,0.285714286,0.142857143,0,0.517241379,0.068656716,0.590909091,0.875,0.6,0.341994047,0,0,0,non toxic,0
0.0625,0,0.5,0.021129707,0.003333333,,0.65,0,0.285714286,0.142857143,0,0.517241379,0.140298507,0.590909091,0.875,0.6,0.341994047,0,0,0,non toxic,0
0.0625,0,0.5,0.021129707,0.003333333,,0.65,0,0.285714286,0.142857143,0,0.517241379,0.211940299,0.590909091,0.875,0.6,0.341417708,0,0,0,non toxic,0
0.0625,0,0.5,0.021129707,0.006666667,,0.65,0,0.285714286,0.142857143,0,0.517241379,0.068656716,0.590909091,0.875,0.6,0.332772389,0,0,0,non toxic,0
0.0625,0,0.5,0.021129707,0.006666667,,0.65,0,0.285714286,0.142857143,0,0.517241379,0.140298507,0.590909091,0.875,0.6,0.340264982,0,0,0,non toxic,0
0.0625,0,0.5,0.021129707,0.006666667,,0.65,0,0.285714286,0.142857143,0,0.517241379,0.211940299,0.590909091,0.875,0.6,0.343723107,0,0,0,non toxic,0
0.0625,0,0.5,0.021129707,0.02,,0.65,0,0.285714286,0.142857143,0,0.517241379,0.068656716,0.590909091,0.875,0.6,0.340841334,0,0,0,non toxic,0
0.0625,0,0.5,0.021129707,0.02,,0.65,0,0.285714286,0.142857143,0,0.517241379,0.140298507,0.590909091,0.875,0.6,0.341417708,0,0,0,non toxic,0
0.0625,0,0.5,0.021129707,0.02,,0.65,0,0.285714286,0.142857143,0,0.517241379,0.211940299,0.590909091,0.875,0.6,0.354673835,0,0,0,non toxic,0
0.0625,0,0.5,0.021129707,0.033333333,,0.65,0,0.285714286,0.142857143,0,0.517241379,0.068656716,0.590909091,0.875,0.6,0.340264982,0,0,0,non toxic,0
0.0625,0,0.5,0.021129707,0.033333333,,0.65,0,0.285714286,0.142857143,0,0.517241379,0.140298507,0.590909091,0.875,0.6,0.343723107,0,0,0,non toxic,0
0.0625,0,0.5,0.021129707,0.033333333,,0.65,0,0.285714286,0.142857143,0,0.517241379,0.211940299,0.590909091,0.875,0.6,0.359861016,0,0,0,non toxic,0
0.0625,0,0.5,0.021129707,0.046666667,,0.65,0,0.285714286,0.142857143,0,0.517241379,0.068656716,0.590909091,0.875,0.6,0.337959583,0,0,0,non toxic,0
0.0625,0,0.5,0.021129707,0.046666667,,0.65,0,0.285714286,0.142857143,0,0.517241379,0.140298507,0.590909091,0.875,0.6,0.343723107,0,0,0,non toxic,0
0.0625,0,0.5,0.021129707,0.046666667,,0.65,0,0.285714286,0.142857143,0,0.517241379,0.211940299,0.590909091,0.875,0.6,0.354673835,0,0,0,non toxic,0
0.0625,0,0.152173913,0.027374477,0.003333333,,0.0125,0,0.285714286,0.142857143,0,0.517241379,0.068656716,0.590909091,0.875,0.6,0.333925105,0,0,0,non toxic,0
0.0625,0,0.152173913,0.027374477,0.003333333,,0.0125,0,0.285714286,0.142857143,0,0.517241379,0.140298507,0.590909091,0.875,0.6,0.333348752,0,0,0,non toxic,0
0.0625,0,0.152173913,0.027374477,0.003333333,,0.0125,0,0.285714286,0.142857143,0,0.517241379,0.211940299,0.590909091,0.875,0.6,0.332772389,0,0,0,non toxic,0
0.0625,0,0.152173913,0.027374477,0.006666667,,0.0125,0,0.285714286,0.142857143,0,0.517241379,0.068656716,0.590909091,0.875,0.6,0.337383219,0,0,0,non toxic,0
0.0625,0,0.152173913,0.027374477,0.006666667,,0.0125,0,0.285714286,0.142857143,0,0.517241379,0.140298507,0.590909091,0.875,0.6,0.340264982,0,0,0,non toxic,0
0.0625,0,0.152173913,0.027374477,0.006666667,,0.0125,0,0.285714286,0.142857143,0,0.517241379,0.211940299,0.590909091,0.875,0.6,0.324703445,0,0,0,non toxic,0
0.0625,0,0.152173913,0.027374477,0.02,,0.0125,0,0.285714286,0.142857143,0,0.517241379,0.068656716,0.590909091,0.875,0.6,0.337959583,0,0,0,non toxic,0
0.0625,0,0.152173913,0.027374477,0.02,,0.0125,0,0.285714286,0.142857143,0,0.517241379,0.140298507,0.590909091,0.875,0.6,0.339112277,0,0,0,non toxic,0
0.0625,0,0.152173913,0.027374477,0.02,,0.0125,0,0.285714286,0.142857143,0,0.517241379,0.211940299,0.590909091,0.875,0.6,0.329890616,0,0,0,non toxic,0
0.0625,0,0.152173913,0.027374477,0.033333333,,0.0125,0,0.285714286,0.142857143,0,0.517241379,0.068656716,0.590909091,0.875,0.6,0.33046699,0,0,0,non toxic,0
0.0625,0,0.152173913,0.027374477,0.033333333,,0.0125,0,0.285714286,0.142857143,0,0.517241379,0.140298507,0.590909091,0.875,0.6,0.318363557,0,0,0,non toxic,0
0.0625,0,0.152173913,0.027374477,0.033333333,,0.0125,0,0.285714286,0.142857143,0,0.517241379,0.211940299,0.590909091,0.875,0.6,0.303378362,0,0,0,non toxic,0
0.0625,0,0.152173913,0.027374477,0.046666667,,0.0125,0,0.285714286,0.142857143,0,0.517241379,0.068656716,0.590909091,0.875,0.6,0.311447304,0,0,0,non toxic,0
0.0625,0,0.152173913,0.027374477,0.046666667,,0.0125,0,0.285714286,0.142857143,0,0.517241379,0.140298507,0.590909091,0.875,0.6,0.29876753,0,0,0,non toxic,0
0.0625,0,0.152173913,0.027374477,0.046666667,,0.0125,0,0.285714286,0.142857143,0,0.517241379,0.211940299,0.590909091,0.875,0.6,0.263609948,0,0,0,non toxic,0
0.0625,0,0.152173913,0.027374477,0.003333333,,0.65,0,0.285714286,0.142857143,0,0.517241379,0.068656716,0.590909091,0.875,0.6,0.341417708,0,0,0,non toxic,0
0.0625,0,0.152173913,0.027374477,0.003333333,,0.65,0,0.285714286,0.142857143,0,0.517241379,0.140298507,0.590909091,0.875,0.6,0.34660488,0,0,0,non toxic,0
0.0625,0,0.152173913,0.027374477,0.003333333,,0.65,0,0.285714286,0.142857143,0,0.517241379,0.211940299,0.590909091,0.875,0.6,0.344875822,0,0,0,non toxic,0
0.0625,0,0.152173913,0.027374477,0.006666667,,0.65,0,0.285714286,0.142857143,0,0.517241379,0.068656716,0.590909091,0.875,0.6,0.343146765,0,0,0,non toxic,0
0.0625,0,0.152173913,0.027374477,0.006666667,,0.65,0,0.285714286,0.142857143,0,0.517241379,0.140298507,0.590909091,0.875,0.6,0.350063016,0,0,0,non toxic,0
0.0625,0,0.152173913,0.027374477,0.006666667,,0.65,0,0.285714286,0.142857143,0,0.517241379,0.211940299,0.590909091,0.875,0.6,0.348333937,0,0,0,non toxic,0
0.0625,0,0.152173913,0.027374477,0.02,,0.65,0,0.285714286,0.142857143,0,0.517241379,0.068656716,0.590909091,0.875,0.6,0.348333937,0,0,0,non toxic,0
0.0625,0,0.152173913,0.027374477,0.02,,0.65,0,0.285714286,0.142857143,0,0.517241379,0.140298507,0.590909091,0.875,0.6,0.346028527,0,0,0,non toxic,0
0.0625,0,0.152173913,0.027374477,0.02,,0.65,0,0.285714286,0.142857143,0,0.517241379,0.211940299,0.590909091,0.875,0.6,0.346028527,0,0,0,non toxic,0
0.0625,0,0.152173913,0.027374477,0.033333333,,0.65,0,0.285714286,0.142857143,0,0.517241379,0.068656716,0.590909091,0.875,0.6,0.344875822,0,0,0,non toxic,0
0.0625,0,0.152173913,0.027374477,0.033333333,,0.65,0,0.285714286,0.142857143,0,0.517241379,0.140298507,0.590909091,0.875,0.6,0.3489103,0,0,0,non toxic,0
0.0625,0,0.152173913,0.027374477,0.033333333,,0.65,0,0.285714286,0.142857143,0,0.517241379,0.211940299,0.590909091,0.875,0.6,0.342570413,0,0,0,non toxic,0
0.0625,0,0.152173913,0.027374477,0.046666667,,0.65,0,0.285714286,0.142857143,0,0.517241379,0.068656716,0.590909091,0.875,0.6,0.339112277,0,0,0,non toxic,0
0.0625,0,0.152173913,0.027374477,0.046666667,,0.65,0,0.285714286,0.142857143,0,0.517241379,0.140298507,0.590909091,0.875,0.6,0.326432502,0,0,0,non toxic,0
0.0625,0,0.152173913,0.027374477,0.046666667,,0.65,0,0.285714286,0.142857143,0,0.517241379,0.211940299,0.590909091,0.875,0.6,0.32124533,0,0,0,non toxic,0
0.0625,0,0.152173913,0.028430962,0.003333333,,0.0125,0,0.285714286,0.142857143,0,0.517241379,0.068656716,0.590909091,0.875,0.6,0.339112277,0,0,0,non toxic,0
0.0625,0,0.152173913,0.028430962,0.003333333,,0.0125,0,0.285714286,0.142857143,0,0.517241379,0.140298507,0.590909091,0.875,0.6,0.343146765,0,0,0,non toxic,0
0.0625,0,0.152173913,0.028430962,0.003333333,,0.0125,0,0.285714286,0.142857143,0,0.517241379,0.211940299,0.590909091,0.875,0.6,0.334501449,0,0,0,non toxic,0
0.0625,0,0.152173913,0.028430962,0.006666667,,0.0125,0,0.285714286,0.142857143,0,0.517241379,0.068656716,0.590909091,0.875,0.6,0.337383219,0,0,0,non toxic,0
0.0625,0,0.152173913,0.028430962,0.006666667,,0.0125,0,0.285714286,0.142857143,0,0.517241379,0.140298507,0.590909091,0.875,0.6,0.34429947,0,0,0,non toxic,0
0.0625,0,0.152173913,0.028430962,0.006666667,,0.0125,0,0.285714286,0.142857143,0,0.517241379,0.211940299,0.590909091,0.875,0.6,0.33046699,0,0,0,non toxic,0
0.0625,0,0.152173913,0.028430962,0.02,,0.0125,0,0.285714286,0.142857143,0,0.517241379,0.068656716,0.590909091,0.875,0.6,0.333348752,0,0,0,non toxic,0
0.0625,0,0.152173913,0.028430962,0.02,,0.0125,0,0.285714286,0.142857143,0,0.517241379,0.140298507,0.590909091,0.875,0.6,0.339688642,0,0,0,non toxic,0
0.0625,0,0.152173913,0.028430962,0.02,,0.0125,0,0.285714286,0.142857143,0,0.517241379,0.211940299,0.590909091,0.875,0.6,0.331619674,0,0,0,non toxic,0
0.0625,0,0.152173913,0.028430962,0.033333333,,0.0125,0,0.285714286,0.142857143,0,0.517241379,0.068656716,0.590909091,0.875,0.6,0.341994047,0,0,0,non toxic,0
0.0625,0,0.152173913,0.028430962,0.033333333,,0.0125,0,0.285714286,0.142857143,0,0.517241379,0.140298507,0.590909091,0.875,0.6,0.328161559,0,0,0,non toxic,0
0.0625,0,0.152173913,0.028430962,0.033333333,,0.0125,0,0.285714286,0.142857143,0,0.517241379,0.211940299,0.590909091,0.875,0.6,0.320668956,0,0,0,non toxic,0
0.0625,0,0.152173913,0.028430962,0.046666667,,0.0125,0,0.285714286,0.142857143,0,0.517241379,0.068656716,0.590909091,0.875,0.6,0.320092614,0,0,0,non toxic,0
0.0625,0,0.152173913,0.028430962,0.046666667,,0.0125,0,0.285714286,0.142857143,0,0.517241379,0.140298507,0.590909091,0.875,0.6,0.309141899,0,0,0,non toxic,0
0.0625,0,0.152173913,0.028430962,0.046666667,,0.0125,0,0.285714286,0.142857143,0,0.517241379,0.211940299,0.590909091,0.875,0.6,0.280324222,0,0,0,non toxic,0
0.0625,0,0.152173913,0.028430962,0.003333333,,0.65,0,0.285714286,0.142857143,0,0.517241379,0.068656716,0.590909091,0.875,0.6,0.340264982,0,0,0,non toxic,0
0.0625,0,0.152173913,0.028430962,0.003333333,,0.65,0,0.285714286,0.142857143,0,0.517241379,0.140298507,0.590909091,0.875,0.6,0.345452166,0,0,0,non toxic,0
0.0625,0,0.152173913,0.028430962,0.003333333,,0.65,0,0.285714286,0.142857143,0,0.517241379,0.211940299,0.590909091,0.875,0.6,0.34429947,0,0,0,non toxic,0
0.0625,0,0.152173913,0.028430962,0.006666667,,0.65,0,0.285714286,0.142857143,0,0.517241379,0.068656716,0.590909091,0.875,0.6,0.342570413,0,0,0,non toxic,0
0.0625,0,0.152173913,0.028430962,0.006666667,,0.65,0,0.285714286,0.142857143,0,0.517241379,0.140298507,0.590909091,0.875,0.6,0.351215699,0,0,0,non toxic,0
0.0625,0,0.152173913,0.028430962,0.006666667,,0.65,0,0.285714286,0.142857143,0,0.517241379,0.211940299,0.590909091,0.875,0.6,0.342570413,0,0,0,non toxic,0
0.0625,0,0.152173913,0.028430962,0.02,,0.65,0,0.285714286,0.142857143,0,0.517241379,0.068656716,0.590909091,0.875,0.6,0.345452166,0,0,0,non toxic,0
0.0625,0,0.152173913,0.028430962,0.02,,0.65,0,0.285714286,0.142857143,0,0.517241379,0.140298507,0.590909091,0.875,0.6,0.35582654,0,0,0,non toxic,0
0.0625,0,0.152173913,0.028430962,0.02,,0.65,0,0.285714286,0.142857143,0,0.517241379,0.211940299,0.590909091,0.875,0.6,0.347181241,0,0,0,non toxic,0
0.0625,0,0.152173913,0.028430962,0.033333333,,0.65,0,0.285714286,0.142857143,0,0.517241379,0.068656716,0.590909091,0.875,0.6,0.34660488,0,0,0,non toxic,0
0.0625,0,0.152173913,0.028430962,0.033333333,,0.65,0,0.285714286,0.142857143,0,0.517241379,0.140298507,0.590909091,0.875,0.6,0.354097483,0,0,0,non toxic,0
0.0625,0,0.152173913,0.028430962,0.033333333,,0.65,0,0.285714286,0.142857143,0,0.517241379,0.211940299,0.590909091,0.875,0.6,0.352944756,0,0,0,non toxic,0
0.0625,0,0.152173913,0.028430962,0.046666667,,0.65,0,0.285714286,0.142857143,0,0.517241379,0.068656716,0.590909091,0.875,0.6,0.34660488,0,0,0,non toxic,0
0.0625,0,0.152173913,0.028430962,0.046666667,,0.65,0,0.285714286,0.142857143,0,0.517241379,0.140298507,0.590909091,0.875,0.6,0.333925105,0,0,0,non toxic,0
0.0625,0,0.152173913,0.028430962,0.046666667,,0.65,0,0.285714286,0.142857143,0,0.517241379,0.211940299,0.590909091,0.875,0.6,0.337383219,0,0,0,non toxic,0
0.0625,0,0.130434783,0.020920502,2.36E-08,,0.125,0,0.285714286,0.142857143,0,0.551724138,0.068656716,0.727272727,0.9375,0.8,0.342912933,0,0,0,non toxic,0
0.0625,0,0.130434783,0.020920502,5.91E-08,,0.125,0,0.285714286,0.142857143,0,0.551724138,0.068656716,0.727272727,0.9375,0.8,0.340694798,0,0,0,non toxic,0
0.0625,0,0.130434783,0.020920502,9.45E-08,,0.125,0,0.285714286,0.142857143,0,0.551724138,0.068656716,0.727272727,0.9375,0.8,0.325907194,0,0,0,non toxic,0
0.0625,0,0.130434783,0.020920502,1.30E-07,,0.125,0,0.285714286,0.142857143,0,0.551724138,0.068656716,0.727272727,0.9375,0.8,0.314816518,0,0,0,non toxic,0
0.0625,0,0.130434783,0.020920502,1.65E-07,,0.125,0,0.285714286,0.142857143,0,0.551724138,0.068656716,0.727272727,0.9375,0.8,0.297810779,0,0,0,non toxic,0
0.0625,0,0.130434783,0.020920502,1.30E-07,,0.125,0,0.285714286,0.142857143,0,0.551724138,0.068656716,0.727272727,0.9375,0.8,0.331238724,0,0,0,non toxic,0
0.0625,0,0.130434783,0.020920502,1.30E-07,,0.125,0,0.285714286,0.142857143,0,0.551724138,0.104477612,0.727272727,0.9375,0.8,0.324603274,0,0,0,non toxic,0
0.0625,0,0.130434783,0.020920502,1.30E-07,,0.125,0,0.285714286,0.142857143,0,0.551724138,0.140298507,0.727272727,0.9375,0.8,0.313544191,0,0,0,non toxic,0
0.0625,0,0.130434783,0.020920502,1.30E-07,,0.125,0,0.285714286,0.142857143,0,0.551724138,0.176119403,0.727272727,0.9375,0.8,0.314281463,0,0,0,non toxic,0
0.0625,0,0.130434783,0.020920502,1.30E-07,,0.125,0,0.285714286,0.142857143,0,0.551724138,0.211940299,0.727272727,0.9375,0.8,0.312069638,0,0,0,non toxic,0
0.0625,0,0.652173913,0.020920502,2.36E-08,,0.125,0,0.285714286,0.142857143,0,0.551724138,0.068656716,0.727272727,0.9375,0.8,0.342912933,0,0,0,non toxic,0
0.0625,0,0.652173913,0.020920502,5.91E-08,,0.125,0,0.285714286,0.142857143,0,0.551724138,0.068656716,0.727272727,0.9375,0.8,0.334040371,0,0,0,non toxic,0
0.0625,0,0.652173913,0.020920502,9.45E-08,,0.125,0,0.285714286,0.142857143,0,0.551724138,0.068656716,0.727272727,0.9375,0.8,0.334779757,0,0,0,non toxic,0
0.0625,0,0.652173913,0.020920502,1.30E-07,,0.125,0,0.285714286,0.142857143,0,0.551724138,0.068656716,0.727272727,0.9375,0.8,0.322210288,0,0,0,non toxic,0
0.0625,0,0.652173913,0.020920502,1.65E-07,,0.125,0,0.285714286,0.142857143,0,0.551724138,0.068656716,0.727272727,0.9375,0.8,0.293374509,0,0,0,non toxic,0
0.0625,0,0.652173913,0.020920502,1.30E-07,,0.125,0,0.285714286,0.142857143,0,0.551724138,0.068656716,0.727272727,0.9375,0.8,0.335662379,0,0,0,non toxic,0
0.0625,0,0.652173913,0.020920502,1.30E-07,,0.125,0,0.285714286,0.142857143,0,0.551724138,0.104477612,0.727272727,0.9375,0.8,0.335662379,0,0,0,non toxic,0
0.0625,0,0.652173913,0.020920502,1.30E-07,,0.125,0,0.285714286,0.142857143,0,0.551724138,0.140298507,0.727272727,0.9375,0.8,0.329026929,0,0,0,non toxic,0
0.0625,0,0.652173913,0.020920502,1.30E-07,,0.125,0,0.285714286,0.142857143,0,0.551724138,0.176119403,0.727272727,0.9375,0.8,0.323866002,0,0,0,non toxic,0
0.0625,0,0.652173913,0.020920502,1.30E-07,,0.125,0,0.285714286,0.142857143,0,0.551724138,0.211940299,0.727272727,0.9375,0.8,0.320916913,0,0,0,non toxic,0
0.0625,0,0.260869565,0.019874477,2.74E-08,,0.125,0,0.285714286,0.142857143,0,0.551724138,0.068656716,0.727272727,0.9375,0.8,0.342173548,0,0,0,non toxic,0
0.0625,0,0.260869565,0.019874477,6.84E-08,,0.125,0,0.285714286,0.142857143,0,0.551724138,0.068656716,0.727272727,0.9375,0.8,0.34365231,0,0,0,non toxic,0
0.0625,0,0.260869565,0.019874477,1.09E-07,,0.125,0,0.285714286,0.142857143,0,0.551724138,0.068656716,0.727272727,0.9375,0.8,0.337737277,0,0,0,non toxic,0
0.0625,0,0.260869565,0.019874477,1.50E-07,,0.125,0,0.285714286,0.142857143,0,0.551724138,0.068656716,0.727272727,0.9375,0.8,0.329604092,0,0,0,non toxic,0
0.0625,0,0.260869565,0.019874477,1.92E-07,,0.125,0,0.285714286,0.142857143,0,0.551724138,0.068656716,0.727272727,0.9375,0.8,0.319252789,0,0,0,non toxic,0
0.0625,0,0.260869565,0.019874477,1.50E-07,,0.125,0,0.285714286,0.142857143,0,0.551724138,0.068656716,0.727272727,0.9375,0.8,0.340086012,0,0,0,non toxic,0
0.0625,0,0.260869565,0.019874477,1.50E-07,,0.125,0,0.285714286,0.142857143,0,0.551724138,0.104477612,0.727272727,0.9375,0.8,0.340086012,0,0,0,non toxic,0
0.0625,0,0.260869565,0.019874477,1.50E-07,,0.125,0,0.285714286,0.142857143,0,0.551724138,0.140298507,0.727272727,0.9375,0.8,0.337874195,0,0,0,non toxic,0
0.0625,0,0.260869565,0.019874477,1.50E-07,,0.125,0,0.285714286,0.142857143,0,0.551724138,0.176119403,0.727272727,0.9375,0.8,0.333450549,0,0,0,non toxic,0
0.0625,0,0.260869565,0.019874477,1.50E-07,,0.125,0,0.285714286,0.142857143,0,0.551724138,0.211940299,0.727272727,0.9375,0.8,0.331238724,0,0,0,non toxic,0
0.0625,0,0.739130435,0.019874477,6.67E-08,,0.325,0,0.285714286,0.142857143,1,0.448275862,0.140298507,0.909090909,0.875,0.6,0.344304322,0,0,0,non toxic,0
0.0625,0,0.739130435,0.019874477,6.67E-07,,0.325,0,0.285714286,0.142857143,1,0.448275862,0.140298507,0.909090909,0.875,0.6,0.345942202,0,0,0,non toxic,0
0.0625,0,0.739130435,0.019874477,6.67E-06,,0.325,0,0.285714286,0.142857143,1,0.448275862,0.140298507,0.909090909,0.875,0.6,0.345942202,0,0,0,non toxic,0
0.0625,0,0.739130435,0.019874477,6.67E-05,,0.325,0,0.285714286,0.142857143,1,0.448275862,0.140298507,0.909090909,0.875,0.6,0.343212431,0,0,0,non toxic,0
0.0625,0,0.739130435,0.019874477,0.000666667,,0.325,0,0.285714286,0.142857143,1,0.448275862,0.140298507,0.909090909,0.875,0.6,0.330109495,0,0,0,non toxic,0
0.0625,0,0.739130435,0.019874477,0.006666667,,0.325,0,0.285714286,0.142857143,1,0.448275862,0.140298507,0.909090909,0.875,0.6,0.317006565,0,0,0,non toxic,0
0.0625,0,0.739130435,0.019874477,0.066666667,,0.325,0,0.285714286,0.142857143,1,0.448275862,0.140298507,0.909090909,0.875,0.6,0.219585016,0,0,0,toxic,1
0.0625,0,0.630434783,0.035564854,2.55E-12,,0.0125,0,0.285714286,0.142857143,0,0.517241379,0.140298507,0.181818182,0.25,1,0.330181329,0,0,0,non toxic,0
0.0625,0,0.630434783,0.035564854,1.02E-11,,0.0125,0,0.285714286,0.142857143,0,0.517241379,0.140298507,0.181818182,0.25,1,0.326776295,0,0,0,non toxic,0
0.0625,0,0.630434783,0.035564854,2.04E-11,,0.0125,0,0.285714286,0.142857143,0,0.517241379,0.140298507,0.181818182,0.25,1,0.322236231,0,0,0,non toxic,0
0.0625,0,0.630434783,0.035564854,2.55E-11,,0.0125,0,0.285714286,0.142857143,0,0.517241379,0.140298507,0.181818182,0.25,1,0.317696189,0,0,0,non toxic,0
0.0625,0,0.630434783,0.035564854,5.10E-11,,0.0125,0,0.285714286,0.142857143,0,0.517241379,0.140298507,0.181818182,0.25,1,0.300670998,0,0,0,non toxic,0
0.0625,0,0.130434783,0.035564854,2.55E-12,,0.0125,0,0.285714286,0.142857143,0,0.517241379,0.140298507,0.181818182,0.25,1,0.329046316,0,0,0,non toxic,0
0.0625,0,0.130434783,0.035564854,1.02E-11,,0.0125,0,0.285714286,0.142857143,0,0.517241379,0.140298507,0.181818182,0.25,1,0.319966231,0,0,0,non toxic,0
0.0625,0,0.130434783,0.035564854,2.04E-11,,0.0125,0,0.285714286,0.142857143,0,0.517241379,0.140298507,0.181818182,0.25,1,0.308616096,0,0,0,non toxic,0
0.0625,0,0.130434783,0.035564854,2.55E-11,,0.0125,0,0.285714286,0.142857143,0,0.517241379,0.140298507,0.181818182,0.25,1,0.302941041,0,0,0,non toxic,0
0.0625,0,0.130434783,0.035564854,5.10E-11,,0.0125,0,0.285714286,0.142857143,0,0.517241379,0.140298507,0.181818182,0.25,1,0.288185871,0,0,0,non toxic,0
0.0625,0,0.130434783,0.035564854,2.55E-12,,0.0125,0,0.285714286,0.142857143,0,0.517241379,0.140298507,0.181818182,0.25,1,0.326776295,0,0,0,non toxic,0
0.0625,0,0.130434783,0.035564854,1.02E-11,,0.0125,0,0.285714286,0.142857143,0,0.517241379,0.140298507,0.181818182,0.25,1,0.319966231,0,0,0,non toxic,0
0.0625,0,0.130434783,0.035564854,2.04E-11,,0.0125,0,0.285714286,0.142857143,0,0.517241379,0.140298507,0.181818182,0.25,1,0.30407604,0,0,0,non toxic,0
0.0625,0,0.130434783,0.035564854,2.55E-11,,0.0125,0,0.285714286,0.142857143,0,0.517241379,0.140298507,0.181818182,0.25,1,0.288185871,0,0,0,non toxic,0
0.0625,0,0.608695652,0.035564854,5.10E-11,,0.0125,0,0.285714286,0.142857143,0,0.517241379,0.140298507,0.181818182,0.25,1,0.276835765,0,0,0,non toxic,0
0.0625,0,0.739130435,0.025104603,7.00E-08,,0.55,0,0.285714286,0.142857143,0,0.275862069,0.140298507,0.590909091,0.875,0.6,0.261610926,0,0,0,non toxic,0
0.0625,0,0.739130435,0.025104603,3.50E-08,,0.55,0,0.285714286,0.142857143,0,0.275862069,0.140298507,0.590909091,0.875,0.6,0.269790844,0,0,0,non toxic,0
0.0625,0,0.739130435,0.025104603,7.00E-09,,0.55,0,0.285714286,0.142857143,0,0.275862069,0.140298507,0.590909091,0.875,0.6,0.294330593,0,0,0,non toxic,0
0.0625,0,0.739130435,0.025104603,7.00E-10,,0.55,0,0.285714286,0.142857143,0,0.275862069,0.140298507,0.590909091,0.875,0.6,0.299535998,0,0,0,non toxic,0
0.0625,0,0.347826087,0.02165272,6.67E-07,0.299259259,0.0625,0,0.571428571,0.857142857,0,0.24137931,0.068656716,0.590909091,0.875,0.6,0.324230487,1,0,1,non toxic,0
0.0625,0,0.347826087,0.02165272,1.33E-06,0.299259259,0.0625,0,0.571428571,0.857142857,0,0.24137931,0.068656716,0.590909091,0.875,0.6,0.328145159,1,0,1,non toxic,0
0.0625,0,0.347826087,0.02165272,3.33E-06,0.299259259,0.0625,0,0.571428571,0.857142857,0,0.24137931,0.068656716,0.590909091,0.875,0.6,0.332732634,1,0,1,non toxic,0
0.0625,0,0.347826087,0.02165272,6.67E-06,0.299259259,0.0625,0,0.571428571,0.857142857,0,0.24137931,0.068656716,0.590909091,0.875,0.6,0.326616928,1,0,1,non toxic,0
0.0625,0,0.347826087,0.02165272,1.33E-05,0.299259259,0.0625,0,0.571428571,0.857142857,0,0.24137931,0.068656716,0.590909091,0.875,0.6,0.317159107,1,0,1,non toxic,0
0.0625,0,0.347826087,0.02165272,2.67E-05,0.299259259,0.0625,0,0.571428571,0.857142857,0,0.24137931,0.068656716,0.590909091,0.875,0.6,0.304359192,1,0,1,non toxic,0
0.0625,0,0.347826087,0.02165272,5.33E-05,0.299259259,0.0625,0,0.571428571,0.857142857,0,0.24137931,0.068656716,0.590909091,0.875,0.6,0.280858824,1,0,1,non toxic,0
0.0625,0,0.347826087,0.02165272,6.67E-07,0.299259259,0.375,1,0.285714286,0,1,0.689655172,0.068656716,0.590909091,0.875,0.6,0.332922127,1,0,1,non toxic,0
0.0625,0,0.347826087,0.02165272,1.33E-06,0.299259259,0.375,1,0.285714286,0,1,0.689655172,0.068656716,0.590909091,0.875,0.6,0.336169485,1,0,1,non toxic,0
0.0625,0,0.347826087,0.02165272,3.33E-06,0.299259259,0.375,1,0.285714286,0,1,0.689655172,0.068656716,0.590909091,0.875,0.6,0.330057866,1,0,1,non toxic,0
0.0625,0,0.347826087,0.02165272,6.67E-06,0.299259259,0.375,1,0.285714286,0,1,0.689655172,0.068656716,0.590909091,0.875,0.6,0.325279527,1,0,1,non toxic,0
0.0625,0,0.347826087,0.02165272,1.33E-05,0.299259259,0.375,1,0.285714286,0,1,0.689655172,0.068656716,0.590909091,0.875,0.6,0.311809549,1,0,1,non toxic,0
0.0625,0,0.347826087,0.02165272,2.67E-05,0.299259259,0.375,1,0.285714286,0,1,0.689655172,0.068656716,0.590909091,0.875,0.6,0.282292317,1,0,1,non toxic,0
0.0625,0,0.347826087,0.02165272,5.33E-05,0.299259259,0.375,1,0.285714286,0,1,0.689655172,0.068656716,0.590909091,0.875,0.6,0.242743325,1,0,1,non toxic,0
0.0625,0,0.347826087,0.02165272,6.67E-07,0.299259259,0.725,0,0.857142857,0.357142857,0,0,0.068656716,0.590909091,0.875,0.6,0.335596906,1,0,1,non toxic,0
0.0625,0,0.347826087,0.02165272,1.33E-06,0.299259259,0.725,0,0.857142857,0.357142857,0,0,0.068656716,0.590909091,0.875,0.6,0.334834834,1,0,1,non toxic,0
0.0625,0,0.347826087,0.02165272,3.33E-06,0.299259259,0.725,0,0.857142857,0.357142857,0,0,0.068656716,0.590909091,0.875,0.6,0.330056496,1,0,1,non toxic,0
0.0625,0,0.347826087,0.02165272,6.67E-06,0.299259259,0.725,0,0.857142857,0.357142857,0,0,0.068656716,0.590909091,0.875,0.6,0.325946853,1,0,1,non toxic,0
0.0625,0,0.347826087,0.02165272,1.33E-05,0.299259259,0.725,0,0.857142857,0.357142857,0,0,0.068656716,0.590909091,0.875,0.6,0.332539043,1,0,1,non toxic,0
0.0625,0,0.347826087,0.02165272,2.67E-05,0.299259259,0.725,0,0.857142857,0.357142857,0,0,0.068656716,0.590909091,0.875,0.6,0.30837136,1,0,1,non toxic,0
0.0625,0,0.347826087,0.02165272,5.33E-05,0.299259259,0.725,0,0.857142857,0.357142857,0,0,0.068656716,0.590909091,0.875,0.6,0.294232676,1,0,1,non toxic,0
0,0,0.456521739,0.007845188,3.28E-09,,0.4125,0,0.285714286,0.142857143,0,0.896551724,0.068656716,0.727272727,0.9375,0.8,0.407072844,0,0,0,non toxic,0
0,0,0.456521739,0.007845188,6.56E-09,,0.4125,0,0.285714286,0.142857143,0,0.896551724,0.068656716,0.727272727,0.9375,0.8,0.424381445,0,0,0,non toxic,0
0,0,0.456521739,0.007845188,1.64E-08,,0.4125,0,0.285714286,0.142857143,0,0.896551724,0.068656716,0.727272727,0.9375,0.8,0.469921999,0,0,0,non toxic,0
0,0,0.456521739,0.007845188,3.28E-08,,0.4125,0,0.285714286,0.142857143,0,0.896551724,0.068656716,0.727272727,0.9375,0.8,0.34987611,0,0,0,non toxic,0
0,0,0.456521739,0.007845188,4.92E-08,,0.4125,0,0.285714286,0.142857143,0,0.896551724,0.068656716,0.727272727,0.9375,0.8,0.336239895,0,0,0,non toxic,0
0,0,0.456521739,0.007845188,6.56E-08,,0.4125,0,0.285714286,0.142857143,0,0.896551724,0.068656716,0.727272727,0.9375,0.8,0.254198186,0,0,0,non toxic,0
0,0,0.456521739,0.007845188,8.20E-08,,0.4125,0,0.285714286,0.142857143,0,0.896551724,0.068656716,0.727272727,0.9375,0.8,0.235675872,0,0,0,non toxic,0
0,0,0.456521739,0.007845188,9.85E-08,,0.4125,0,0.285714286,0.142857143,0,0.896551724,0.068656716,0.727272727,0.9375,0.8,0.219325175,0,0,0,toxic,1
0,0,0.739130435,0.006799163,2.39E-08,,0.4125,0,0.285714286,0.142857143,0,0.896551724,0.080597015,0.590909091,0.875,0.6,0.326934648,0,0,0,non toxic,0
0,0,0.739130435,0.006799163,4.78E-08,,0.4125,0,0.285714286,0.142857143,0,0.896551724,0.080597015,0.590909091,0.875,0.6,0.313352304,0,0,0,non toxic,0
0,0,0.739130435,0.006799163,1.43E-07,,0.4125,0,0.285714286,0.142857143,0,0.896551724,0.080597015,0.590909091,0.875,0.6,0.206816117,0,0,0,toxic,1
0,0,0.739130435,0.006799163,2.39E-07,,0.4125,0,0.285714286,0.142857143,0,0.896551724,0.080597015,0.590909091,0.875,0.6,0.145698944,0,0,0,toxic,1
0,0,0.739130435,0.006799163,3.34E-07,,0.4125,0,0.285714286,0.142857143,0,0.896551724,0.080597015,0.590909091,0.875,0.6,0.141612985,0,0,0,toxic,1
0,0,0.739130435,0.006799163,4.78E-07,,0.4125,0,0.285714286,0.142857143,0,0.896551724,0.080597015,0.590909091,0.875,0.6,0.138596531,0,0,0,toxic,1
0,0,0.739130435,0.006799163,4.78E-09,,0.4125,0,0.285714286,0.142857143,0,0.896551724,0.080597015,0.090909091,0,0.6,0.354692769,0,0,0,non toxic,0
0,0,0.739130435,0.006799163,1.43E-08,,0.4125,0,0.285714286,0.142857143,0,0.896551724,0.080597015,0.090909091,0,0.6,0.337292494,0,0,0,non toxic,0
0,0,0.739130435,0.006799163,3.34E-08,,0.4125,0,0.285714286,0.142857143,0,0.896551724,0.080597015,0.090909091,0,0.6,0.306340541,0,0,0,non toxic,0
0,0,0.739130435,0.006799163,4.78E-08,,0.4125,0,0.285714286,0.142857143,0,0.896551724,0.080597015,0.090909091,0,0.6,0.234718423,0,0,0,toxic,1
0,0,0.739130435,0.006799163,9.55E-08,,0.4125,0,0.285714286,0.142857143,0,0.896551724,0.080597015,0.090909091,0,0.6,0.208688152,0,0,0,toxic,1
0,0,0.739130435,0.006799163,1.43E-07,,0.4125,0,0.285714286,0.142857143,0,0.896551724,0.080597015,0.090909091,0,0.6,0.160480002,0,0,0,toxic,1
0,0,0.739130435,0.006799163,2.39E-07,,0.4125,0,0.285714286,0.142857143,0,0.896551724,0.080597015,0.090909091,0,0.6,0.146776666,0,0,0,toxic,1
0,0,0.739130435,0.006799163,4.78E-09,,0.4125,0,0.285714286,0.142857143,0,0.896551724,0.080597015,0.409090909,0.375,0.2,0.338458614,0,0,0,non toxic,0
0,0,0.739130435,0.006799163,9.55E-09,,0.4125,0,0.285714286,0.142857143,0,0.896551724,0.080597015,0.409090909,0.375,0.2,0.335302726,0,0,0,non toxic,0
0,0,0.739130435,0.006799163,1.43E-08,,0.4125,0,0.285714286,0.142857143,0,0.896551724,0.080597015,0.409090909,0.375,0.2,0.287964409,0,0,0,non toxic,0
0,0,0.739130435,0.006799163,3.34E-08,,0.4125,0,0.285714286,0.142857143,0,0.896551724,0.080597015,0.409090909,0.375,0.2,0.156469093,0,0,0,toxic,1
0,0,0.739130435,0.006799163,4.78E-08,,0.4125,0,0.285714286,0.142857143,0,0.896551724,0.080597015,0.409090909,0.375,0.2,0.15226122,0,0,0,toxic,1
0,0,0.739130435,0.006799163,9.55E-08,,0.4125,0,0.285714286,0.142857143,0,0.896551724,0.080597015,0.409090909,0.375,0.2,0.15541712,0,0,0,toxic,1
0,0,0.739130435,0.014644351,2.99E-08,,0.075,0,0.571428571,0.285714286,0,0.655172414,0.140298507,0.545454545,0.875,0.6,0.370670602,0,0,1,non toxic,0
0,0,0.739130435,0.014644351,5.97E-08,,0.075,0,0.571428571,0.285714286,0,0.655172414,0.140298507,0.545454545,0.875,0.6,0.177707762,0,0,1,toxic,1
0,0,0.739130435,0.103556485,4.03E-10,0.207407407,0.9375,1,0.285714286,0.642857143,0,0.206896552,0.068656716,0.454545455,0.625,0.4,0.317970792,0,1,0,non toxic,0
0,0,0.739130435,0.103556485,3.43E-09,,0.4,0,0.285714286,0.142857143,0,0.310344828,0.068656716,0,0.6875,0,0.334964592,0,0,1,non toxic,0
0,0,0.739130435,0.103556485,6.85E-09,,0.4,0,0.285714286,0.142857143,0,0.310344828,0.068656716,0,0.6875,0,0.321101231,0,0,1,non toxic,0
0,0,0.739130435,0.103556485,1.35E-08,,0.4,0,0.285714286,0.142857143,0,0.310344828,0.068656716,0,0.6875,0,0.185548337,0,0,1,toxic,1
0,0,0.739130435,0.103556485,2.72E-08,,0.4,0,0.285714286,0.142857143,0,0.310344828,0.068656716,0,0.6875,0,0.131635255,0,0,1,toxic,1
0,0,0.739130435,0.103556485,5.44E-08,,0.4,0,0.285714286,0.142857143,0,0.310344828,0.068656716,0,0.6875,0,0.127014133,0,0,1,toxic,1
0,0,0.739130435,0.035564854,7.99E-08,,0.4,0,0.285714286,0.142857143,0,0.310344828,0.068656716,0,0.6875,0,0.356529825,0,0,1,non toxic,0
0,0,0.739130435,0.035564854,1.60E-07,,0.4,0,0.285714286,0.142857143,0,0.310344828,0.068656716,0,0.6875,0,0.32726272,0,0,1,non toxic,0
0,0,0.739130435,0.035564854,3.15E-07,,0.4,0,0.285714286,0.142857143,0,0.310344828,0.068656716,0,0.6875,0,0.322641614,0,0,1,non toxic,0
0,0,0.739130435,0.035564854,6.35E-07,,0.4,0,0.285714286,0.142857143,0,0.310344828,0.068656716,0,0.6875,0,0.291834126,0,0,1,non toxic,0
0,0,0.739130435,0.035564854,1.27E-06,,0.4,0,0.285714286,0.142857143,0,0.310344828,0.068656716,0,0.6875,0,0.237921043,0,0,1,non toxic,0
0,0,0.739130435,0.009414226,3.43E-06,,0.4,0,0.285714286,0.142857143,0,0.310344828,0.068656716,0,0.6875,0,0.35961057,0,0,1,non toxic,0
0,0,0.739130435,0.009414226,6.85E-06,,0.4,0,0.285714286,0.142857143,0,0.310344828,0.068656716,0,0.6875,0,0.331883848,0,0,1,non toxic,0
0,0,0.739130435,0.009414226,1.35E-05,,0.4,0,0.285714286,0.142857143,0,0.310344828,0.068656716,0,0.6875,0,0.325722359,0,0,1,non toxic,0
0,0,0.739130435,0.009414226,2.72E-05,,0.4,0,0.285714286,0.142857143,0,0.310344828,0.068656716,0,0.6875,0,0.304157126,0,0,1,non toxic,0
0,0,0.739130435,0.009414226,5.44E-05,,0.4,0,0.285714286,0.142857143,0,0.310344828,0.068656716,0,0.6875,0,0.242542171,0,0,1,non toxic,0
0,0,0.739130435,0.028671548,2.20E-08,0.108666667,0.3875,0,0.285714286,0.428571429,0,0.620689655,0.068656716,0.090909091,0,0.6,0.344501817,0,0,1,non toxic,0
0,0,0.739130435,0.028671548,2.20E-08,0.108666667,0.3875,0,0.285714286,0.428571429,0,0.620689655,0.140298507,0.090909091,0,0.6,0.26099388,0,0,1,non toxic,0
0,0,0.739130435,0.028671548,2.20E-08,0.108666667,0.3875,0,0.285714286,0.428571429,0,0.620689655,0.211940299,0.090909091,0,0.6,0.24631117,0,0,1,non toxic,0
0,0,0.739130435,0.028671548,4.39E-08,0.108666667,0.3875,0,0.285714286,0.428571429,0,0.620689655,0.068656716,0.090909091,0,0.6,0.267417568,0,0,1,non toxic,0
0,0,0.739130435,0.028671548,4.39E-08,0.108666667,0.3875,0,0.285714286,0.428571429,0,0.620689655,0.140298507,0.090909091,0,0.6,0.210522057,0,0,1,toxic,1
0,0,0.739130435,0.028671548,4.39E-08,0.108666667,0.3875,0,0.285714286,0.428571429,0,0.620689655,0.211940299,0.090909091,0,0.6,0.204098373,0,0,1,toxic,1
0,0,0.739130435,0.028671548,8.79E-08,0.108666667,0.3875,0,0.285714286,0.428571429,0,0.620689655,0.068656716,0.090909091,0,0.6,0.201345364,0,0,1,toxic,1
0,0,0.739130435,0.028671548,8.79E-08,0.108666667,0.3875,0,0.285714286,0.428571429,0,0.620689655,0.140298507,0.090909091,0,0.6,0.175650618,0,0,1,toxic,1
0,0,0.739130435,0.028671548,8.79E-08,0.108666667,0.3875,0,0.285714286,0.428571429,0,0.620689655,0.211940299,0.090909091,0,0.6,0.163720912,0,0,1,toxic,1
0,0,0.739130435,0.028671548,1.76E-07,0.108666667,0.3875,0,0.285714286,0.428571429,0,0.620689655,0.068656716,0.090909091,0,0.6,0.178403622,0,0,1,toxic,1
0,0,0.739130435,0.028671548,1.76E-07,0.108666667,0.3875,0,0.285714286,0.428571429,0,0.620689655,0.140298507,0.090909091,0,0.6,0.158214896,0,0,1,toxic,1
0,0,0.739130435,0.028671548,1.76E-07,0.108666667,0.3875,0,0.285714286,0.428571429,0,0.620689655,0.211940299,0.090909091,0,0.6,0.147202862,0,0,1,toxic,1
0,0,0.739130435,0.028671548,3.52E-07,0.108666667,0.3875,0,0.285714286,0.428571429,0,0.620689655,0.068656716,0.090909091,0,0.6,0.148120532,0,0,1,toxic,1
0,0,0.739130435,0.028671548,3.52E-07,0.108666667,0.3875,0,0.285714286,0.428571429,0,0.620689655,0.140298507,0.090909091,0,0.6,0.146285195,0,0,1,toxic,1
0,0,0.739130435,0.028671548,3.52E-07,0.108666667,0.3875,0,0.285714286,0.428571429,0,0.620689655,0.211940299,0.090909091,0,0.6,0.137108498,0,0,1,toxic,1
0,0,0.739130435,0.028671548,5.27E-07,0.108666667,0.3875,0,0.285714286,0.428571429,0,0.620689655,0.068656716,0.090909091,0,0.6,0.136190828,0,0,1,toxic,1
0,0,0.739130435,0.028671548,5.27E-07,0.108666667,0.3875,0,0.285714286,0.428571429,0,0.620689655,0.140298507,0.090909091,0,0.6,0.137108498,0,0,1,toxic,1
0,0,0.739130435,0.028671548,5.27E-07,0.108666667,0.3875,0,0.285714286,0.428571429,0,0.620689655,0.211940299,0.090909091,0,0.6,0.137108498,0,0,1,toxic,1
0,0,0.739130435,0.028671548,7.03E-07,0.108666667,0.3875,0,0.285714286,0.428571429,0,0.620689655,0.068656716,0.090909091,0,0.6,0.141696846,0,0,1,toxic,1
0,0,0.739130435,0.028671548,7.03E-07,0.108666667,0.3875,0,0.285714286,0.428571429,0,0.620689655,0.140298507,0.090909091,0,0.6,0.138943836,0,0,1,toxic,1
0,0,0.739130435,0.028671548,7.03E-07,0.108666667,0.3875,0,0.285714286,0.428571429,0,0.620689655,0.211940299,0.090909091,0,0.6,0.135273159,0,0,1,toxic,1
0,0,0.739130435,0.028671548,8.79E-07,0.108666667,0.3875,0,0.285714286,0.428571429,0,0.620689655,0.068656716,0.090909091,0,0.6,0.136190828,0,0,1,toxic,1
0,0,0.739130435,0.028671548,8.79E-07,0.108666667,0.3875,0,0.285714286,0.428571429,0,0.620689655,0.140298507,0.090909091,0,0.6,0.136190828,0,0,1,toxic,1
0,0,0.739130435,0.028671548,8.79E-07,0.108666667,0.3875,0,0.285714286,0.428571429,0,0.620689655,0.211940299,0.090909091,0,0.6,0.13435549,0,0,1,toxic,1
0,0,0.739130435,0.028671548,1.76E-08,0.108666667,0.4,0,0.285714286,0.142857143,0,0.310344828,0.068656716,0.090909091,0,0.6,0.326492539,0,0,1,non toxic,0
0,0,0.739130435,0.028671548,1.76E-08,0.108666667,0.4,0,0.285714286,0.142857143,0,0.310344828,0.140298507,0.090909091,0,0.6,0.196202587,0,0,1,toxic,1
0,0,0.739130435,0.028671548,1.76E-08,0.108666667,0.4,0,0.285714286,0.142857143,0,0.310344828,0.211940299,0.090909091,0,0.6,0.161159085,0,0,1,toxic,1
0,0,0.739130435,0.028671548,3.52E-08,0.108666667,0.4,0,0.285714286,0.142857143,0,0.310344828,0.068656716,0.090909091,0,0.6,0.251912778,0,0,1,non toxic,0
0,0,0.739130435,0.028671548,3.52E-08,0.108666667,0.4,0,0.285714286,0.142857143,0,0.310344828,0.140298507,0.090909091,0,0.6,0.150376469,0,0,1,toxic,1
0,0,0.739130435,0.028671548,3.52E-08,0.108666667,0.4,0,0.285714286,0.142857143,0,0.310344828,0.211940299,0.090909091,0,0.6,0.144086609,0,0,1,toxic,1
0,0,0.739130435,0.028671548,5.27E-08,0.108666667,0.4,0,0.285714286,0.142857143,0,0.310344828,0.068656716,0.090909091,0,0.6,0.236637399,0,0,1,non toxic,0
0,0,0.739130435,0.028671548,5.27E-08,0.108666667,0.4,0,0.285714286,0.142857143,0,0.310344828,0.140298507,0.090909091,0,0.6,0.13150689,0,0,1,toxic,1
0,0,0.739130435,0.028671548,5.27E-08,0.108666667,0.4,0,0.285714286,0.142857143,0,0.310344828,0.211940299,0.090909091,0,0.6,0.13150689,0,0,1,toxic,1
0,0,0.739130435,0.028671548,7.03E-08,0.108666667,0.4,0,0.285714286,0.142857143,0,0.310344828,0.068656716,0.090909091,0,0.6,0.23124609,0,0,1,toxic,1
0,0,0.739130435,0.028671548,7.03E-08,0.108666667,0.4,0,0.285714286,0.142857143,0,0.310344828,0.140298507,0.090909091,0,0.6,0.129709788,0,0,1,toxic,1
0,0,0.739130435,0.028671548,7.03E-08,0.108666667,0.4,0,0.285714286,0.142857143,0,0.310344828,0.211940299,0.090909091,0,0.6,0.129709788,0,0,1,toxic,1
0,0,0.739130435,0.028671548,8.79E-08,0.108666667,0.4,0,0.285714286,0.142857143,0,0.310344828,0.068656716,0.090909091,0,0.6,0.213275066,0,0,1,toxic,1
0,0,0.739130435,0.028671548,8.79E-08,0.108666667,0.4,0,0.285714286,0.142857143,0,0.310344828,0.140298507,0.090909091,0,0.6,0.129709788,0,0,1,toxic,1
0,0,0.739130435,0.028671548,8.79E-08,0.108666667,0.4,0,0.285714286,0.142857143,0,0.310344828,0.211940299,0.090909091,0,0.6,0.129709788,0,0,1,toxic,1
0,0,0.739130435,0.028671548,1.32E-07,0.108666667,0.4,0,0.285714286,0.142857143,0,0.310344828,0.068656716,0.090909091,0,0.6,0.211477966,0,0,1,toxic,1
0,0,0.739130435,0.028671548,1.32E-07,0.108666667,0.4,0,0.285714286,0.142857143,0,0.310344828,0.140298507,0.090909091,0,0.6,0.127912685,0,0,1,toxic,1
0,0,0.739130435,0.028671548,1.32E-07,0.108666667,0.4,0,0.285714286,0.142857143,0,0.310344828,0.211940299,0.090909091,0,0.6,0.127014133,0,0,1,toxic,1
0,0,0.739130435,0.028671548,1.76E-07,0.108666667,0.4,0,0.285714286,0.142857143,0,0.310344828,0.068656716,0.090909091,0,0.6,0.205188103,0,0,1,toxic,1
0,0,0.739130435,0.028671548,1.76E-07,0.108666667,0.4,0,0.285714286,0.142857143,0,0.310344828,0.140298507,0.090909091,0,0.6,0.128811236,0,0,1,toxic,1
0,0,0.739130435,0.028671548,1.76E-07,0.108666667,0.4,0,0.285714286,0.142857143,0,0.310344828,0.211940299,0.090909091,0,0.6,0.128811236,0,0,1,toxic,1
0,0,0.739130435,0.028671548,2.20E-07,0.108666667,0.4,0,0.285714286,0.142857143,0,0.310344828,0.068656716,0.090909091,0,0.6,0.196202587,0,0,1,toxic,1
0,0,0.739130435,0.028671548,2.20E-07,0.108666667,0.4,0,0.285714286,0.142857143,0,0.310344828,0.140298507,0.090909091,0,0.6,0.127014133,0,0,1,toxic,1
0,0,0.739130435,0.028671548,2.20E-07,0.108666667,0.4,0,0.285714286,0.142857143,0,0.310344828,0.211940299,0.090909091,0,0.6,0.127014133,0,0,1,toxic,1
0,0,0.739130435,0.028671548,2.20E-08,0.108666667,0.3875,0,0.285714286,0.428571429,0,0.620689655,0.068656716,0.727272727,0.9375,0.8,0.369921544,0,0,1,non toxic,0
0,0,0.739130435,0.028671548,2.20E-08,0.108666667,0.3875,0,0.285714286,0.428571429,0,0.620689655,0.140298507,0.727272727,0.9375,0.8,0.352219798,0,0,1,non toxic,0
0,0,0.739130435,0.028671548,2.20E-08,0.108666667,0.3875,0,0.285714286,0.428571429,0,0.620689655,0.211940299,0.727272727,0.9375,0.8,0.326650591,0,0,1,non toxic,0
0,0,0.739130435,0.028671548,4.39E-08,0.108666667,0.3875,0,0.285714286,0.428571429,0,0.620689655,0.068656716,0.727272727,0.9375,0.8,0.27452876,0,0,1,non toxic,0
0,0,0.739130435,0.028671548,4.39E-08,0.108666667,0.3875,0,0.285714286,0.428571429,0,0.620689655,0.140298507,0.727272727,0.9375,0.8,0.268628178,0,0,1,non toxic,0
0,0,0.739130435,0.028671548,4.39E-08,0.108666667,0.3875,0,0.285714286,0.428571429,0,0.620689655,0.211940299,0.727272727,0.9375,0.8,0.228307508,0,0,1,toxic,1
0,0,0.739130435,0.028671548,8.79E-08,0.108666667,0.3875,0,0.285714286,0.428571429,0,0.620689655,0.068656716,0.727272727,0.9375,0.8,0.216506336,0,0,1,toxic,1
0,0,0.739130435,0.028671548,8.79E-08,0.108666667,0.3875,0,0.285714286,0.428571429,0,0.620689655,0.140298507,0.727272727,0.9375,0.8,0.211589189,0,0,1,toxic,1
0,0,0.739130435,0.028671548,8.79E-08,0.108666667,0.3875,0,0.285714286,0.428571429,0,0.620689655,0.211940299,0.727272727,0.9375,0.8,0.181102826,0,0,1,toxic,1
0,0,0.739130435,0.028671548,1.76E-07,0.108666667,0.3875,0,0.285714286,0.428571429,0,0.620689655,0.068656716,0.727272727,0.9375,0.8,0.210605754,0,0,1,toxic,1
0,0,0.739130435,0.028671548,1.76E-07,0.108666667,0.3875,0,0.285714286,0.428571429,0,0.620689655,0.140298507,0.727272727,0.9375,0.8,0.188970274,0,0,1,toxic,1
0,0,0.739130435,0.028671548,1.76E-07,0.108666667,0.3875,0,0.285714286,0.428571429,0,0.620689655,0.211940299,0.727272727,0.9375,0.8,0.171268521,0,0,1,toxic,1
0,0,0.739130435,0.028671548,3.52E-07,0.108666667,0.3875,0,0.285714286,0.428571429,0,0.620689655,0.068656716,0.727272727,0.9375,0.8,0.200771444,0,0,1,toxic,1
0,0,0.739130435,0.028671548,3.52E-07,0.108666667,0.3875,0,0.285714286,0.428571429,0,0.620689655,0.140298507,0.727272727,0.9375,0.8,0.179135965,0,0,1,toxic,1
0,0,0.739130435,0.028671548,3.52E-07,0.108666667,0.3875,0,0.285714286,0.428571429,0,0.620689655,0.211940299,0.727272727,0.9375,0.8,0.168318229,0,0,1,toxic,1
0,0,0.739130435,0.028671548,5.27E-07,0.108666667,0.3875,0,0.285714286,0.428571429,0,0.620689655,0.068656716,0.727272727,0.9375,0.8,0.201754875,0,0,1,toxic,1
0,0,0.739130435,0.028671548,5.27E-07,0.108666667,0.3875,0,0.285714286,0.428571429,0,0.620689655,0.140298507,0.727272727,0.9375,0.8,0.178152534,0,0,1,toxic,1
0,0,0.739130435,0.028671548,5.27E-07,0.108666667,0.3875,0,0.285714286,0.428571429,0,0.620689655,0.211940299,0.727272727,0.9375,0.8,0.171268521,0,0,1,toxic,1
0,0,0.739130435,0.028671548,7.03E-07,0.108666667,0.3875,0,0.285714286,0.428571429,0,0.620689655,0.068656716,0.727272727,0.9375,0.8,0.203721741,0,0,1,toxic,1
0,0,0.739130435,0.028671548,7.03E-07,0.108666667,0.3875,0,0.285714286,0.428571429,0,0.620689655,0.140298507,0.727272727,0.9375,0.8,0.174218816,0,0,1,toxic,1
0,0,0.739130435,0.028671548,7.03E-07,0.108666667,0.3875,0,0.285714286,0.428571429,0,0.620689655,0.211940299,0.727272727,0.9375,0.8,0.175202246,0,0,1,toxic,1
0,0,0.739130435,0.028671548,8.79E-07,0.108666667,0.3875,0,0.285714286,0.428571429,0,0.620689655,0.068656716,0.727272727,0.9375,0.8,0.202738306,0,0,1,toxic,1
0,0,0.739130435,0.028671548,8.79E-07,0.108666667,0.3875,0,0.285714286,0.428571429,0,0.620689655,0.140298507,0.727272727,0.9375,0.8,0.177169108,0,0,1,toxic,1
0,0,0.739130435,0.028671548,8.79E-07,0.108666667,0.3875,0,0.285714286,0.428571429,0,0.620689655,0.211940299,0.727272727,0.9375,0.8,0.176185677,0,0,1,toxic,1
0,0,0.739130435,0.028671548,1.76E-08,0.108666667,0.4,0,0.285714286,0.142857143,0,0.310344828,0.068656716,0.727272727,0.9375,0.8,0.312103806,0,0,1,non toxic,0
0,0,0.739130435,0.028671548,1.76E-08,0.108666667,0.4,0,0.285714286,0.142857143,0,0.310344828,0.140298507,0.727272727,0.9375,0.8,0.231555526,0,0,1,toxic,1
0,0,0.739130435,0.028671548,1.76E-08,0.108666667,0.4,0,0.285714286,0.142857143,0,0.310344828,0.211940299,0.727272727,0.9375,0.8,0.223843453,0,0,1,toxic,1
0,0,0.739130435,0.028671548,3.52E-08,0.108666667,0.4,0,0.285714286,0.142857143,0,0.310344828,0.068656716,0.727272727,0.9375,0.8,0.280398644,0,0,1,non toxic,0
0,0,0.739130435,0.028671548,3.52E-08,0.108666667,0.4,0,0.285714286,0.142857143,0,0.310344828,0.140298507,0.727272727,0.9375,0.8,0.224700348,0,0,1,toxic,1
0,0,0.739130435,0.028671548,3.52E-08,0.108666667,0.4,0,0.285714286,0.142857143,0,0.310344828,0.211940299,0.727272727,0.9375,0.8,0.213560697,0,0,1,toxic,1
0,0,0.739130435,0.028671548,5.27E-08,0.108666667,0.4,0,0.285714286,0.142857143,0,0.310344828,0.068656716,0.727272727,0.9375,0.8,0.271829677,0,0,1,non toxic,0
0,0,0.739130435,0.028671548,5.27E-08,0.108666667,0.4,0,0.285714286,0.142857143,0,0.310344828,0.140298507,0.727272727,0.9375,0.8,0.198993454,0,0,1,toxic,1
0,0,0.739130435,0.028671548,5.27E-08,0.108666667,0.4,0,0.285714286,0.142857143,0,0.310344828,0.211940299,0.727272727,0.9375,0.8,0.19213828,0,0,1,toxic,1
0,0,0.739130435,0.028671548,7.03E-08,0.108666667,0.4,0,0.285714286,0.142857143,0,0.310344828,0.068656716,0.727272727,0.9375,0.8,0.269258985,0,0,1,non toxic,0
0,0,0.739130435,0.028671548,7.03E-08,0.108666667,0.4,0,0.285714286,0.142857143,0,0.310344828,0.140298507,0.727272727,0.9375,0.8,0.190424487,0,0,1,toxic,1
0,0,0.739130435,0.028671548,7.03E-08,0.108666667,0.4,0,0.285714286,0.142857143,0,0.310344828,0.211940299,0.727272727,0.9375,0.8,0.186996902,0,0,1,toxic,1
0,0,0.739130435,0.028671548,8.79E-08,0.108666667,0.4,0,0.285714286,0.142857143,0,0.310344828,0.068656716,0.727272727,0.9375,0.8,0.258119321,0,0,1,non toxic,0
0,0,0.739130435,0.028671548,8.79E-08,0.108666667,0.4,0,0.285714286,0.142857143,0,0.310344828,0.140298507,0.727272727,0.9375,0.8,0.188710695,0,0,1,toxic,1
0,0,0.739130435,0.028671548,8.79E-08,0.108666667,0.4,0,0.285714286,0.142857143,0,0.310344828,0.211940299,0.727272727,0.9375,0.8,0.186996902,0,0,1,toxic,1
0,0,0.739130435,0.028671548,1.32E-07,0.108666667,0.4,0,0.285714286,0.142857143,0,0.310344828,0.068656716,0.727272727,0.9375,0.8,0.241838288,0,0,1,non toxic,0
0,0,0.739130435,0.028671548,1.32E-07,0.108666667,0.4,0,0.285714286,0.142857143,0,0.310344828,0.140298507,0.727272727,0.9375,0.8,0.184426212,0,0,1,toxic,1
0,0,0.739130435,0.028671548,1.32E-07,0.108666667,0.4,0,0.285714286,0.142857143,0,0.310344828,0.211940299,0.727272727,0.9375,0.8,0.182712416,0,0,1,toxic,1
0,0,0.739130435,0.028671548,1.76E-07,0.108666667,0.4,0,0.285714286,0.142857143,0,0.310344828,0.068656716,0.727272727,0.9375,0.8,0.234126216,0,0,1,toxic,1
0,0,0.739130435,0.028671548,1.76E-07,0.108666667,0.4,0,0.285714286,0.142857143,0,0.310344828,0.140298507,0.727272727,0.9375,0.8,0.185283106,0,0,1,toxic,1
0,0,0.739130435,0.028671548,1.76E-07,0.108666667,0.4,0,0.285714286,0.142857143,0,0.310344828,0.211940299,0.727272727,0.9375,0.8,0.181855522,0,0,1,toxic,1
0,0,0.739130435,0.028671548,2.20E-07,0.108666667,0.4,0,0.285714286,0.142857143,0,0.310344828,0.068656716,0.727272727,0.9375,0.8,0.220415867,0,0,1,toxic,1
0,0,0.739130435,0.028671548,2.20E-07,0.108666667,0.4,0,0.285714286,0.142857143,0,0.310344828,0.140298507,0.727272727,0.9375,0.8,0.175000348,0,0,1,toxic,1
0,0,0.739130435,0.028671548,2.20E-07,0.108666667,0.4,0,0.285714286,0.142857143,0,0.310344828,0.211940299,0.727272727,0.9375,0.8,0.169858968,0,0,1,toxic,1
0,0,0.739130435,0.028671548,2.20E-08,0.108666667,0.3875,0,0.285714286,0.428571429,0,0.620689655,0.068656716,0.590909091,0.875,0.6,0.278328996,0,0,1,non toxic,0
0,0,0.739130435,0.028671548,2.20E-08,0.108666667,0.3875,0,0.285714286,0.428571429,0,0.620689655,0.140298507,0.590909091,0.875,0.6,0.255115916,0,0,1,non toxic,0
0,0,0.739130435,0.028671548,2.20E-08,0.108666667,0.3875,0,0.285714286,0.428571429,0,0.620689655,0.211940299,0.590909091,0.875,0.6,0.245658742,0,0,1,non toxic,0
0,0,0.739130435,0.028671548,4.39E-08,0.108666667,0.3875,0,0.285714286,0.428571429,0,0.620689655,0.068656716,0.590909091,0.875,0.6,0.256835407,0,0,1,non toxic,0
0,0,0.739130435,0.028671548,4.39E-08,0.108666667,0.3875,0,0.285714286,0.428571429,0,0.620689655,0.140298507,0.590909091,0.875,0.6,0.220726177,0,0,1,toxic,1
0,0,0.739130435,0.028671548,4.39E-08,0.108666667,0.3875,0,0.285714286,0.428571429,0,0.620689655,0.211940299,0.590909091,0.875,0.6,0.210409256,0,0,1,toxic,1
0,0,0.739130435,0.028671548,8.79E-08,0.108666667,0.3875,0,0.285714286,0.428571429,0,0.620689655,0.068656716,0.590909091,0.875,0.6,0.167422077,0,0,1,toxic,1
0,0,0.739130435,0.028671548,8.79E-08,0.108666667,0.3875,0,0.285714286,0.428571429,0,0.620689655,0.140298507,0.590909091,0.875,0.6,0.171720798,0,0,1,toxic,1
0,0,0.739130435,0.028671548,8.79E-08,0.108666667,0.3875,0,0.285714286,0.428571429,0,0.620689655,0.211940299,0.590909091,0.875,0.6,0.165702591,0,0,1,toxic,1
0,0,0.739130435,0.028671548,1.76E-07,0.108666667,0.3875,0,0.285714286,0.428571429,0,0.620689655,0.068656716,0.590909091,0.875,0.6,0.153666182,0,0,1,toxic,1
0,0,0.739130435,0.028671548,1.76E-07,0.108666667,0.3875,0,0.285714286,0.428571429,0,0.620689655,0.140298507,0.590909091,0.875,0.6,0.146788235,0,0,1,toxic,1
0,0,0.739130435,0.028671548,1.76E-07,0.108666667,0.3875,0,0.285714286,0.428571429,0,0.620689655,0.211940299,0.590909091,0.875,0.6,0.139910286,0,0,1,toxic,1
0,0,0.739130435,0.028671548,3.52E-07,0.108666667,0.3875,0,0.285714286,0.428571429,0,0.620689655,0.068656716,0.590909091,0.875,0.6,0.140770029,0,0,1,toxic,1
0,0,0.739130435,0.028671548,3.52E-07,0.108666667,0.3875,0,0.285714286,0.428571429,0,0.620689655,0.140298507,0.590909091,0.875,0.6,0.133892081,0,0,1,toxic,1
0,0,0.739130435,0.028671548,3.52E-07,0.108666667,0.3875,0,0.285714286,0.428571429,0,0.620689655,0.211940299,0.590909091,0.875,0.6,0.135611569,0,0,1,toxic,1
0,0,0.739130435,0.028671548,5.27E-07,0.108666667,0.3875,0,0.285714286,0.428571429,0,0.620689655,0.068656716,0.590909091,0.875,0.6,0.145068747,0,0,1,toxic,1
0,0,0.739130435,0.028671548,5.27E-07,0.108666667,0.3875,0,0.285714286,0.428571429,0,0.620689655,0.140298507,0.590909091,0.875,0.6,0.136471312,0,0,1,toxic,1
0,0,0.739130435,0.028671548,5.27E-07,0.108666667,0.3875,0,0.285714286,0.428571429,0,0.620689655,0.211940299,0.590909091,0.875,0.6,0.136471312,0,0,1,toxic,1
0,0,0.739130435,0.028671548,7.03E-07,0.108666667,0.3875,0,0.285714286,0.428571429,0,0.620689655,0.068656716,0.590909091,0.875,0.6,0.147647979,0,0,1,toxic,1
0,0,0.739130435,0.028671548,7.03E-07,0.108666667,0.3875,0,0.285714286,0.428571429,0,0.620689655,0.140298507,0.590909091,0.875,0.6,0.139910286,0,0,1,toxic,1
0,0,0.739130435,0.028671548,7.03E-07,0.108666667,0.3875,0,0.285714286,0.428571429,0,0.620689655,0.211940299,0.590909091,0.875,0.6,0.141629773,0,0,1,toxic,1
0,0,0.739130435,0.028671548,8.79E-07,0.108666667,0.3875,0,0.285714286,0.428571429,0,0.620689655,0.068656716,0.590909091,0.875,0.6,0.151946694,0,0,1,toxic,1
0,0,0.739130435,0.028671548,8.79E-07,0.108666667,0.3875,0,0.285714286,0.428571429,0,0.620689655,0.140298507,0.590909091,0.875,0.6,0.141629773,0,0,1,toxic,1
0,0,0.739130435,0.028671548,8.79E-07,0.108666667,0.3875,0,0.285714286,0.428571429,0,0.620689655,0.211940299,0.590909091,0.875,0.6,0.146788235,0,0,1,toxic,1
0,0,0.739130435,0.028671548,1.76E-08,0.108666667,0.4,0,0.285714286,0.142857143,0,0.310344828,0.068656716,0.590909091,0.875,0.6,0.345444368,0,0,1,non toxic,0
0,0,0.739130435,0.028671548,1.76E-08,0.108666667,0.4,0,0.285714286,0.142857143,0,0.310344828,0.140298507,0.590909091,0.875,0.6,0.147190419,0,0,1,toxic,1
0,0,0.739130435,0.028671548,1.76E-08,0.108666667,0.4,0,0.285714286,0.142857143,0,0.310344828,0.211940299,0.590909091,0.875,0.6,0.14192704,0,0,1,toxic,1
0,0,0.739130435,0.028671548,3.52E-08,0.108666667,0.4,0,0.285714286,0.142857143,0,0.310344828,0.068656716,0.590909091,0.875,0.6,0.259475839,0,0,1,non toxic,0
0,0,0.739130435,0.028671548,3.52E-08,0.108666667,0.4,0,0.285714286,0.142857143,0,0.310344828,0.140298507,0.590909091,0.875,0.6,0.144558729,0,0,1,toxic,1
0,0,0.739130435,0.028671548,3.52E-08,0.108666667,0.4,0,0.285714286,0.142857143,0,0.310344828,0.211940299,0.590909091,0.875,0.6,0.14280427,0,0,1,toxic,1
0,0,0.739130435,0.028671548,5.27E-08,0.108666667,0.4,0,0.285714286,0.142857143,0,0.310344828,0.068656716,0.590909091,0.875,0.6,0.254212456,0,0,1,non toxic,0
0,0,0.739130435,0.028671548,5.27E-08,0.108666667,0.4,0,0.285714286,0.142857143,0,0.310344828,0.140298507,0.590909091,0.875,0.6,0.14192704,0,0,1,toxic,1
0,0,0.739130435,0.028671548,5.27E-08,0.108666667,0.4,0,0.285714286,0.142857143,0,0.310344828,0.211940299,0.590909091,0.875,0.6,0.138418121,0,0,1,toxic,1
0,0,0.739130435,0.028671548,7.03E-08,0.108666667,0.4,0,0.285714286,0.142857143,0,0.310344828,0.068656716,0.590909091,0.875,0.6,0.166489474,0,0,1,toxic,1
0,0,0.739130435,0.028671548,7.03E-08,0.108666667,0.4,0,0.285714286,0.142857143,0,0.310344828,0.140298507,0.590909091,0.875,0.6,0.139295351,0,0,1,toxic,1
0,0,0.739130435,0.028671548,7.03E-08,0.108666667,0.4,0,0.285714286,0.142857143,0,0.310344828,0.211940299,0.590909091,0.875,0.6,0.137540891,0,0,1,toxic,1
0,0,0.739130435,0.028671548,8.79E-08,0.108666667,0.4,0,0.285714286,0.142857143,0,0.310344828,0.068656716,0.590909091,0.875,0.6,0.162103327,0,0,1,toxic,1
0,0,0.739130435,0.028671548,8.79E-08,0.108666667,0.4,0,0.285714286,0.142857143,0,0.310344828,0.140298507,0.590909091,0.875,0.6,0.136663662,0,0,1,toxic,1
0,0,0.739130435,0.028671548,8.79E-08,0.108666667,0.4,0,0.285714286,0.142857143,0,0.310344828,0.211940299,0.590909091,0.875,0.6,0.133154742,0,0,1,toxic,1
0,0,0.739130435,0.028671548,1.32E-07,0.108666667,0.4,0,0.285714286,0.142857143,0,0.310344828,0.068656716,0.590909091,0.875,0.6,0.155085487,0,0,1,toxic,1
0,0,0.739130435,0.028671548,1.32E-07,0.108666667,0.4,0,0.285714286,0.142857143,0,0.310344828,0.140298507,0.590909091,0.875,0.6,0.135786432,0,0,1,toxic,1
0,0,0.739130435,0.028671548,1.32E-07,0.108666667,0.4,0,0.285714286,0.142857143,0,0.310344828,0.211940299,0.590909091,0.875,0.6,0.133154742,0,0,1,toxic,1
0,0,0.739130435,0.028671548,1.76E-07,0.108666667,0.4,0,0.285714286,0.142857143,0,0.310344828,0.068656716,0.590909091,0.875,0.6,0.154208257,0,0,1,toxic,1
0,0,0.739130435,0.028671548,1.76E-07,0.108666667,0.4,0,0.285714286,0.142857143,0,0.310344828,0.140298507,0.590909091,0.875,0.6,0.134909202,0,0,1,toxic,1
0,0,0.739130435,0.028671548,1.76E-07,0.108666667,0.4,0,0.285714286,0.142857143,0,0.310344828,0.211940299,0.590909091,0.875,0.6,0.134031972,0,0,1,toxic,1
0,0,0.739130435,0.028671548,2.20E-07,0.108666667,0.4,0,0.285714286,0.142857143,0,0.310344828,0.068656716,0.590909091,0.875,0.6,0.150699339,0,0,1,toxic,1
0,0,0.739130435,0.028671548,2.20E-07,0.108666667,0.4,0,0.285714286,0.142857143,0,0.310344828,0.140298507,0.590909091,0.875,0.6,0.135786432,0,0,1,toxic,1
0,0,0.739130435,0.028671548,2.20E-07,0.108666667,0.4,0,0.285714286,0.142857143,0,0.310344828,0.211940299,0.590909091,0.875,0.6,0.134909202,0,0,1,toxic,1
0,0,0.739130435,0.009414226,2.02E-08,,0.5,0,0.285714286,0.142857143,0,0.344827586,0.068656716,0.227272727,0,0.6,0.365205613,0,0,0,non toxic,0
0,0,0.739130435,0.009414226,5.04E-08,,0.5,0,0.285714286,0.142857143,0,0.344827586,0.068656716,0.227272727,0,0.6,0.372996917,0,0,0,non toxic,0
0,0,0.739130435,0.009414226,1.01E-07,,0.5,0,0.285714286,0.142857143,0,0.344827586,0.068656716,0.227272727,0,0.6,0.361866487,0,0,0,non toxic,0
0,0,0.739130435,0.009414226,2.02E-07,,0.5,0,0.285714286,0.142857143,0,0.344827586,0.068656716,0.227272727,0,0.6,0.242770737,0,0,0,non toxic,0
0,0,0.739130435,0.009414226,2.02E-08,,0.5,0,0.285714286,0.142857143,0,0.344827586,0.140298507,0.227272727,0,0.6,0.341831674,0,0,0,non toxic,0
0,0,0.739130435,0.009414226,5.04E-08,,0.5,0,0.285714286,0.142857143,0,0.344827586,0.140298507,0.227272727,0,0.6,0.340718628,0,0,0,non toxic,0
0,0,0.739130435,0.009414226,1.01E-07,,0.5,0,0.285714286,0.142857143,0,0.344827586,0.140298507,0.227272727,0,0.6,0.325136009,0,0,0,non toxic,0
0,0,0.739130435,0.009414226,2.02E-07,,0.5,0,0.285714286,0.142857143,0,0.344827586,0.140298507,0.227272727,0,0.6,0.144822841,0,0,0,toxic,1
0,0,0.739130435,0.019874477,2.52E-09,,0.5,0,0.285714286,0.142857143,0,0.344827586,0.068656716,0.227272727,0,0.6,0.378562148,0,0,0,non toxic,0
0,0,0.739130435,0.019874477,6.30E-09,,0.5,0,0.285714286,0.142857143,0,0.344827586,0.068656716,0.227272727,0,0.6,0.374109954,0,0,0,non toxic,0
0,0,0.739130435,0.019874477,1.26E-08,,0.5,0,0.285714286,0.142857143,0,0.344827586,0.068656716,0.227272727,0,0.6,0.362979534,0,0,0,non toxic,0
0,0,0.739130435,0.019874477,2.52E-08,,0.5,0,0.285714286,0.142857143,0,0.344827586,0.068656716,0.227272727,0,0.6,0.311779487,0,0,0,non toxic,0
0,0,0.739130435,0.019874477,2.52E-09,,0.5,0,0.285714286,0.142857143,0,0.344827586,0.140298507,0.227272727,0,0.6,0.340718628,0,0,0,non toxic,0
0,0,0.739130435,0.019874477,6.30E-09,,0.5,0,0.285714286,0.142857143,0,0.344827586,0.140298507,0.227272727,0,0.6,0.327362114,0,0,0,non toxic,0
0,0,0.739130435,0.019874477,1.26E-08,,0.5,0,0.285714286,0.142857143,0,0.344827586,0.140298507,0.227272727,0,0.6,0.320683836,0,0,0,non toxic,0
0,0,0.739130435,0.019874477,2.52E-08,,0.5,0,0.285714286,0.142857143,0,0.344827586,0.140298507,0.227272727,0,0.6,0.189344612,0,0,0,toxic,1
0,0,0.739130435,0.040794979,3.15E-10,,0.5,0,0.285714286,0.142857143,0,0.344827586,0.068656716,0.227272727,0,0.6,0.325136009,0,0,0,non toxic,0
0,0,0.739130435,0.040794979,7.88E-10,,0.5,0,0.285714286,0.142857143,0,0.344827586,0.068656716,0.227272727,0,0.6,0.34628386,0,0,0,non toxic,0
0,0,0.739130435,0.040794979,1.58E-09,,0.5,0,0.285714286,0.142857143,0,0.344827586,0.068656716,0.227272727,0,0.6,0.351849079,0,0,0,non toxic,0
0,0,0.739130435,0.040794979,3.15E-09,,0.5,0,0.285714286,0.142857143,0,0.344827586,0.068656716,0.227272727,0,0.6,0.322909929,0,0,0,non toxic,0
0,0,0.739130435,0.040794979,3.15E-10,,0.5,0,0.285714286,0.142857143,0,0.344827586,0.140298507,0.227272727,0,0.6,0.335153417,0,0,0,non toxic,0
0,0,0.739130435,0.040794979,7.88E-10,,0.5,0,0.285714286,0.142857143,0,0.344827586,0.140298507,0.227272727,0,0.6,0.331814278,0,0,0,non toxic,0
0,0,0.739130435,0.040794979,1.58E-09,,0.5,0,0.285714286,0.142857143,0,0.344827586,0.140298507,0.227272727,0,0.6,0.340718628,0,0,0,non toxic,0
0,0,0.739130435,0.040794979,3.15E-09,,0.5,0,0.285714286,0.142857143,0,0.344827586,0.140298507,0.227272727,0,0.6,0.231640299,0,0,0,toxic,1
0,0,0.739130435,0.061715481,9.34E-11,,0.5,0,0.285714286,0.142857143,0,0.344827586,0.068656716,0.227272727,0,0.6,0.320683836,0,0,0,non toxic,0
0,0,0.739130435,0.061715481,2.33E-10,,0.5,0,0.285714286,0.142857143,0,0.344827586,0.068656716,0.227272727,0,0.6,0.35852734,0,0,0,non toxic,0
0,0,0.739130435,0.061715481,4.67E-10,,0.5,0,0.285714286,0.142857143,0,0.344827586,0.068656716,0.227272727,0,0.6,0.365205613,0,0,0,non toxic,0
0,0,0.739130435,0.061715481,9.34E-10,,0.5,0,0.285714286,0.142857143,0,0.344827586,0.068656716,0.227272727,0,0.6,0.329588199,0,0,0,non toxic,0
0,0,0.739130435,0.061715481,9.34E-11,,0.5,0,0.285714286,0.142857143,0,0.344827586,0.140298507,0.227272727,0,0.6,0.342944733,0,0,0,non toxic,0
0,0,0.739130435,0.061715481,2.33E-10,,0.5,0,0.285714286,0.142857143,0,0.344827586,0.140298507,0.227272727,0,0.6,0.316231664,0,0,0,non toxic,0
0,0,0.739130435,0.061715481,4.67E-10,,0.5,0,0.285714286,0.142857143,0,0.344827586,0.140298507,0.227272727,0,0.6,0.325136009,0,0,0,non toxic,0
0,0,0.739130435,0.061715481,9.34E-10,,0.5,0,0.285714286,0.142857143,0,0.344827586,0.140298507,0.227272727,0,0.6,0.203814191,0,0,0,toxic,1
0,0,0.739130435,0.103556485,2.02E-11,,0.5,0,0.285714286,0.142857143,0,0.344827586,0.068656716,0.227272727,0,0.6,0.359640382,0,0,0,non toxic,0
0,0,0.739130435,0.103556485,5.04E-11,,0.5,0,0.285714286,0.142857143,0,0.344827586,0.068656716,0.227272727,0,0.6,0.367431698,0,0,0,non toxic,0
0,0,0.739130435,0.103556485,1.01E-10,,0.5,0,0.285714286,0.142857143,0,0.344827586,0.068656716,0.227272727,0,0.6,0.407501281,0,0,0,non toxic,0
0,0,0.739130435,0.103556485,2.02E-10,,0.5,0,0.285714286,0.142857143,0,0.344827586,0.068656716,0.227272727,0,0.6,0.36965779,0,0,0,non toxic,0
0,0,0.739130435,0.103556485,2.02E-11,,0.5,0,0.285714286,0.142857143,0,0.344827586,0.140298507,0.227272727,0,0.6,0.339605581,0,0,0,non toxic,0
0,0,0.739130435,0.103556485,5.04E-11,,0.5,0,0.285714286,0.142857143,0,0.344827586,0.140298507,0.227272727,0,0.6,0.324022967,0,0,0,non toxic,0
0,0,0.739130435,0.103556485,1.01E-10,,0.5,0,0.285714286,0.142857143,0,0.344827586,0.140298507,0.227272727,0,0.6,0.320683836,0,0,0,non toxic,0
0,0,0.739130435,0.103556485,2.02E-10,,0.5,0,0.285714286,0.142857143,0,0.344827586,0.140298507,0.227272727,0,0.6,0.23720552,0,0,0,non toxic,0
0,0,0.739130435,0.037029289,5.65E-10,0.184444444,0.4625,1,0.285714286,0.142857143,0,0.620689655,0.068656716,0.545454545,0.875,0.6,0.309187346,0,0,1,non toxic,0
0,0,0.739130435,0.037029289,5.65E-10,0.184444444,0.4625,1,0.285714286,0.142857143,0,0.620689655,0.140298507,0.545454545,0.875,0.6,0.31215125,0,0,1,non toxic,0
0,0,0.739130435,0.037029289,1.13E-09,0.184444444,0.4625,1,0.285714286,0.142857143,0,0.620689655,0.068656716,0.545454545,0.875,0.6,0.304210219,0,0,1,non toxic,0
0,0,0.739130435,0.037029289,1.13E-09,0.184444444,0.4625,1,0.285714286,0.142857143,0,0.620689655,0.140298507,0.545454545,0.875,0.6,0.311545418,0,0,1,non toxic,0
0,0,0.739130435,0.037029289,2.25E-09,0.184444444,0.4625,1,0.285714286,0.142857143,0,0.620689655,0.068656716,0.545454545,0.875,0.6,0.294133239,0,0,1,non toxic,0
0,0,0.739130435,0.037029289,2.25E-09,0.184444444,0.4625,1,0.285714286,0.142857143,0,0.620689655,0.140298507,0.545454545,0.875,0.6,0.308750822,0,0,1,non toxic,0
0,0,0.739130435,0.037029289,5.64E-09,0.184444444,0.4625,1,0.285714286,0.142857143,0,0.620689655,0.068656716,0.545454545,0.875,0.6,0.184971911,0,0,1,toxic,1
0,0,0.739130435,0.037029289,5.64E-09,0.184444444,0.4625,1,0.285714286,0.142857143,0,0.620689655,0.140298507,0.545454545,0.875,0.6,0.144221271,0,0,1,toxic,1
0,0,0.5,0.027217573,1.38E-09,0.219259259,0.4625,1,0.285714286,0.142857143,0,0.620689655,0.068656716,0.545454545,0.875,0.6,0.348514654,0,0,1,non toxic,0
0,0,0.5,0.027217573,1.38E-09,0.219259259,0.4625,1,0.285714286,0.142857143,0,0.620689655,0.140298507,0.545454545,0.875,0.6,0.349245693,0,0,1,non toxic,0
0,0,0.5,0.027217573,2.76E-09,0.219259259,0.4625,1,0.285714286,0.142857143,0,0.620689655,0.068656716,0.545454545,0.875,0.6,0.33389417,0,0,1,non toxic,0
0,0,0.5,0.027217573,2.76E-09,0.219259259,0.4625,1,0.285714286,0.142857143,0,0.620689655,0.140298507,0.545454545,0.875,0.6,0.294418827,0,0,1,non toxic,0
0,0,0.5,0.027217573,5.51E-09,0.219259259,0.4625,1,0.285714286,0.142857143,0,0.620689655,0.068656716,0.545454545,0.875,0.6,0.289301643,0,0,1,non toxic,0
0,0,0.5,0.027217573,5.51E-09,0.219259259,0.4625,1,0.285714286,0.142857143,0,0.620689655,0.140298507,0.545454545,0.875,0.6,0.197192522,0,0,1,toxic,1
0,0,0.5,0.027217573,1.38E-08,0.219259259,0.4625,1,0.285714286,0.142857143,0,0.620689655,0.068656716,0.545454545,0.875,0.6,0.164296402,0,0,1,toxic,1
0,0,0.5,0.027217573,1.38E-08,0.219259259,0.4625,1,0.285714286,0.142857143,0,0.620689655,0.140298507,0.545454545,0.875,0.6,0.137979507,0,0,1,toxic,1
0,0,0.739130435,0.014330544,1.27E-08,0.207407407,0.1625,0,0.285714286,0.142857143,0,0.344827586,0.068656716,0.772727273,0,0.6,0.334092731,0,0,0,non toxic,0
0,0,0.739130435,0.014330544,3.18E-08,0.207407407,0.1625,0,0.285714286,0.142857143,0,0.344827586,0.068656716,0.772727273,0,0.6,0.335925289,0,0,0,non toxic,0
0,0,0.739130435,0.014330544,6.35E-08,0.207407407,0.1625,0,0.285714286,0.142857143,0,0.344827586,0.068656716,0.772727273,0,0.6,0.342797365,0,0,0,non toxic,0
0,0,0.739130435,0.014330544,9.53E-08,0.207407407,0.1625,0,0.285714286,0.142857143,0,0.344827586,0.068656716,0.772727273,0,0.6,0.325846229,0,0,0,non toxic,0
0,0,0.739130435,0.014330544,1.59E-07,0.207407407,0.1625,0,0.285714286,0.142857143,0,0.344827586,0.068656716,0.772727273,0,0.6,0.282781214,0,0,0,non toxic,0
0,0,0.739130435,0.014330544,2.22E-07,0.207407407,0.1625,0,0.285714286,0.142857143,0,0.344827586,0.068656716,0.772727273,0,0.6,0.22001625,0,0,0,toxic,1
0,0,0.739130435,0.014330544,3.18E-07,0.207407407,0.1625,0,0.285714286,0.142857143,0,0.344827586,0.068656716,0.772727273,0,0.6,0.211769748,0,0,0,toxic,1
0,0,0.739130435,0.014330544,6.35E-07,0.207407407,0.1625,0,0.285714286,0.142857143,0,0.344827586,0.068656716,0.772727273,0,0.6,0.165955905,0,0,0,toxic,1
0,0,0.739130435,0.025104603,1.29E-07,,0.55,0,0.285714286,0.142857143,0,0.275862069,0.140298507,0.590909091,0.875,0.6,0.26235456,0,0,0,non toxic,0
0,0,0.739130435,0.025104603,6.46E-08,,0.55,0,0.285714286,0.142857143,0,0.275862069,0.140298507,0.590909091,0.875,0.6,0.28540704,0,0,0,non toxic,0
0,0,0.739130435,0.025104603,1.29E-08,,0.55,0,0.285714286,0.142857143,0,0.275862069,0.140298507,0.590909091,0.875,0.6,0.299535998,0,0,0,non toxic,0
0,0,0.739130435,0.025104603,1.29E-09,,0.55,0,0.285714286,0.142857143,0,0.275862069,0.140298507,0.590909091,0.875,0.6,0.321844857,0,0,0,non toxic,0
0,0,0.130434783,0.095188285,2.59E-12,,0.2125,0,0.285714286,0.142857143,0,0.724137931,0.068656716,0.909090909,0.875,0.6,0.30819459,0,0,0,non toxic,0
0,0,0.130434783,0.095188285,7.77E-12,,0.2125,0,0.285714286,0.142857143,0,0.724137931,0.068656716,0.909090909,0.875,0.6,0.268880998,0,0,0,non toxic,0
0,0,0.130434783,0.095188285,2.59E-11,,0.2125,0,0.285714286,0.142857143,0,0.724137931,0.068656716,0.909090909,0.875,0.6,0.244849608,0,0,0,non toxic,0
0,0,0.130434783,0.095188285,7.77E-11,,0.2125,0,0.285714286,0.142857143,0,0.724137931,0.068656716,0.909090909,0.875,0.6,0.216997678,0,0,0,toxic,1
0,0,0.130434783,0.095188285,2.59E-10,,0.2125,0,0.285714286,0.142857143,0,0.724137931,0.068656716,0.909090909,0.875,0.6,0.154770801,0,0,0,toxic,1
0,0,0.130434783,0.095188285,2.59E-09,,0.2125,0,0.285714286,0.142857143,0,0.724137931,0.068656716,0.909090909,0.875,0.6,0.160025315,0,0,0,toxic,1
0,0,0.739130435,0.406903766,1.70E-12,,0.2125,0,0.285714286,0.142857143,0,0.724137931,0.068656716,0.909090909,0.875,0.6,0.305700442,0,0,0,non toxic,0
0,0,0.739130435,0.406903766,3.40E-12,,0.2125,0,0.285714286,0.142857143,0,0.724137931,0.068656716,0.909090909,0.875,0.6,0.288061452,0,0,0,non toxic,0
0,0,0.739130435,0.406903766,8.50E-12,,0.2125,0,0.285714286,0.142857143,0,0.724137931,0.068656716,0.909090909,0.875,0.6,0.269148924,0,0,0,non toxic,0
0,0,0.739130435,0.406903766,1.70E-11,,0.2125,0,0.285714286,0.142857143,0,0.724137931,0.068656716,0.909090909,0.875,0.6,0.257882638,0,0,0,non toxic,0
0,0,0.739130435,0.406903766,3.40E-11,,0.2125,0,0.285714286,0.142857143,0,0.724137931,0.068656716,0.909090909,0.875,0.6,0.23896509,0,0,0,non toxic,0
0.5,1,0.739130435,0.192468619,2.53E-10,0.77037037,0.8875,0,0.285714286,0.714285714,0,0.103448276,0.068656716,0.590909091,0.875,0.6,0.371941549,0,0,0,non toxic,0
0.5,1,0.739130435,0.192468619,5.05E-10,0.77037037,0.8875,0,0.285714286,0.714285714,0,0.103448276,0.068656716,0.590909091,0.875,0.6,0.370153769,0,0,0,non toxic,0
0.5,1,0.739130435,0.192468619,1.01E-09,0.77037037,0.8875,0,0.285714286,0.714285714,0,0.103448276,0.068656716,0.590909091,0.875,0.6,0.398758412,0,0,0,non toxic,0
0.5,1,0.739130435,0.192468619,2.02E-09,0.77037037,0.8875,0,0.285714286,0.714285714,0,0.103448276,0.068656716,0.590909091,0.875,0.6,0.395182832,0,0,0,non toxic,0
0.5,1,0.739130435,0.192468619,4.04E-09,0.77037037,0.8875,0,0.285714286,0.714285714,0,0.103448276,0.068656716,0.590909091,0.875,0.6,0.414848534,0,0,0,non toxic,0
0.5,1,0.739130435,0.192468619,8.09E-09,0.77037037,0.8875,0,0.285714286,0.714285714,0,0.103448276,0.068656716,0.590909091,0.875,0.6,0.439877597,0,0,0,non toxic,0
0.5,1,0.739130435,0.192468619,2.53E-10,0.77037037,0.675,0,0.857142857,0.571428571,0,0.517241379,0.068656716,0.590909091,0.875,0.6,0.366578167,0,0,0,non toxic,0
0.5,1,0.739130435,0.192468619,5.05E-10,0.77037037,0.675,0,0.857142857,0.571428571,0,0.517241379,0.068656716,0.590909091,0.875,0.6,0.368365968,0,0,0,non toxic,0
0.5,1,0.739130435,0.192468619,1.01E-09,0.77037037,0.675,0,0.857142857,0.571428571,0,0.517241379,0.068656716,0.590909091,0.875,0.6,0.354063625,0,0,0,non toxic,0
0.5,1,0.739130435,0.192468619,2.02E-09,0.77037037,0.675,0,0.857142857,0.571428571,0,0.517241379,0.068656716,0.590909091,0.875,0.6,0.302217678,0,0,0,non toxic,0
0.5,1,0.739130435,0.192468619,4.04E-09,0.77037037,0.675,0,0.857142857,0.571428571,0,0.517241379,0.068656716,0.590909091,0.875,0.6,0.280764183,0,0,0,non toxic,0
0.5,1,0.739130435,0.192468619,8.09E-09,0.77037037,0.675,0,0.857142857,0.571428571,0,0.517241379,0.068656716,0.590909091,0.875,0.6,0.282551975,0,0,0,non toxic,0
0.5,1,0.739130435,0.192468619,2.53E-10,0.77037037,0.8875,0,0.285714286,0.714285714,0,0.103448276,0.068656716,0.909090909,0.875,0.6,0.383234722,0,0,0,non toxic,0
0.5,1,0.739130435,0.192468619,5.05E-10,0.77037037,0.8875,0,0.285714286,0.714285714,0,0.103448276,0.068656716,0.909090909,0.875,0.6,0.412273042,0,0,0,non toxic,0
0.5,1,0.739130435,0.192468619,1.01E-09,0.77037037,0.8875,0,0.285714286,0.714285714,0,0.103448276,0.068656716,0.909090909,0.875,0.6,0.407148646,0,0,0,non toxic,0
0.5,1,0.739130435,0.192468619,2.02E-09,0.77037037,0.8875,0,0.285714286,0.714285714,0,0.103448276,0.068656716,0.909090909,0.875,0.6,0.41739748,0,0,0,non toxic,0
0.5,1,0.739130435,0.192468619,4.04E-09,0.77037037,0.8875,0,0.285714286,0.714285714,0,0.103448276,0.068656716,0.909090909,0.875,0.6,0.407148646,0,0,0,non toxic,0
0.5,1,0.739130435,0.192468619,8.09E-09,0.77037037,0.8875,0,0.285714286,0.714285714,0,0.103448276,0.068656716,0.909090909,0.875,0.6,0.403732368,0,0,0,non toxic,0
0.5,1,0.739130435,0.192468619,2.53E-10,0.77037037,0.675,0,0.857142857,0.571428571,0,0.517241379,0.068656716,0.909090909,0.875,0.6,0.343947569,0,0,0,non toxic,0
0.5,1,0.739130435,0.192468619,5.05E-10,0.77037037,0.675,0,0.857142857,0.571428571,0,0.517241379,0.068656716,0.909090909,0.875,0.6,0.349071985,0,0,0,non toxic,0
0.5,1,0.739130435,0.192468619,1.01E-09,0.77037037,0.675,0,0.857142857,0.571428571,0,0.517241379,0.068656716,0.909090909,0.875,0.6,0.331990617,0,0,0,non toxic,0
0.5,1,0.739130435,0.192468619,2.02E-09,0.77037037,0.675,0,0.857142857,0.571428571,0,0.517241379,0.068656716,0.909090909,0.875,0.6,0.299535998,0,0,0,non toxic,0
0.5,1,0.739130435,0.192468619,4.04E-09,0.77037037,0.675,0,0.857142857,0.571428571,0,0.517241379,0.068656716,0.909090909,0.875,0.6,0.289287186,0,0,0,non toxic,0
0.5,1,0.739130435,0.192468619,8.09E-09,0.77037037,0.675,0,0.857142857,0.571428571,0,0.517241379,0.068656716,0.909090909,0.875,0.6,0.289287186,0,0,0,non toxic,0
0.5,1,0.739130435,0.192468619,2.53E-10,0.77037037,0.8875,0,0.285714286,0.714285714,0,0.103448276,0.068656716,0.454545455,0.125,0.4,0.376873388,0,0,0,non toxic,0
0.5,1,0.739130435,0.192468619,5.05E-10,0.77037037,0.8875,0,0.285714286,0.714285714,0,0.103448276,0.068656716,0.454545455,0.125,0.4,0.381972552,0,0,0,non toxic,0
0.5,1,0.739130435,0.192468619,1.01E-09,0.77037037,0.8875,0,0.285714286,0.714285714,0,0.103448276,0.068656716,0.454545455,0.125,0.4,0.393870609,0,0,0,non toxic,0
0.5,1,0.739130435,0.192468619,2.02E-09,0.77037037,0.8875,0,0.285714286,0.714285714,0,0.103448276,0.068656716,0.454545455,0.125,0.4,0.429564779,0,0,0,non toxic,0
0.5,1,0.739130435,0.192468619,4.04E-09,0.77037037,0.8875,0,0.285714286,0.714285714,0,0.103448276,0.068656716,0.454545455,0.125,0.4,0.421066179,0,0,0,non toxic,0
0.5,1,0.739130435,0.192468619,8.09E-09,0.77037037,0.8875,0,0.285714286,0.714285714,0,0.103448276,0.068656716,0.454545455,0.125,0.4,0.46525897,0,0,0,non toxic,0
0.5,1,0.739130435,0.192468619,2.53E-10,0.77037037,0.675,0,0.857142857,0.571428571,0,0.517241379,0.068656716,0.454545455,0.125,0.4,0.341179218,0,0,0,non toxic,0
0.5,1,0.739130435,0.192468619,5.05E-10,0.77037037,0.675,0,0.857142857,0.571428571,0,0.517241379,0.068656716,0.454545455,0.125,0.4,0.336080045,0,0,0,non toxic,0
0.5,1,0.739130435,0.192468619,1.01E-09,0.77037037,0.675,0,0.857142857,0.571428571,0,0.517241379,0.068656716,0.454545455,0.125,0.4,0.336080045,0,0,0,non toxic,0
0.5,1,0.739130435,0.192468619,2.02E-09,0.77037037,0.675,0,0.857142857,0.571428571,0,0.517241379,0.068656716,0.454545455,0.125,0.4,0.324181976,0,0,0,non toxic,0
0.5,1,0.739130435,0.192468619,4.04E-09,0.77037037,0.675,0,0.857142857,0.571428571,0,0.517241379,0.068656716,0.454545455,0.125,0.4,0.300385862,0,0,0,non toxic,0
0.5,1,0.739130435,0.192468619,8.09E-09,0.77037037,0.675,0,0.857142857,0.571428571,0,0.517241379,0.068656716,0.454545455,0.125,0.4,0.283388629,0,0,0,non toxic,0
0.46875,1,0.739130435,0.05041841,4.03E-08,0.315703704,0.3875,0,0.285714286,0.428571429,0,0.620689655,0.068656716,0.090909091,0,0.6,0.346032741,0,0,0,non toxic,0
0.46875,1,0.739130435,0.05041841,4.03E-08,0.315703704,0.3875,0,0.285714286,0.428571429,0,0.620689655,0.140298507,0.090909091,0,0.6,0.338458613,0,0,0,non toxic,0
0.46875,1,0.739130435,0.05041841,4.03E-08,0.315703704,0.3875,0,0.285714286,0.428571429,0,0.620689655,0.211940299,0.090909091,0,0.6,0.34477039,0,0,0,non toxic,0
0.46875,1,0.739130435,0.05041841,4.03E-08,0.315703704,0.3875,0,0.285714286,0.428571429,0,0.620689655,0.28358209,0.090909091,0,0.6,0.350450996,0,0,0,non toxic,0
0.46875,1,0.739130435,0.05041841,8.07E-08,0.315703704,0.3875,0,0.285714286,0.428571429,0,0.620689655,0.068656716,0.090909091,0,0.6,0.347295097,0,0,0,non toxic,0
0.46875,1,0.739130435,0.05041841,8.07E-08,0.315703704,0.3875,0,0.285714286,0.428571429,0,0.620689655,0.140298507,0.090909091,0,0.6,0.338458613,0,0,0,non toxic,0
0.46875,1,0.739130435,0.05041841,8.07E-08,0.315703704,0.3875,0,0.285714286,0.428571429,0,0.620689655,0.211940299,0.090909091,0,0.6,0.346032741,0,0,0,non toxic,0
0.46875,1,0.739130435,0.05041841,8.07E-08,0.315703704,0.3875,0,0.285714286,0.428571429,0,0.620689655,0.28358209,0.090909091,0,0.6,0.342245683,0,0,0,non toxic,0
0.46875,1,0.739130435,0.05041841,1.61E-07,0.315703704,0.3875,0,0.285714286,0.428571429,0,0.620689655,0.068656716,0.090909091,0,0.6,0.350450996,0,0,0,non toxic,0
0.46875,1,0.739130435,0.05041841,1.61E-07,0.315703704,0.3875,0,0.285714286,0.428571429,0,0.620689655,0.140298507,0.090909091,0,0.6,0.334040371,0,0,0,non toxic,0
0.46875,1,0.739130435,0.05041841,1.61E-07,0.315703704,0.3875,0,0.285714286,0.428571429,0,0.620689655,0.211940299,0.090909091,0,0.6,0.343508026,0,0,0,non toxic,0
0.46875,1,0.739130435,0.05041841,1.61E-07,0.315703704,0.3875,0,0.285714286,0.428571429,0,0.620689655,0.28358209,0.090909091,0,0.6,0.342245683,0,0,0,non toxic,0
0.46875,1,0.739130435,0.05041841,3.23E-07,0.315703704,0.3875,0,0.285714286,0.428571429,0,0.620689655,0.068656716,0.090909091,0,0.6,0.346032741,0,0,0,non toxic,0
0.46875,1,0.739130435,0.05041841,3.23E-07,0.315703704,0.3875,0,0.285714286,0.428571429,0,0.620689655,0.140298507,0.090909091,0,0.6,0.337827433,0,0,0,non toxic,0
0.46875,1,0.739130435,0.05041841,3.23E-07,0.315703704,0.3875,0,0.285714286,0.428571429,0,0.620689655,0.211940299,0.090909091,0,0.6,0.345401572,0,0,0,non toxic,0
0.46875,1,0.739130435,0.05041841,3.23E-07,0.315703704,0.3875,0,0.285714286,0.428571429,0,0.620689655,0.28358209,0.090909091,0,0.6,0.335933906,0,0,0,non toxic,0
0.46875,1,0.739130435,0.05041841,6.46E-07,0.315703704,0.3875,0,0.285714286,0.428571429,0,0.620689655,0.068656716,0.090909091,0,0.6,0.356131589,0,0,0,non toxic,0
0.46875,1,0.739130435,0.05041841,6.46E-07,0.315703704,0.3875,0,0.285714286,0.428571429,0,0.620689655,0.140298507,0.090909091,0,0.6,0.343508026,0,0,0,non toxic,0
0.46875,1,0.739130435,0.05041841,6.46E-07,0.315703704,0.3875,0,0.285714286,0.428571429,0,0.620689655,0.211940299,0.090909091,0,0.6,0.33719627,0,0,0,non toxic,0
0.46875,1,0.739130435,0.05041841,6.46E-07,0.315703704,0.3875,0,0.285714286,0.428571429,0,0.620689655,0.28358209,0.090909091,0,0.6,0.332146836,0,0,0,non toxic,0
0.46875,1,0.739130435,0.05041841,9.68E-07,0.315703704,0.3875,0,0.285714286,0.428571429,0,0.620689655,0.068656716,0.090909091,0,0.6,0.349819803,0,0,0,non toxic,0
0.46875,1,0.739130435,0.05041841,9.68E-07,0.315703704,0.3875,0,0.285714286,0.428571429,0,0.620689655,0.140298507,0.090909091,0,0.6,0.335302724,0,0,0,non toxic,0
0.46875,1,0.739130435,0.05041841,9.68E-07,0.315703704,0.3875,0,0.285714286,0.428571429,0,0.620689655,0.211940299,0.090909091,0,0.6,0.340983319,0,0,0,non toxic,0
0.46875,1,0.739130435,0.05041841,9.68E-07,0.315703704,0.3875,0,0.285714286,0.428571429,0,0.620689655,0.28358209,0.090909091,0,0.6,0.328990958,0,0,0,non toxic,0
0.46875,1,0.739130435,0.05041841,1.29E-06,0.315703704,0.3875,0,0.285714286,0.428571429,0,0.620689655,0.068656716,0.090909091,0,0.6,0.34477039,0,0,0,non toxic,0
0.46875,1,0.739130435,0.05041841,1.29E-06,0.315703704,0.3875,0,0.285714286,0.428571429,0,0.620689655,0.140298507,0.090909091,0,0.6,0.328359765,0,0,0,non toxic,0
0.46875,1,0.739130435,0.05041841,1.29E-06,0.315703704,0.3875,0,0.285714286,0.428571429,0,0.620689655,0.211940299,0.090909091,0,0.6,0.339720977,0,0,0,non toxic,0
0.46875,1,0.739130435,0.05041841,1.29E-06,0.315703704,0.3875,0,0.285714286,0.428571429,0,0.620689655,0.28358209,0.090909091,0,0.6,0.344139219,0,0,0,non toxic,0
0.46875,1,0.739130435,0.05041841,1.61E-06,0.315703704,0.3875,0,0.285714286,0.428571429,0,0.620689655,0.068656716,0.090909091,0,0.6,0.349188632,0,0,0,non toxic,0
0.46875,1,0.739130435,0.05041841,1.61E-06,0.315703704,0.3875,0,0.285714286,0.428571429,0,0.620689655,0.140298507,0.090909091,0,0.6,0.333409178,0,0,0,non toxic,0
0.46875,1,0.739130435,0.05041841,1.61E-06,0.315703704,0.3875,0,0.285714286,0.428571429,0,0.620689655,0.211940299,0.090909091,0,0.6,0.344139219,0,0,0,non toxic,0
0.46875,1,0.739130435,0.05041841,1.61E-06,0.315703704,0.3875,0,0.285714286,0.428571429,0,0.620689655,0.28358209,0.090909091,0,0.6,0.336565078,0,0,0,non toxic,0
0.46875,1,0.739130435,0.05041841,4.03E-08,0.315703704,0.8375,0,0.285714286,0.142857143,0,0.344827586,0.068656716,0.090909091,0,0.6,0.345541834,0,0,0,non toxic,0
0.46875,1,0.739130435,0.05041841,4.03E-08,0.315703704,0.8375,0,0.285714286,0.142857143,0,0.344827586,0.140298507,0.090909091,0,0.6,0.339791094,0,0,0,non toxic,0
0.46875,1,0.739130435,0.05041841,4.03E-08,0.315703704,0.8375,0,0.285714286,0.142857143,0,0.344827586,0.211940299,0.090909091,0,0.6,0.339152129,0,0,0,non toxic,0
0.46875,1,0.739130435,0.05041841,4.03E-08,0.315703704,0.8375,0,0.285714286,0.142857143,0,0.344827586,0.28358209,0.090909091,0,0.6,0.335318305,0,0,0,non toxic,0
0.46875,1,0.739130435,0.05041841,8.07E-08,0.315703704,0.8375,0,0.285714286,0.142857143,0,0.344827586,0.068656716,0.090909091,0,0.6,0.347458734,0,0,0,non toxic,0
0.46875,1,0.739130435,0.05041841,8.07E-08,0.315703704,0.8375,0,0.285714286,0.142857143,0,0.344827586,0.140298507,0.090909091,0,0.6,0.346819777,0,0,0,non toxic,0
0.46875,1,0.739130435,0.05041841,8.07E-08,0.315703704,0.8375,0,0.285714286,0.142857143,0,0.344827586,0.211940299,0.090909091,0,0.6,0.341069041,0,0,0,non toxic,0
0.46875,1,0.739130435,0.05041841,8.07E-08,0.315703704,0.8375,0,0.285714286,0.142857143,0,0.344827586,0.28358209,0.090909091,0,0.6,0.346180799,0,0,0,non toxic,0
0.46875,1,0.739130435,0.05041841,1.61E-07,0.315703704,0.8375,0,0.285714286,0.142857143,0,0.344827586,0.068656716,0.090909091,0,0.6,0.334040371,0,0,0,non toxic,0
0.46875,1,0.739130435,0.05041841,1.61E-07,0.315703704,0.8375,0,0.285714286,0.142857143,0,0.344827586,0.140298507,0.090909091,0,0.6,0.344263887,0,0,0,non toxic,0
0.46875,1,0.739130435,0.05041841,1.61E-07,0.315703704,0.8375,0,0.285714286,0.142857143,0,0.344827586,0.211940299,0.090909091,0,0.6,0.337235217,0,0,0,non toxic,0
0.46875,1,0.739130435,0.05041841,1.61E-07,0.315703704,0.8375,0,0.285714286,0.142857143,0,0.344827586,0.28358209,0.090909091,0,0.6,0.336596261,0,0,0,non toxic,0
0.46875,1,0.739130435,0.05041841,3.23E-07,0.315703704,0.8375,0,0.285714286,0.142857143,0,0.344827586,0.068656716,0.090909091,0,0.6,0.336596261,0,0,0,non toxic,0
0.46875,1,0.739130435,0.05041841,3.23E-07,0.315703704,0.8375,0,0.285714286,0.142857143,0,0.344827586,0.140298507,0.090909091,0,0.6,0.330845525,0,0,0,non toxic,0
0.46875,1,0.739130435,0.05041841,3.23E-07,0.315703704,0.8375,0,0.285714286,0.142857143,0,0.344827586,0.211940299,0.090909091,0,0.6,0.338513151,0,0,0,non toxic,0
0.46875,1,0.739130435,0.05041841,3.23E-07,0.315703704,0.8375,0,0.285714286,0.142857143,0,0.344827586,0.28358209,0.090909091,0,0.6,0.328289648,0,0,0,non toxic,0
0.46875,1,0.739130435,0.05041841,6.46E-07,0.315703704,0.8375,0,0.285714286,0.142857143,0,0.344827586,0.068656716,0.090909091,0,0.6,0.336596261,0,0,0,non toxic,0
0.46875,1,0.739130435,0.05041841,6.46E-07,0.315703704,0.8375,0,0.285714286,0.142857143,0,0.344827586,0.140298507,0.090909091,0,0.6,0.339152129,0,0,0,non toxic,0
0.46875,1,0.739130435,0.05041841,6.46E-07,0.315703704,0.8375,0,0.285714286,0.142857143,0,0.344827586,0.211940299,0.090909091,0,0.6,0.338513151,0,0,0,non toxic,0
0.46875,1,0.739130435,0.05041841,6.46E-07,0.315703704,0.8375,0,0.285714286,0.142857143,0,0.344827586,0.28358209,0.090909091,0,0.6,0.331484481,0,0,0,non toxic,0
0.46875,1,0.739130435,0.05041841,9.68E-07,0.315703704,0.8375,0,0.285714286,0.142857143,0,0.344827586,0.068656716,0.090909091,0,0.6,0.332762437,0,0,0,non toxic,0
0.46875,1,0.739130435,0.05041841,9.68E-07,0.315703704,0.8375,0,0.285714286,0.142857143,0,0.344827586,0.140298507,0.090909091,0,0.6,0.338513151,0,0,0,non toxic,0
0.46875,1,0.739130435,0.05041841,9.68E-07,0.315703704,0.8375,0,0.285714286,0.142857143,0,0.344827586,0.211940299,0.090909091,0,0.6,0.332762437,0,0,0,non toxic,0
0.46875,1,0.739130435,0.05041841,9.68E-07,0.315703704,0.8375,0,0.285714286,0.142857143,0,0.344827586,0.28358209,0.090909091,0,0.6,0.328928613,0,0,0,non toxic,0
0.46875,1,0.739130435,0.05041841,1.29E-06,0.315703704,0.8375,0,0.285714286,0.142857143,0,0.344827586,0.068656716,0.090909091,0,0.6,0.34362491,0,0,0,non toxic,0
0.46875,1,0.739130435,0.05041841,1.29E-06,0.315703704,0.8375,0,0.285714286,0.142857143,0,0.344827586,0.140298507,0.090909091,0,0.6,0.351931525,0,0,0,non toxic,0
0.46875,1,0.739130435,0.05041841,1.29E-06,0.315703704,0.8375,0,0.285714286,0.142857143,0,0.344827586,0.211940299,0.090909091,0,0.6,0.339791094,0,0,0,non toxic,0
0.46875,1,0.739130435,0.05041841,1.29E-06,0.315703704,0.8375,0,0.285714286,0.142857143,0,0.344827586,0.28358209,0.090909091,0,0.6,0.352570492,0,0,0,non toxic,0
0.46875,1,0.739130435,0.05041841,1.61E-06,0.315703704,0.8375,0,0.285714286,0.142857143,0,0.344827586,0.068656716,0.090909091,0,0.6,0.335318305,0,0,0,non toxic,0
0.46875,1,0.739130435,0.05041841,1.61E-06,0.315703704,0.8375,0,0.285714286,0.142857143,0,0.344827586,0.140298507,0.090909091,0,0.6,0.342346975,0,0,0,non toxic,0
0.46875,1,0.739130435,0.05041841,1.61E-06,0.315703704,0.8375,0,0.285714286,0.142857143,0,0.344827586,0.211940299,0.090909091,0,0.6,0.334679338,0,0,0,non toxic,0
0.46875,1,0.739130435,0.05041841,1.61E-06,0.315703704,0.8375,0,0.285714286,0.142857143,0,0.344827586,0.28358209,0.090909091,0,0.6,0.328928613,0,0,0,non toxic,0
0.46875,1,0.739130435,0.005439331,5.00E-06,0.417037037,0.45,0,0.571428571,0.785714286,0,0.103448276,0.068656716,0.090909091,0,0.6,0.329787103,0,0,0,non toxic,0
0.46875,1,0.739130435,0.005439331,1.00E-05,0.417037037,0.45,0,0.571428571,0.785714286,0,0.103448276,0.068656716,0.090909091,0,0.6,0.311553807,0,0,0,non toxic,0
0.46875,1,0.739130435,0.005439331,2.00E-05,0.417037037,0.45,0,0.571428571,0.785714286,0,0.103448276,0.068656716,0.090909091,0,0.6,0.309006262,0,0,0,non toxic,0
0.46875,1,0.739130435,0.005439331,4.00E-05,0.417037037,0.45,0,0.571428571,0.785714286,0,0.103448276,0.068656716,0.090909091,0,0.6,0.286852989,0,0,0,non toxic,0
0.46875,1,0.739130435,0.005439331,8.00E-05,0.417037037,0.45,0,0.571428571,0.785714286,0,0.103448276,0.068656716,0.090909091,0,0.6,0.256204307,0,0,0,non toxic,0
0.46875,1,0.739130435,0.005439331,0.00016,0.417037037,0.45,0,0.571428571,0.785714286,0,0.103448276,0.068656716,0.090909091,0,0.6,0.210527271,0,0,0,toxic,1
0.46875,1,0.739130435,0.005439331,0.00024,0.417037037,0.45,0,0.571428571,0.785714286,0,0.103448276,0.068656716,0.090909091,0,0.6,0.190307122,0,0,0,toxic,1
0.46875,1,0.739130435,0.005439331,0.00032,0.417037037,0.45,0,0.571428571,0.785714286,0,0.103448276,0.068656716,0.090909091,0,0.6,0.181184606,0,0,0,toxic,1
0.46875,1,0.739130435,0.005439331,0.0004,0.417037037,0.45,0,0.571428571,0.785714286,0,0.103448276,0.068656716,0.090909091,0,0.6,0.175978163,0,0,0,toxic,1
0.46875,1,0.739130435,0.005439331,5.00E-06,0.417037037,0.45,0,0.571428571,0.785714286,0,0.103448276,0.068656716,0.590909091,0.875,0.6,0.339590464,0,0,0,non toxic,0
0.46875,1,0.739130435,0.005439331,1.00E-05,0.417037037,0.45,0,0.571428571,0.785714286,0,0.103448276,0.068656716,0.590909091,0.875,0.6,0.32266415,0,0,0,non toxic,0
0.46875,1,0.739130435,0.005439331,2.00E-05,0.417037037,0.45,0,0.571428571,0.785714286,0,0.103448276,0.068656716,0.590909091,0.875,0.6,0.305738806,0,0,0,non toxic,0
0.46875,1,0.739130435,0.005439331,4.00E-05,0.417037037,0.45,0,0.571428571,0.785714286,0,0.103448276,0.068656716,0.590909091,0.875,0.6,0.284892515,0,0,0,non toxic,0
0.46875,1,0.739130435,0.005439331,8.00E-05,0.417037037,0.45,0,0.571428571,0.785714286,0,0.103448276,0.068656716,0.590909091,0.875,0.6,0.254244803,0,0,0,non toxic,0
0.46875,1,0.739130435,0.005439331,0.00016,0.417037037,0.45,0,0.571428571,0.785714286,0,0.103448276,0.068656716,0.590909091,0.875,0.6,0.196802963,0,0,0,toxic,1
0.46875,1,0.739130435,0.005439331,0.00024,0.417037037,0.45,0,0.571428571,0.785714286,0,0.103448276,0.068656716,0.590909091,0.875,0.6,0.17723728,0,0,0,toxic,1
0.46875,1,0.739130435,0.005439331,0.00032,0.417037037,0.45,0,0.571428571,0.785714286,0,0.103448276,0.068656716,0.590909091,0.875,0.6,0.169421755,0,0,0,toxic,1
0.46875,1,0.739130435,0.005439331,0.0004,0.417037037,0.45,0,0.571428571,0.785714286,0,0.103448276,0.068656716,0.590909091,0.875,0.6,0.163561817,0,0,0,toxic,1
0.46875,1,0.739130435,0.005439331,1.67E-06,0.514814815,0.45,0,0.571428571,0.785714286,0,0.103448276,0.068656716,0.136363636,0,0.6,0.330667763,0,0,0,non toxic,0
0.46875,1,0.739130435,0.005439331,3.33E-06,0.514814815,0.45,0,0.571428571,0.785714286,0,0.103448276,0.068656716,0.136363636,0,0.6,0.327424869,0,0,0,non toxic,0
0.46875,1,0.739130435,0.005439331,6.67E-06,0.514814815,0.45,0,0.571428571,0.785714286,0,0.103448276,0.068656716,0.136363636,0,0.6,0.321587657,0,0,0,non toxic,0
0.46875,1,0.739130435,0.005439331,1.33E-05,0.514814815,0.45,0,0.571428571,0.785714286,0,0.103448276,0.068656716,0.136363636,0,0.6,0.298887424,0,0,0,non toxic,0
0.46875,1,0.739130435,0.005439331,2.67E-05,0.514814815,0.45,0,0.571428571,0.785714286,0,0.103448276,0.068656716,0.136363636,0,0.6,0.258026979,0,0,0,non toxic,0
0.46875,1,0.739130435,0.005439331,5.33E-05,0.514814815,0.45,0,0.571428571,0.785714286,0,0.103448276,0.068656716,0.136363636,0,0.6,0.180197565,0,0,0,toxic,1
0.46875,1,0.739130435,0.005439331,8.00E-05,0.514814815,0.45,0,0.571428571,0.785714286,0,0.103448276,0.068656716,0.136363636,0,0.6,0.167874576,0,0,0,toxic,1
0.46875,1,0.739130435,0.005439331,0.000106667,0.514814815,0.45,0,0.571428571,0.785714286,0,0.103448276,0.068656716,0.136363636,0,0.6,0.165280259,0,0,0,toxic,1
0.46875,1,0.739130435,0.005439331,0.000133333,0.514814815,0.45,0,0.571428571,0.785714286,0,0.103448276,0.068656716,0.136363636,0,0.6,0.164631685,0,0,0,toxic,1
0.46875,1,0.739130435,0.005439331,1.67E-06,0.514814815,0.45,0,0.571428571,0.785714286,0,0.103448276,0.068656716,0.590909091,0.875,0.6,0.361150953,0,0,0,non toxic,0
0.46875,1,0.739130435,0.005439331,3.33E-06,0.514814815,0.45,0,0.571428571,0.785714286,0,0.103448276,0.068656716,0.590909091,0.875,0.6,0.341045018,0,0,0,non toxic,0
0.46875,1,0.739130435,0.005439331,6.67E-06,0.514814815,0.45,0,0.571428571,0.785714286,0,0.103448276,0.068656716,0.590909091,0.875,0.6,0.331964933,0,0,0,non toxic,0
0.46875,1,0.739130435,0.005439331,1.33E-05,0.514814815,0.45,0,0.571428571,0.785714286,0,0.103448276,0.068656716,0.590909091,0.875,0.6,0.292401637,0,0,0,non toxic,0
0.46875,1,0.739130435,0.005439331,2.67E-05,0.514814815,0.45,0,0.571428571,0.785714286,0,0.103448276,0.068656716,0.590909091,0.875,0.6,0.252838347,0,0,0,non toxic,0
0.46875,1,0.739130435,0.005439331,5.33E-05,0.514814815,0.45,0,0.571428571,0.785714286,0,0.103448276,0.068656716,0.590909091,0.875,0.6,0.184089037,0,0,0,toxic,1
0.46875,1,0.739130435,0.005439331,8.00E-05,0.514814815,0.45,0,0.571428571,0.785714286,0,0.103448276,0.068656716,0.590909091,0.875,0.6,0.167874576,0,0,0,toxic,1
0.46875,1,0.739130435,0.005439331,0.000106667,0.514814815,0.45,0,0.571428571,0.785714286,0,0.103448276,0.068656716,0.590909091,0.875,0.6,0.162685947,0,0,0,toxic,1
0.46875,1,0.739130435,0.005439331,0.000133333,0.514814815,0.45,0,0.571428571,0.785714286,0,0.103448276,0.068656716,0.590909091,0.875,0.6,0.163334528,0,0,0,toxic,1
0.46875,1,0.739130435,0.005439331,8.33E-07,0.551851852,0.45,0,0.571428571,0.785714286,0,0.103448276,0.068656716,0.136363636,0,0.6,0.339872085,0,0,0,non toxic,0
0.46875,1,0.739130435,0.005439331,1.67E-06,0.551851852,0.45,0,0.571428571,0.785714286,0,0.103448276,0.068656716,0.136363636,0,0.6,0.334040371,0,0,0,non toxic,0
0.46875,1,0.739130435,0.005439331,3.33E-06,0.551851852,0.45,0,0.571428571,0.785714286,0,0.103448276,0.068656716,0.136363636,0,0.6,0.326750718,0,0,0,non toxic,0
0.46875,1,0.739130435,0.005439331,6.67E-06,0.551851852,0.45,0,0.571428571,0.785714286,0,0.103448276,0.068656716,0.136363636,0,0.6,0.320190014,0,0,0,non toxic,0
0.46875,1,0.739130435,0.005439331,1.33E-05,0.551851852,0.45,0,0.571428571,0.785714286,0,0.103448276,0.068656716,0.136363636,0,0.6,0.270620363,0,0,0,non toxic,0
0.46875,1,0.739130435,0.005439331,2.67E-05,0.551851852,0.45,0,0.571428571,0.785714286,0,0.103448276,0.068656716,0.136363636,0,0.6,0.209387242,0,0,0,toxic,1
0.46875,1,0.739130435,0.005439331,4.00E-05,0.551851852,0.45,0,0.571428571,0.785714286,0,0.103448276,0.068656716,0.136363636,0,0.6,0.174396897,0,0,0,toxic,1
0.46875,1,0.739130435,0.005439331,5.33E-05,0.551851852,0.45,0,0.571428571,0.785714286,0,0.103448276,0.068656716,0.136363636,0,0.6,0.165649312,0,0,0,toxic,1
0.46875,1,0.739130435,0.005439331,6.67E-05,0.551851852,0.45,0,0.571428571,0.785714286,0,0.103448276,0.068656716,0.136363636,0,0.6,0.163462418,0,0,0,toxic,1
0.46875,1,0.739130435,0.005439331,8.33E-07,0.551851852,0.45,0,0.571428571,0.785714286,0,0.103448276,0.068656716,0.590909091,0.875,0.6,0.34497485,0,0,0,non toxic,0
0.46875,1,0.739130435,0.005439331,1.67E-06,0.551851852,0.45,0,0.571428571,0.785714286,0,0.103448276,0.068656716,0.590909091,0.875,0.6,0.338414167,0,0,0,non toxic,0
0.46875,1,0.739130435,0.005439331,3.33E-06,0.551851852,0.45,0,0.571428571,0.785714286,0,0.103448276,0.068656716,0.590909091,0.875,0.6,0.32529279,0,0,0,non toxic,0
0.46875,1,0.739130435,0.005439331,6.67E-06,0.551851852,0.45,0,0.571428571,0.785714286,0,0.103448276,0.068656716,0.590909091,0.875,0.6,0.284470707,0,0,0,non toxic,0
0.46875,1,0.739130435,0.005439331,1.33E-05,0.551851852,0.45,0,0.571428571,0.785714286,0,0.103448276,0.068656716,0.590909091,0.875,0.6,0.238545874,0,0,0,non toxic,0
0.46875,1,0.739130435,0.005439331,2.67E-05,0.551851852,0.45,0,0.571428571,0.785714286,0,0.103448276,0.068656716,0.590909091,0.875,0.6,0.189705178,0,0,0,toxic,1
0.46875,1,0.739130435,0.005439331,4.00E-05,0.551851852,0.45,0,0.571428571,0.785714286,0,0.103448276,0.068656716,0.590909091,0.875,0.6,0.173667932,0,0,0,toxic,1
0.46875,1,0.739130435,0.005439331,5.33E-05,0.551851852,0.45,0,0.571428571,0.785714286,0,0.103448276,0.068656716,0.590909091,0.875,0.6,0.165649312,0,0,0,toxic,1
0.46875,1,0.739130435,0.005439331,6.67E-05,0.551851852,0.45,0,0.571428571,0.785714286,0,0.103448276,0.068656716,0.590909091,0.875,0.6,0.162004481,0,0,0,toxic,1
0.46875,1,0.326086957,0.001464435,1.24E-05,,0.1875,0,0.857142857,0.142857143,0,0.482758621,0.005970149,0.590909091,0.875,0.6,0.335099168,0,0,0,non toxic,0
0.46875,1,0.326086957,0.001464435,0.000124343,,0.1875,0,0.857142857,0.142857143,0,0.482758621,0.005970149,0.590909091,0.875,0.6,0.296265587,0,0,0,non toxic,0
0.46875,1,0.326086957,0.001464435,0.001243428,,0.1875,0,0.857142857,0.142857143,0,0.482758621,0.005970149,0.590909091,0.875,0.6,0.21619254,0,0,0,toxic,1
0.46875,1,0.326086957,0.001464435,0.012434283,,0.1875,0,0.857142857,0.142857143,0,0.482758621,0.005970149,0.590909091,0.875,0.6,0.167197939,0,0,0,toxic,1
0.46875,1,0.326086957,0.001464435,0.124342828,,0.1875,0,0.857142857,0.142857143,0,0.482758621,0.005970149,0.590909091,0.875,0.6,0.15466023,0,0,0,toxic,1
0.46875,1,0.347826087,0.00376569,1.77E-06,,0.1875,0,0.857142857,0.142857143,0,0.482758621,0.005970149,0.590909091,0.875,0.6,0.342100851,0,0,0,non toxic,0
0.46875,1,0.347826087,0.00376569,1.77E-05,,0.1875,0,0.857142857,0.142857143,0,0.482758621,0.005970149,0.590909091,0.875,0.6,0.331356548,0,0,0,non toxic,0
0.46875,1,0.347826087,0.00376569,0.000176596,,0.1875,0,0.857142857,0.142857143,0,0.482758621,0.005970149,0.590909091,0.875,0.6,0.316427321,0,0,0,non toxic,0
0.46875,1,0.347826087,0.00376569,0.00176596,,0.1875,0,0.857142857,0.142857143,0,0.482758621,0.005970149,0.590909091,0.875,0.6,0.283569833,0,0,0,non toxic,0
0.46875,1,0.347826087,0.00376569,0.017659604,,0.1875,0,0.857142857,0.142857143,0,0.482758621,0.005970149,0.590909091,0.875,0.6,0.262664513,0,0,0,non toxic,0
0.46875,1,0.739130435,0.000627615,0.001,,0.3875,0,0.285714286,0.428571429,0,0.620689655,0.068656716,0.590909091,0.875,0.6,0.333698726,0,0,0,non toxic,0
0.46875,1,0.739130435,0.000627615,0.003333333,,0.3875,0,0.285714286,0.428571429,0,0.620689655,0.068656716,0.590909091,0.875,0.6,0.336260533,0,0,0,non toxic,0
0.46875,1,0.739130435,0.000627615,0.01,,0.3875,0,0.285714286,0.428571429,0,0.620689655,0.068656716,0.590909091,0.875,0.6,0.38159777,0,0,0,non toxic,0
0.46875,1,0.739130435,0.000627615,0.003333333,,0.1625,0,0.285714286,0.142857143,0,0.344827586,0.068656716,0.590909091,0.875,0.6,0.339148886,0,0,0,non toxic,0
0.46875,1,0.739130435,0.000627615,0.01,,0.1625,0,0.285714286,0.142857143,0,0.344827586,0.068656716,0.590909091,0.875,0.6,0.355385003,0,0,0,non toxic,0
0.46875,1,0.739130435,0.000627615,0.001,,0.8125,0,0.285714286,0.928571429,0,0.620689655,0.068656716,0.590909091,0.875,0.6,0.343557583,0,0,0,non toxic,0
0.46875,1,0.739130435,0.000627615,0.003333333,,0.8125,0,0.285714286,0.928571429,0,0.620689655,0.068656716,0.590909091,0.875,0.6,0.359597846,0,0,0,non toxic,0
0.46875,1,0.739130435,0.000627615,0.01,,0.8125,0,0.285714286,0.928571429,0,0.620689655,0.068656716,0.590909091,0.875,0.6,0.36672686,0,0,0,non toxic,0
0.46875,1,0.739130435,0.010983264,0.001,,0.3875,0,0.285714286,0.428571429,0,0.620689655,0.068656716,0.590909091,0.875,0.6,0.324454181,0,0,0,non toxic,0
0.46875,1,0.739130435,0.010983264,0.003333333,,0.3875,0,0.285714286,0.428571429,0,0.620689655,0.068656716,0.590909091,0.875,0.6,0.349296943,0,0,0,non toxic,0
0.46875,1,0.739130435,0.010983264,0.001,,0.1625,0,0.285714286,0.142857143,0,0.344827586,0.068656716,0.590909091,0.875,0.6,0.364462532,0,0,0,non toxic,0
0.46875,1,0.739130435,0.010983264,0.003333333,,0.1625,0,0.285714286,0.142857143,0,0.344827586,0.068656716,0.590909091,0.875,0.6,0.360116253,0,0,0,non toxic,0
0.46875,1,0.739130435,0.010983264,0.001,,0.8125,0,0.285714286,0.928571429,0,0.620689655,0.068656716,0.590909091,0.875,0.6,0.34623096,0,0,0,non toxic,0
0.46875,1,0.739130435,0.010983264,0.003333333,,0.8125,0,0.285714286,0.928571429,0,0.620689655,0.068656716,0.590909091,0.875,0.6,0.332864082,0,0,0,non toxic,0
0.46875,1,0.739130435,0.009937238,0.000333333,,0.3875,0,0.285714286,0.428571429,0,0.620689655,0.068656716,0.590909091,0.875,0.6,0.302844032,0,0,0,non toxic,0
0.46875,1,0.739130435,0.009937238,0.001,,0.3875,0,0.285714286,0.428571429,0,0.620689655,0.068656716,0.590909091,0.875,0.6,0.379370664,0,0,0,non toxic,0
0.46875,1,0.739130435,0.009937238,0.003333333,,0.3875,0,0.285714286,0.428571429,0,0.620689655,0.068656716,0.590909091,0.875,0.6,0.400643278,0,0,0,non toxic,0
0.46875,1,0.739130435,0.009937238,0.000333333,,0.1625,0,0.285714286,0.142857143,0,0.344827586,0.068656716,0.590909091,0.875,0.6,0.326240809,0,0,0,non toxic,0
0.46875,1,0.739130435,0.009937238,0.001,,0.1625,0,0.285714286,0.142857143,0,0.344827586,0.068656716,0.590909091,0.875,0.6,0.331731683,0,0,0,non toxic,0
0.46875,1,0.739130435,0.009937238,0.003333333,,0.1625,0,0.285714286,0.142857143,0,0.344827586,0.068656716,0.590909091,0.875,0.6,0.318438647,0,0,0,non toxic,0
0.46875,1,0.739130435,0.009937238,0.000333333,,0.8125,0,0.285714286,0.928571429,0,0.620689655,0.068656716,0.590909091,0.875,0.6,0.261574058,0,0,0,non toxic,0
0.46875,1,0.739130435,0.009937238,0.001,,0.8125,0,0.285714286,0.928571429,0,0.620689655,0.068656716,0.590909091,0.875,0.6,0.200977535,0,0,0,toxic,1
0.46875,1,0.739130435,0.009937238,0.003333333,,0.8125,0,0.285714286,0.928571429,0,0.620689655,0.068656716,0.590909091,0.875,0.6,0.174243775,0,0,0,toxic,1
0.71875,1,0.739130435,0.153974895,4.50E-08,0.291851852,0.15,0,0.428571429,0.285714286,0,0.448275862,0.140298507,0.590909091,0.875,0.6,0.278980212,0,1,1,non toxic,0
0.71875,1,0.739130435,0.153974895,4.50E-08,0.291851852,0.0125,0,0.285714286,0.142857143,0,0.517241379,0.140298507,0.590909091,0.875,0.6,0.298801874,0,1,1,non toxic,0
0.71875,1,0.739130435,0.153974895,4.50E-08,0.291851852,0.175,0,0.285714286,0.142857143,0,0.517241379,0.140298507,0.590909091,0.875,0.6,0.32743315,0,1,1,non toxic,0
0.71875,1,0.739130435,0.153974895,4.50E-08,0.291851852,0.0125,0,0.285714286,0.142857143,0,0.517241379,0.140298507,0.863636364,0.6875,0,0.354131513,0,1,1,non toxic,0
0.71875,1,0.739130435,0.124476987,2.85E-08,0.274074074,0.5625,0,0.142857143,0.142857143,0,0.448275862,0.068656716,0.545454545,0.875,0.6,0.34109809,0,0,0,non toxic,0
0.71875,1,0.739130435,0.124476987,5.71E-08,0.274074074,0.5625,0,0.142857143,0.142857143,0,0.448275862,0.068656716,0.545454545,0.875,0.6,0.337961327,0,0,0,non toxic,0
0.71875,1,0.739130435,0.124476987,1.14E-07,0.274074074,0.5625,0,0.142857143,0.142857143,0,0.448275862,0.068656716,0.545454545,0.875,0.6,0.336392944,0,0,0,non toxic,0
0.71875,1,0.739130435,0.124476987,2.28E-07,0.274074074,0.5625,0,0.142857143,0.142857143,0,0.448275862,0.068656716,0.545454545,0.875,0.6,0.332471996,0,0,0,non toxic,0
0.71875,1,0.739130435,0.124476987,4.57E-07,0.274074074,0.5625,0,0.142857143,0.142857143,0,0.448275862,0.068656716,0.545454545,0.875,0.6,0.284636385,0,0,0,non toxic,0
0.71875,1,0.739130435,0.124476987,2.85E-08,0.274074074,0.2,0,0.285714286,0.142857143,0,0.344827586,0.068656716,0.545454545,0.875,0.6,0.339290481,0,0,0,non toxic,0
0.71875,1,0.739130435,0.124476987,5.71E-08,0.274074074,0.2,0,0.285714286,0.142857143,0,0.344827586,0.068656716,0.545454545,0.875,0.6,0.335162367,0,0,0,non toxic,0
0.71875,1,0.739130435,0.124476987,1.14E-07,0.274074074,0.2,0,0.285714286,0.142857143,0,0.344827586,0.068656716,0.545454545,0.875,0.6,0.331834679,0,0,0,non toxic,0
0.71875,1,0.739130435,0.124476987,2.28E-07,0.274074074,0.2,0,0.285714286,0.142857143,0,0.344827586,0.068656716,0.545454545,0.875,0.6,0.316526318,0,0,0,non toxic,0
0.71875,1,0.739130435,0.124476987,4.57E-07,0.274074074,0.2,0,0.285714286,0.142857143,0,0.344827586,0.068656716,0.545454545,0.875,0.6,0.306010226,0,0,0,non toxic,0
0.71875,1,0.108695652,0.212343096,5.80E-09,0.42962963,0.5625,0,0.142857143,0.142857143,0,0.448275862,0.068656716,0.545454545,0.875,0.6,0.337177129,0,0,0,non toxic,0
0.71875,1,0.108695652,0.212343096,1.16E-08,0.42962963,0.5625,0,0.142857143,0.142857143,0,0.448275862,0.068656716,0.545454545,0.875,0.6,0.333256173,0,0,0,non toxic,0
0.71875,1,0.108695652,0.212343096,2.32E-08,0.42962963,0.5625,0,0.142857143,0.142857143,0,0.448275862,0.068656716,0.545454545,0.875,0.6,0.332471996,0,0,0,non toxic,0
0.71875,1,0.108695652,0.212343096,4.65E-08,0.42962963,0.5625,0,0.142857143,0.142857143,0,0.448275862,0.068656716,0.545454545,0.875,0.6,0.316003986,0,0,0,non toxic,0
0.71875,1,0.108695652,0.212343096,9.29E-08,0.42962963,0.5625,0,0.142857143,0.142857143,0,0.448275862,0.068656716,0.545454545,0.875,0.6,0.284636385,0,0,0,non toxic,0
0.71875,1,0.108695652,0.212343096,5.80E-09,0.42962963,0.2,0,0.285714286,0.142857143,0,0.344827586,0.068656716,0.545454545,0.875,0.6,0.339249087,0,0,0,non toxic,0
0.71875,1,0.108695652,0.212343096,1.16E-08,0.42962963,0.2,0,0.285714286,0.142857143,0,0.344827586,0.068656716,0.545454545,0.875,0.6,0.335923124,0,0,0,non toxic,0
0.71875,1,0.108695652,0.212343096,2.32E-08,0.42962963,0.2,0,0.285714286,0.142857143,0,0.344827586,0.068656716,0.545454545,0.875,0.6,0.32700618,0,0,0,non toxic,0
0.71875,1,0.108695652,0.212343096,4.65E-08,0.42962963,0.2,0,0.285714286,0.142857143,0,0.344827586,0.068656716,0.545454545,0.875,0.6,0.322081069,0,0,0,non toxic,0
0.71875,1,0.108695652,0.212343096,9.29E-08,0.42962963,0.2,0,0.285714286,0.142857143,0,0.344827586,0.068656716,0.545454545,0.875,0.6,0.314756395,0,0,0,non toxic,0
0.71875,1,0.108695652,0.239539749,4.01E-10,0.592592593,0.175,0,0.285714286,0.142857143,0,0.517241379,0.008955224,0.590909091,0.875,0.6,0.348314809,0,0,0,non toxic,0
0.71875,1,0.108695652,0.239539749,6.68E-09,0.592592593,0.175,0,0.285714286,0.142857143,0,0.517241379,0.008955224,0.590909091,0.875,0.6,0.345980027,0,0,0,non toxic,0
0.71875,1,0.108695652,0.239539749,1.34E-08,0.592592593,0.175,0,0.285714286,0.142857143,0,0.517241379,0.008955224,0.590909091,0.875,0.6,0.345932303,0,0,0,non toxic,0
0.71875,1,0.108695652,0.239539749,4.01E-08,0.592592593,0.175,0,0.285714286,0.142857143,0,0.517241379,0.008955224,0.590909091,0.875,0.6,0.340552403,0,0,0,non toxic,0
0.71875,1,0.108695652,0.239539749,6.68E-08,0.592592593,0.175,0,0.285714286,0.142857143,0,0.517241379,0.008955224,0.590909091,0.875,0.6,0.332868031,0,0,0,non toxic,0
0.71875,1,0.108695652,0.239539749,4.01E-10,0.592592593,0.175,0,0.285714286,0.142857143,0,0.517241379,0.068656716,0.590909091,0.875,0.6,0.343127637,0,0,0,non toxic,0
0.71875,1,0.108695652,0.239539749,6.68E-09,0.592592593,0.175,0,0.285714286,0.142857143,0,0.517241379,0.068656716,0.590909091,0.875,0.6,0.339063807,0,0,0,non toxic,0
0.71875,1,0.108695652,0.239539749,1.34E-08,0.592592593,0.175,0,0.285714286,0.142857143,0,0.517241379,0.068656716,0.590909091,0.875,0.6,0.337863382,0,0,0,non toxic,0
0.71875,1,0.108695652,0.239539749,4.01E-08,0.592592593,0.175,0,0.285714286,0.142857143,0,0.517241379,0.068656716,0.590909091,0.875,0.6,0.323260946,0,0,0,non toxic,0
0.71875,1,0.108695652,0.239539749,6.68E-08,0.592592593,0.175,0,0.285714286,0.142857143,0,0.517241379,0.068656716,0.590909091,0.875,0.6,0.316153822,0,0,0,non toxic,0
0.71875,1,0.108695652,0.239539749,4.01E-10,0.592592593,0.175,0,0.285714286,0.142857143,0,0.517241379,0.211940299,0.590909091,0.875,0.6,0.303935715,0,0,0,non toxic,0
0.71875,1,0.108695652,0.239539749,6.68E-09,0.592592593,0.175,0,0.285714286,0.142857143,0,0.517241379,0.211940299,0.590909091,0.875,0.6,0.298719193,0,0,0,non toxic,0
0.71875,1,0.108695652,0.239539749,1.34E-08,0.592592593,0.175,0,0.285714286,0.142857143,0,0.517241379,0.211940299,0.590909091,0.875,0.6,0.304434985,0,0,0,non toxic,0
0.71875,1,0.108695652,0.239539749,4.01E-08,0.592592593,0.175,0,0.285714286,0.142857143,0,0.517241379,0.211940299,0.590909091,0.875,0.6,0.286376268,0,0,0,non toxic,0
0.71875,1,0.108695652,0.239539749,6.68E-08,0.592592593,0.175,0,0.285714286,0.142857143,0,0.517241379,0.211940299,0.590909091,0.875,0.6,0.287336255,0,0,0,non toxic,0
0.71875,1,0.47826087,0.239539749,4.01E-10,0.318518519,0.175,0,0.285714286,0.142857143,0,0.517241379,0.008955224,0.590909091,0.875,0.6,0.338065888,0,0,0,non toxic,0
0.71875,1,0.47826087,0.239539749,6.68E-09,0.318518519,0.175,0,0.285714286,0.142857143,0,0.517241379,0.008955224,0.590909091,0.875,0.6,0.330014854,0,0,0,non toxic,0
0.71875,1,0.47826087,0.239539749,1.34E-08,0.318518519,0.175,0,0.285714286,0.142857143,0,0.517241379,0.008955224,0.590909091,0.875,0.6,0.340366174,0,0,0,non toxic,0
0.71875,1,0.47826087,0.239539749,4.01E-08,0.318518519,0.175,0,0.285714286,0.142857143,0,0.517241379,0.008955224,0.590909091,0.875,0.6,0.332315152,0,0,0,non toxic,0
0.71875,1,0.47826087,0.239539749,6.68E-08,0.318518519,0.175,0,0.285714286,0.142857143,0,0.517241379,0.008955224,0.590909091,0.875,0.6,0.325414278,0,0,0,non toxic,0
0.71875,1,0.47826087,0.239539749,4.01E-10,0.318518519,0.175,0,0.285714286,0.142857143,0,0.517241379,0.068656716,0.590909091,0.875,0.6,0.331740081,0,0,0,non toxic,0
0.71875,1,0.47826087,0.239539749,6.68E-09,0.318518519,0.175,0,0.285714286,0.142857143,0,0.517241379,0.068656716,0.590909091,0.875,0.6,0.32138876,0,0,0,non toxic,0
0.71875,1,0.47826087,0.239539749,1.34E-08,0.318518519,0.175,0,0.285714286,0.142857143,0,0.517241379,0.068656716,0.590909091,0.875,0.6,0.315062966,0,0,0,non toxic,0
0.71875,1,0.47826087,0.239539749,4.01E-08,0.318518519,0.175,0,0.285714286,0.142857143,0,0.517241379,0.068656716,0.590909091,0.875,0.6,0.305861801,0,0,0,non toxic,0
0.71875,1,0.47826087,0.239539749,6.68E-08,0.318518519,0.175,0,0.285714286,0.142857143,0,0.517241379,0.068656716,0.590909091,0.875,0.6,0.300111078,0,0,0,non toxic,0
0.71875,1,0.47826087,0.239539749,4.01E-10,0.318518519,0.175,0,0.285714286,0.142857143,0,0.517241379,0.211940299,0.590909091,0.875,0.6,0.2719325,0,0,0,non toxic,0
0.71875,1,0.47826087,0.239539749,6.68E-09,0.318518519,0.175,0,0.285714286,0.142857143,0,0.517241379,0.211940299,0.590909091,0.875,0.6,0.261006119,0,0,0,non toxic,0
0.71875,1,0.47826087,0.239539749,1.34E-08,0.318518519,0.175,0,0.285714286,0.142857143,0,0.517241379,0.211940299,0.590909091,0.875,0.6,0.266756844,0,0,0,non toxic,0
0.71875,1,0.47826087,0.239539749,4.01E-08,0.318518519,0.175,0,0.285714286,0.142857143,0,0.517241379,0.211940299,0.590909091,0.875,0.6,0.262731335,0,0,0,non toxic,0
0.71875,1,0.47826087,0.239539749,6.68E-08,0.318518519,0.175,0,0.285714286,0.142857143,0,0.517241379,0.211940299,0.590909091,0.875,0.6,0.267331915,0,0,0,non toxic,0
0.71875,1,0.543478261,0.108786611,4.21E-09,0.177777778,0.175,0,0.285714286,0.142857143,0,0.517241379,0.008955224,0.590909091,0.875,0.6,0.371644746,0,0,0,non toxic,0
0.71875,1,0.543478261,0.108786611,7.02E-08,0.177777778,0.175,0,0.285714286,0.142857143,0,0.517241379,0.008955224,0.590909091,0.875,0.6,0.387144758,0,0,0,non toxic,0
0.71875,1,0.543478261,0.108786611,1.40E-07,0.177777778,0.175,0,0.285714286,0.142857143,0,0.517241379,0.008955224,0.590909091,0.875,0.6,0.400623028,0,0,0,non toxic,0
0.71875,1,0.543478261,0.108786611,4.21E-07,0.177777778,0.175,0,0.285714286,0.142857143,0,0.517241379,0.008955224,0.590909091,0.875,0.6,0.37231866,0,0,0,non toxic,0
0.71875,1,0.543478261,0.108786611,7.02E-07,0.177777778,0.175,0,0.285714286,0.142857143,0,0.517241379,0.008955224,0.590909091,0.875,0.6,0.350079513,0,0,0,non toxic,0
0.71875,1,0.543478261,0.108786611,4.21E-09,0.177777778,0.175,0,0.285714286,0.142857143,0,0.517241379,0.068656716,0.590909091,0.875,0.6,0.3494056,0,0,0,non toxic,0
0.71875,1,0.543478261,0.108786611,7.02E-08,0.177777778,0.175,0,0.285714286,0.142857143,0,0.517241379,0.068656716,0.590909091,0.875,0.6,0.344014291,0,0,0,non toxic,0
0.71875,1,0.543478261,0.108786611,1.40E-07,0.177777778,0.175,0,0.285714286,0.142857143,0,0.517241379,0.068656716,0.590909091,0.875,0.6,0.335927329,0,0,0,non toxic,0
0.71875,1,0.543478261,0.108786611,4.21E-07,0.177777778,0.175,0,0.285714286,0.142857143,0,0.517241379,0.068656716,0.590909091,0.875,0.6,0.316383836,0,0,0,non toxic,0
0.71875,1,0.543478261,0.108786611,7.02E-07,0.177777778,0.175,0,0.285714286,0.142857143,0,0.517241379,0.068656716,0.590909091,0.875,0.6,0.320427318,0,0,0,non toxic,0
0.71875,1,0.543478261,0.108786611,4.21E-09,0.177777778,0.175,0,0.285714286,0.142857143,0,0.517241379,0.211940299,0.590909091,0.875,0.6,0.289427295,0,0,0,non toxic,0
0.71875,1,0.543478261,0.108786611,7.02E-08,0.177777778,0.175,0,0.285714286,0.142857143,0,0.517241379,0.211940299,0.590909091,0.875,0.6,0.286731641,0,0,0,non toxic,0
0.71875,1,0.543478261,0.108786611,1.40E-07,0.177777778,0.175,0,0.285714286,0.142857143,0,0.517241379,0.211940299,0.590909091,0.875,0.6,0.285383814,0,0,0,non toxic,0
0.71875,1,0.543478261,0.108786611,4.21E-07,0.177777778,0.175,0,0.285714286,0.142857143,0,0.517241379,0.211940299,0.590909091,0.875,0.6,0.262470754,0,0,0,non toxic,0
0.71875,1,0.543478261,0.108786611,7.02E-07,0.177777778,0.175,0,0.285714286,0.142857143,0,0.517241379,0.211940299,0.590909091,0.875,0.6,0.25034031,0,0,0,non toxic,0
0.75,1,0.739130435,0.014644351,5.97E-09,,0.4125,0,0.285714286,0.142857143,0,0.896551724,0.068656716,0.727272727,0.9375,0.8,0.38859075,0,0,0,non toxic,0
0.75,1,0.739130435,0.014644351,1.19E-08,,0.4125,0,0.285714286,0.142857143,0,0.896551724,0.068656716,0.727272727,0.9375,0.8,0.395585347,0,0,0,non toxic,0
0.75,1,0.739130435,0.014644351,2.98E-08,,0.4125,0,0.285714286,0.142857143,0,0.896551724,0.068656716,0.727272727,0.9375,0.8,0.367290273,0,0,0,non toxic,0
0.75,1,0.739130435,0.014644351,5.97E-08,,0.4125,0,0.285714286,0.142857143,0,0.896551724,0.068656716,0.727272727,0.9375,0.8,0.387313367,0,0,0,non toxic,0
0.75,1,0.739130435,0.014644351,8.95E-08,,0.4125,0,0.285714286,0.142857143,0,0.896551724,0.068656716,0.727272727,0.9375,0.8,0.399193512,0,0,0,non toxic,0
0.75,1,0.739130435,0.014644351,1.19E-07,,0.4125,0,0.285714286,0.142857143,0,0.896551724,0.068656716,0.727272727,0.9375,0.8,0.373613492,0,0,0,non toxic,0
0.75,1,0.739130435,0.014644351,1.49E-07,,0.4125,0,0.285714286,0.142857143,0,0.896551724,0.068656716,0.727272727,0.9375,0.8,0.386036553,0,0,0,non toxic,0
0.75,1,0.739130435,0.014644351,1.79E-07,,0.4125,0,0.285714286,0.142857143,0,0.896551724,0.068656716,0.727272727,0.9375,0.8,0.387058669,0,0,0,non toxic,0
0.59375,1,0.043478261,0.150209205,8.00E-06,0.208148148,0.3375,0,0.285714286,0.142857143,0,0.310344828,0.068656716,0.863636364,0.6875,0,0.330147775,1,1,1,non toxic,0
0.59375,1,0.043478261,0.150209205,1.60E-05,0.208148148,0.3375,0,0.285714286,0.142857143,0,0.310344828,0.068656716,0.863636364,0.6875,0,0.3386209,1,1,1,non toxic,0
0.59375,1,0.043478261,0.150209205,3.20E-05,0.208148148,0.3375,0,0.285714286,0.142857143,0,0.310344828,0.068656716,0.863636364,0.6875,0,0.335112597,1,1,1,non toxic,0
0.59375,1,0.043478261,0.150209205,6.40E-05,0.208148148,0.3375,0,0.285714286,0.142857143,0,0.310344828,0.068656716,0.863636364,0.6875,0,0.334438073,1,1,1,non toxic,0
0.59375,1,0.043478261,0.150209205,0.000128,0.208148148,0.3375,0,0.285714286,0.142857143,0,0.310344828,0.068656716,0.863636364,0.6875,0,0.343234352,1,1,1,non toxic,0
0.59375,1,0.043478261,0.150209205,8.00E-06,0.208148148,0.1625,0,0.285714286,0.142857143,0,0.344827586,0.068656716,0.863636364,0.6875,0,0.304689904,1,1,1,non toxic,0
0.59375,1,0.043478261,0.150209205,1.60E-05,0.208148148,0.1625,0,0.285714286,0.142857143,0,0.344827586,0.068656716,0.863636364,0.6875,0,0.314577377,1,1,1,non toxic,0
0.59375,1,0.043478261,0.150209205,3.20E-05,0.208148148,0.1625,0,0.285714286,0.142857143,0,0.344827586,0.068656716,0.863636364,0.6875,0,0.326425125,1,1,1,non toxic,0
0.59375,1,0.043478261,0.150209205,6.40E-05,0.208148148,0.1625,0,0.285714286,0.142857143,0,0.344827586,0.068656716,0.863636364,0.6875,0,0.402761581,1,1,1,non toxic,0
0.59375,1,0.043478261,0.150209205,0.000128,0.208148148,0.1625,0,0.285714286,0.142857143,0,0.344827586,0.068656716,0.863636364,0.6875,0,0.400927283,1,1,1,non toxic,0
0.84375,1,0.739130435,0.098849372,2.56E-07,0.282962963,0.3,0,0.285714286,0.285714286,0,0.620689655,0.068656716,0.727272727,0.9375,0.8,0.325414278,0,0,0,non toxic,0
0.84375,1,0.739130435,0.098849372,5.11E-07,0.282962963,0.3,0,0.285714286,0.285714286,0,0.620689655,0.068656716,0.727272727,0.9375,0.8,0.275814242,0,0,0,non toxic,0
0.84375,1,0.739130435,0.098849372,5.75E-07,0.282962963,0.3,0,0.285714286,0.285714286,0,0.620689655,0.068656716,0.727272727,0.9375,0.8,0.262875102,0,0,0,non toxic,0
0.84375,1,0.739130435,0.098849372,6.39E-07,0.282962963,0.3,0,0.285714286,0.285714286,0,0.620689655,0.068656716,0.727272727,0.9375,0.8,0.232683776,0,0,0,toxic,1
0.84375,1,0.739130435,0.098849372,7.03E-07,0.282962963,0.3,0,0.285714286,0.285714286,0,0.620689655,0.068656716,0.727272727,0.9375,0.8,0.219744636,0,0,0,toxic,1
0.84375,1,0.739130435,0.098849372,7.67E-07,0.282962963,0.3,0,0.285714286,0.285714286,0,0.620689655,0.068656716,0.727272727,0.9375,0.8,0.204648973,0,0,0,toxic,1
0.84375,1,0.739130435,0.098849372,8.30E-07,0.282962963,0.3,0,0.285714286,0.285714286,0,0.620689655,0.068656716,0.727272727,0.9375,0.8,0.180927216,0,0,0,toxic,1
0.84375,1,0.739130435,0.098849372,8.94E-07,0.282962963,0.3,0,0.285714286,0.285714286,0,0.620689655,0.068656716,0.727272727,0.9375,0.8,0.165831553,0,0,0,toxic,1
0.84375,1,0.739130435,0.098849372,9.58E-07,0.282962963,0.3,0,0.285714286,0.285714286,0,0.620689655,0.068656716,0.727272727,0.9375,0.8,0.146422843,0,0,0,toxic,1
0.84375,1,0.739130435,0.098849372,1.02E-06,0.282962963,0.3,0,0.285714286,0.285714286,0,0.620689655,0.068656716,0.727272727,0.9375,0.8,0.127014133,0,0,0,toxic,1
0.84375,1,0.739130435,0.098849372,1.28E-06,0.282962963,0.3,0,0.285714286,0.285714286,0,0.620689655,0.068656716,0.727272727,0.9375,0.8,0.127014133,0,0,0,toxic,1
0.84375,1,0.739130435,0.098849372,1.53E-06,0.282962963,0.3,0,0.285714286,0.285714286,0,0.620689655,0.068656716,0.727272727,0.9375,0.8,0.127014133,0,0,0,toxic,1
0.84375,1,0.739130435,0.096370293,2.76E-07,0.188148148,0.0125,0,0.285714286,0.142857143,0,0.517241379,0.068656716,0.590909091,0.875,0.6,0.247868154,0,0,0,non toxic,0
0.84375,1,0.739130435,0.096370293,5.51E-07,0.188148148,0.0125,0,0.285714286,0.142857143,0,0.517241379,0.068656716,0.590909091,0.875,0.6,0.208210982,0,0,0,toxic,1
0.84375,1,0.739130435,0.096370293,8.27E-07,0.188148148,0.0125,0,0.285714286,0.142857143,0,0.517241379,0.068656716,0.590909091,0.875,0.6,0.152717998,0,0,0,toxic,1
0.84375,1,0.739130435,0.096370293,1.10E-06,0.188148148,0.0125,0,0.285714286,0.142857143,0,0.517241379,0.068656716,0.590909091,0.875,0.6,0.13285613,0,0,0,toxic,1
0.84375,1,0.739130435,0.096370293,1.38E-06,0.188148148,0.0125,0,0.285714286,0.142857143,0,0.517241379,0.068656716,0.590909091,0.875,0.6,0.123885007,0,0,0,toxic,1
0.84375,1,0.739130435,0.096370293,2.07E-06,0.188148148,0.0125,0,0.285714286,0.142857143,0,0.517241379,0.068656716,0.590909091,0.875,0.6,0.148477221,0,0,0,toxic,1
0.84375,1,0.739130435,0.096370293,4.13E-06,0.188148148,0.0125,0,0.285714286,0.142857143,0,0.517241379,0.068656716,0.590909091,0.875,0.6,0.129205841,0,0,0,toxic,1
0.84375,1,0.739130435,0.096370293,2.76E-07,0.188148148,0.0125,0,0.285714286,0.142857143,0,0.517241379,0.068656716,0.409090909,0.375,0.2,0.262694523,0,0,0,non toxic,0
0.84375,1,0.739130435,0.096370293,5.51E-07,0.188148148,0.0125,0,0.285714286,0.142857143,0,0.517241379,0.068656716,0.409090909,0.375,0.2,0.150825599,0,0,0,toxic,1
0.84375,1,0.739130435,0.096370293,8.27E-07,0.188148148,0.0125,0,0.285714286,0.142857143,0,0.517241379,0.068656716,0.409090909,0.375,0.2,0.137540601,0,0,0,toxic,1
0.84375,1,0.739130435,0.096370293,1.10E-06,0.188148148,0.0125,0,0.285714286,0.142857143,0,0.517241379,0.068656716,0.409090909,0.375,0.2,0.128360946,0,0,0,toxic,1
0.84375,1,0.739130435,0.096370293,1.38E-06,0.188148148,0.0125,0,0.285714286,0.142857143,0,0.517241379,0.068656716,0.409090909,0.375,0.2,0.128425853,0,0,0,toxic,1
0.84375,1,0.739130435,0.096370293,2.07E-06,0.188148148,0.0125,0,0.285714286,0.142857143,0,0.517241379,0.068656716,0.409090909,0.375,0.2,0.136801128,0,0,0,toxic,1
0.84375,1,0.739130435,0.096370293,4.13E-06,0.188148148,0.0125,0,0.285714286,0.142857143,0,0.517241379,0.068656716,0.409090909,0.375,0.2,0.124960302,0,0,0,toxic,1
0.84375,1,0.739130435,0.149236402,7.50E-08,0.264444444,0.0125,0,0.285714286,0.142857143,0,0.517241379,0.068656716,0.590909091,0.875,0.6,0.300331399,0,0,0,non toxic,0
0.84375,1,0.739130435,0.149236402,1.50E-07,0.264444444,0.0125,0,0.285714286,0.142857143,0,0.517241379,0.068656716,0.590909091,0.875,0.6,0.285418892,0,0,0,non toxic,0
0.84375,1,0.739130435,0.149236402,2.25E-07,0.264444444,0.0125,0,0.285714286,0.142857143,0,0.517241379,0.068656716,0.590909091,0.875,0.6,0.27348029,0,0,0,non toxic,0
0.84375,1,0.739130435,0.149236402,3.00E-07,0.264444444,0.0125,0,0.285714286,0.142857143,0,0.517241379,0.068656716,0.590909091,0.875,0.6,0.256590195,0,0,0,non toxic,0
0.84375,1,0.739130435,0.149236402,3.75E-07,0.264444444,0.0125,0,0.285714286,0.142857143,0,0.517241379,0.068656716,0.590909091,0.875,0.6,0.195155828,0,0,0,toxic,1
0.84375,1,0.739130435,0.149236402,5.63E-07,0.264444444,0.0125,0,0.285714286,0.142857143,0,0.517241379,0.068656716,0.590909091,0.875,0.6,0.139568368,0,0,0,toxic,1
0.84375,1,0.739130435,0.149236402,1.13E-06,0.264444444,0.0125,0,0.285714286,0.142857143,0,0.517241379,0.068656716,0.590909091,0.875,0.6,0.127226096,0,0,0,toxic,1
0.84375,1,0.739130435,0.149236402,7.50E-08,0.264444444,0.0125,0,0.285714286,0.142857143,0,0.517241379,0.068656716,0.409090909,0.375,0.2,0.330470958,0,0,0,non toxic,0
0.84375,1,0.739130435,0.149236402,1.50E-07,0.264444444,0.0125,0,0.285714286,0.142857143,0,0.517241379,0.068656716,0.409090909,0.375,0.2,0.343885784,0,0,0,non toxic,0
0.84375,1,0.739130435,0.149236402,2.25E-07,0.264444444,0.0125,0,0.285714286,0.142857143,0,0.517241379,0.068656716,0.409090909,0.375,0.2,0.301844826,0,0,0,non toxic,0
0.84375,1,0.739130435,0.149236402,3.00E-07,0.264444444,0.0125,0,0.285714286,0.142857143,0,0.517241379,0.068656716,0.409090909,0.375,0.2,0.150953095,0,0,0,toxic,1
0.84375,1,0.739130435,0.149236402,3.75E-07,0.264444444,0.0125,0,0.285714286,0.142857143,0,0.517241379,0.068656716,0.409090909,0.375,0.2,0.151015684,0,0,0,toxic,1
0.84375,1,0.739130435,0.149236402,5.63E-07,0.264444444,0.0125,0,0.285714286,0.142857143,0,0.517241379,0.068656716,0.409090909,0.375,0.2,0.130639633,0,0,0,toxic,1
0.84375,1,0.739130435,0.149236402,1.13E-06,0.264444444,0.0125,0,0.285714286,0.142857143,0,0.517241379,0.068656716,0.409090909,0.375,0.2,0.130092563,0,0,0,toxic,1
0.84375,1,0.739130435,0.101882845,1.93E-07,0.247407407,0.0125,0,0.285714286,0.142857143,0,0.517241379,0.068656716,0.727272727,0.9375,0.8,0.307313629,0,0,0,non toxic,0
0.84375,1,0.739130435,0.101882845,3.46E-07,0.247407407,0.0125,0,0.285714286,0.142857143,0,0.517241379,0.068656716,0.727272727,0.9375,0.8,0.299064625,0,0,0,non toxic,0
0.84375,1,0.739130435,0.101882845,6.13E-07,0.247407407,0.0125,0,0.285714286,0.142857143,0,0.517241379,0.068656716,0.727272727,0.9375,0.8,0.255462793,0,0,0,non toxic,0
0.84375,1,0.739130435,0.101882845,8.54E-07,0.247407407,0.0125,0,0.285714286,0.142857143,0,0.517241379,0.068656716,0.727272727,0.9375,0.8,0.191827678,0,0,0,toxic,1
0.84375,1,0.739130435,0.101882845,1.09E-06,0.247407407,0.0125,0,0.285714286,0.142857143,0,0.517241379,0.068656716,0.727272727,0.9375,0.8,0.168259115,0,0,0,toxic,1
0.84375,1,0.739130435,0.101882845,1.31E-06,0.247407407,0.0125,0,0.285714286,0.142857143,0,0.517241379,0.068656716,0.727272727,0.9375,0.8,0.168259115,0,0,0,toxic,1
0.84375,1,0.739130435,0.101882845,1.85E-06,0.247407407,0.0125,0,0.285714286,0.142857143,0,0.517241379,0.068656716,0.727272727,0.9375,0.8,0.16001012,0,0,0,toxic,1
0.84375,1,0.739130435,0.101882845,3.29E-06,0.247407407,0.0125,0,0.285714286,0.142857143,0,0.517241379,0.068656716,0.727272727,0.9375,0.8,0.165902259,0,0,0,toxic,1
0.84375,1,0.739130435,0.101882845,1.94E-07,0.247407407,0.0125,0,0.285714286,0.142857143,0,0.517241379,0.068656716,0.590909091,0.875,0.6,0.306527999,0,0,0,non toxic,0
0.84375,1,0.739130435,0.101882845,3.46E-07,0.247407407,0.0125,0,0.285714286,0.142857143,0,0.517241379,0.068656716,0.590909091,0.875,0.6,0.32066915,0,0,0,non toxic,0
0.84375,1,0.739130435,0.101882845,6.19E-07,0.247407407,0.0125,0,0.285714286,0.142857143,0,0.517241379,0.068656716,0.590909091,0.875,0.6,0.316741043,0,0,0,non toxic,0
0.84375,1,0.739130435,0.101882845,8.69E-07,0.247407407,0.0125,0,0.285714286,0.142857143,0,0.517241379,0.068656716,0.590909091,0.875,0.6,0.246035366,0,0,0,non toxic,0
0.84375,1,0.739130435,0.101882845,1.10E-06,0.247407407,0.0125,0,0.285714286,0.142857143,0,0.517241379,0.068656716,0.590909091,0.875,0.6,0.172972828,0,0,0,toxic,1
0.84375,1,0.739130435,0.101882845,1.33E-06,0.247407407,0.0125,0,0.285714286,0.142857143,0,0.517241379,0.068656716,0.590909091,0.875,0.6,0.161188545,0,0,0,toxic,1
0.84375,1,0.739130435,0.101882845,1.86E-06,0.247407407,0.0125,0,0.285714286,0.142857143,0,0.517241379,0.068656716,0.590909091,0.875,0.6,0.143904936,0,0,0,toxic,1
0.84375,1,0.739130435,0.101882845,3.30E-06,0.247407407,0.0125,0,0.285714286,0.142857143,0,0.517241379,0.068656716,0.590909091,0.875,0.6,0.143904936,0,0,0,toxic,1
0.84375,1,0.739130435,0.101882845,2.34E-08,0.247407407,0.0125,0,0.285714286,0.142857143,0,0.517241379,0.068656716,0.909090909,0.875,0.6,0.343981426,0,0,0,non toxic,0
0.84375,1,0.739130435,0.101882845,5.84E-08,0.247407407,0.0125,0,0.285714286,0.142857143,0,0.517241379,0.068656716,0.909090909,0.875,0.6,0.306373751,0,0,0,non toxic,0
0.84375,1,0.739130435,0.101882845,1.17E-07,0.247407407,0.0125,0,0.285714286,0.142857143,0,0.517241379,0.068656716,0.909090909,0.875,0.6,0.271658988,0,0,0,non toxic,0
0.84375,1,0.739130435,0.101882845,1.75E-07,0.247407407,0.0125,0,0.285714286,0.142857143,0,0.517241379,0.068656716,0.909090909,0.875,0.6,0.197890109,0,0,0,toxic,1
0.84375,1,0.739130435,0.101882845,2.34E-07,0.247407407,0.0125,0,0.285714286,0.142857143,0,0.517241379,0.068656716,0.909090909,0.875,0.6,0.125567685,0,0,0,toxic,1
0.15625,1,0.956521739,0.000313808,0.002138538,,0.0125,0,0.285714286,0.142857143,0,0.517241379,0.068656716,0.909090909,0.875,0.6,0.333366328,1,0,0,non toxic,0
0.15625,1,0.739130435,0.000313808,0.002138538,,0.0125,0,0.285714286,0.142857143,0,0.517241379,0.068656716,0.909090909,0.875,0.6,0.331574548,1,0,0,non toxic,0
0.15625,1,0.956521739,0.000313808,0.002138538,,0.2125,0,0.285714286,0.214285714,0,0.724137931,0.068656716,0.909090909,0.875,0.6,0.36621544,1,0,0,non toxic,0
0.15625,1,0.739130435,0.000313808,0.002138538,,0.2125,0,0.285714286,0.214285714,0,0.724137931,0.068656716,0.909090909,0.875,0.6,0.338144386,1,0,0,non toxic,0
0.15625,1,0.956521739,0.000313808,0.002138538,,0.675,0,0.857142857,0.571428571,0,0.517241379,0.068656716,0.909090909,0.875,0.6,0.309476061,1,0,0,non toxic,0
0.15625,1,0.739130435,0.000313808,0.002138538,,0.675,0,0.857142857,0.571428571,0,0.517241379,0.068656716,0.909090909,0.875,0.6,0.393091996,1,0,0,non toxic,0
0.15625,1,0.956521739,0.000313808,0.002138538,,0.0125,0,0.285714286,0.142857143,0,0.517241379,0.068656716,0.409090909,0.375,0.2,0.341633403,1,0,0,non toxic,0
0.15625,1,0.739130435,0.000313808,0.002138538,,0.0125,0,0.285714286,0.142857143,0,0.517241379,0.068656716,0.409090909,0.375,0.2,0.338534199,1,0,0,non toxic,0
0.15625,1,0.956521739,0.000313808,0.002138538,,0.0125,0,0.285714286,0.142857143,0,0.517241379,0.140298507,0.409090909,0.375,0.2,0.358678973,1,0,0,non toxic,0
0.15625,1,0.739130435,0.000313808,0.002138538,,0.0125,0,0.285714286,0.142857143,0,0.517241379,0.140298507,0.409090909,0.375,0.2,0.320713833,1,0,0,non toxic,0
0.15625,1,0.956521739,0.000313808,0.002138538,,0.0125,0,0.285714286,0.142857143,0,0.517241379,0.211940299,0.409090909,0.375,0.2,0.332335812,1,0,0,non toxic,0
0.15625,1,0.739130435,0.000313808,0.002138538,,0.0125,0,0.285714286,0.142857143,0,0.517241379,0.211940299,0.409090909,0.375,0.2,0.320713833,1,0,0,non toxic,0
0.15625,1,0.956521739,0.000313808,0.002138538,,0.0125,0,0.285714286,0.142857143,0,0.517241379,0.28358209,0.409090909,0.375,0.2,0.322263436,1,0,0,non toxic,0
0.15625,1,0.739130435,0.000313808,0.002138538,,0.0125,0,0.285714286,0.142857143,0,0.517241379,0.28358209,0.409090909,0.375,0.2,0.318389438,1,0,0,non toxic,0
0.15625,1,0.739130435,0,0.000146589,,0.0125,0,0.285714286,0.142857143,0,0.517241379,0.068656716,0.136363636,0,0.6,0.343531545,0,1,1,non toxic,0
0.15625,1,0.739130435,0,0.000293648,,0.0125,0,0.285714286,0.142857143,0,0.517241379,0.068656716,0.136363636,0,0.6,0.343531545,0,1,1,non toxic,0
0.15625,1,0.739130435,0,0.000587296,,0.0125,0,0.285714286,0.142857143,0,0.517241379,0.068656716,0.136363636,0,0.6,0.336116564,0,1,1,non toxic,0
0.15625,1,0.739130435,0,0.001174592,,0.0125,0,0.285714286,0.142857143,0,0.517241379,0.068656716,0.136363636,0,0.6,0.334633566,0,1,1,non toxic,0
0.15625,1,0.739130435,0,0.002349184,,0.0125,0,0.285714286,0.142857143,0,0.517241379,0.068656716,0.136363636,0,0.6,0.333150579,0,1,1,non toxic,0
0.15625,1,0.739130435,0,0.004698368,,0.0125,0,0.285714286,0.142857143,0,0.517241379,0.068656716,0.136363636,0,0.6,0.330184585,0,1,1,non toxic,0
0.15625,1,0.739130435,0,0.009396737,,0.0125,0,0.285714286,0.142857143,0,0.517241379,0.068656716,0.136363636,0,0.6,0.323511103,0,1,1,non toxic,0
0.15625,1,0.739130435,0,0.018793473,,0.0125,0,0.285714286,0.142857143,0,0.517241379,0.068656716,0.136363636,0,0.6,0.303490652,0,1,1,non toxic,0
0.15625,1,0.739130435,0,0.037586947,,0.0125,0,0.285714286,0.142857143,0,0.517241379,0.068656716,0.136363636,0,0.6,0.271606239,0,1,1,non toxic,0
0.15625,1,0.739130435,0,0.075173894,,0.0125,0,0.285714286,0.142857143,0,0.517241379,0.068656716,0.136363636,0,0.6,0.229340854,0,1,1,toxic,1
0.15625,1,0.717391304,0.025104603,2.26E-08,,0.0125,0,0.285714286,0.142857143,0,0.517241379,0.211940299,0.636363636,0.875,0.6,0.244082539,1,0,0,non toxic,0
0.15625,1,0.717391304,0.025104603,4.51E-08,,0.0125,0,0.285714286,0.142857143,0,0.517241379,0.211940299,0.636363636,0.875,0.6,0.237921043,1,0,0,non toxic,0
0.15625,1,0.717391304,0.025104603,9.02E-08,,0.0125,0,0.285714286,0.142857143,0,0.517241379,0.211940299,0.636363636,0.875,0.6,0.232529735,1,0,0,toxic,1
0.15625,1,0.717391304,0.025104603,1.80E-07,,0.0125,0,0.285714286,0.142857143,0,0.517241379,0.211940299,0.636363636,0.875,0.6,0.22482787,1,0,0,toxic,1
0.15625,1,0.717391304,0.025104603,2.26E-08,,0.0125,0,0.285714286,0.142857143,0,0.517241379,0.211940299,0.681818182,0.875,0.6,0.231759554,1,0,0,toxic,1
0.15625,1,0.717391304,0.025104603,4.51E-08,,0.0125,0,0.285714286,0.142857143,0,0.517241379,0.211940299,0.681818182,0.875,0.6,0.227138427,1,0,0,toxic,1
0.15625,1,0.717391304,0.025104603,9.02E-08,,0.0125,0,0.285714286,0.142857143,0,0.517241379,0.211940299,0.681818182,0.875,0.6,0.219436561,1,0,0,toxic,1
0.15625,1,0.717391304,0.025104603,1.80E-07,,0.0125,0,0.285714286,0.142857143,0,0.517241379,0.211940299,0.681818182,0.875,0.6,0.211734689,1,0,0,toxic,1
0.15625,1,0.739130435,0.235146444,8.16E-10,,0.3125,1,0.285714286,0.428571429,0,0.620689655,0.068656716,0.727272727,0.9375,0.8,0.312595429,0,0,0,non toxic,0
0.15625,1,0.739130435,0.235146444,1.63E-09,,0.3125,1,0.285714286,0.428571429,0,0.620689655,0.068656716,0.727272727,0.9375,0.8,0.290256931,0,0,0,non toxic,0
0.15625,1,0.739130435,0.235146444,3.26E-09,,0.3125,1,0.285714286,0.428571429,0,0.620689655,0.068656716,0.727272727,0.9375,0.8,0.285961072,0,0,0,non toxic,0
0.15625,1,0.739130435,0.070083682,9.26E-11,,0.3625,1,0.285714286,0.785714286,0,0.103448276,0.28358209,0.727272727,0.9375,0.8,0.34221246,1,0,0,non toxic,0
0.15625,1,0.739130435,0.070083682,1.87E-10,,0.3625,1,0.285714286,0.785714286,0,0.103448276,0.28358209,0.727272727,0.9375,0.8,0.327230286,1,0,0,non toxic,0
0.15625,1,0.739130435,0.070083682,3.36E-10,,0.3625,1,0.285714286,0.785714286,0,0.103448276,0.28358209,0.727272727,0.9375,0.8,0.335402388,1,0,0,non toxic,0
0.15625,1,0.739130435,0.070083682,7.47E-10,,0.3625,1,0.285714286,0.785714286,0,0.103448276,0.28358209,0.727272727,0.9375,0.8,0.323144246,1,0,0,non toxic,0
0.15625,1,0.739130435,0.070083682,1.49E-09,,0.3625,1,0.285714286,0.785714286,0,0.103448276,0.28358209,0.727272727,0.9375,0.8,0.325868282,1,0,0,non toxic,0
0.15625,1,0.739130435,0.070083682,2.99E-09,,0.3625,1,0.285714286,0.785714286,0,0.103448276,0.28358209,0.727272727,0.9375,0.8,0.305438057,1,0,0,non toxic,0
0.15625,1,0.739130435,0.070083682,5.98E-09,,0.3625,1,0.285714286,0.785714286,0,0.103448276,0.28358209,0.727272727,0.9375,0.8,0.286369863,1,0,0,non toxic,0
0.15625,1,0.739130435,0.070083682,9.26E-11,,0.3625,1,0.285714286,0.785714286,0,0.103448276,0.28358209,0.590909091,0.875,0.6,0.336764405,1,0,0,non toxic,0
0.15625,1,0.739130435,0.070083682,1.87E-10,,0.3625,1,0.285714286,0.785714286,0,0.103448276,0.28358209,0.590909091,0.875,0.6,0.331316337,1,0,0,non toxic,0
0.15625,1,0.739130435,0.070083682,3.36E-10,,0.3625,1,0.285714286,0.785714286,0,0.103448276,0.28358209,0.590909091,0.875,0.6,0.317696189,1,0,0,non toxic,0
0.15625,1,0.739130435,0.070083682,7.47E-10,,0.3625,1,0.285714286,0.785714286,0,0.103448276,0.28358209,0.590909091,0.875,0.6,0.280921795,1,0,0,non toxic,0
0.15625,1,0.739130435,0.070083682,1.49E-09,,0.3625,1,0.285714286,0.785714286,0,0.103448276,0.28358209,0.590909091,0.875,0.6,0.27002568,1,0,0,non toxic,0
0.15625,1,0.739130435,0.070083682,2.99E-09,,0.3625,1,0.285714286,0.785714286,0,0.103448276,0.28358209,0.590909091,0.875,0.6,0.255043515,1,0,0,non toxic,0
0.15625,1,0.739130435,0.070083682,5.98E-09,,0.3625,1,0.285714286,0.785714286,0,0.103448276,0.28358209,0.590909091,0.875,0.6,0.24959546,1,0,0,non toxic,0
0.15625,1,0.739130435,0.070083682,9.26E-11,,0.3625,1,0.285714286,0.785714286,0,0.103448276,0.28358209,0.454545455,0.3125,0.4,0.340850456,1,0,0,non toxic,0
0.15625,1,0.739130435,0.070083682,1.87E-10,,0.3625,1,0.285714286,0.785714286,0,0.103448276,0.28358209,0.454545455,0.3125,0.4,0.335402388,1,0,0,non toxic,0
0.15625,1,0.739130435,0.070083682,3.36E-10,,0.3625,1,0.285714286,0.785714286,0,0.103448276,0.28358209,0.454545455,0.3125,0.4,0.332678354,1,0,0,non toxic,0
0.15625,1,0.739130435,0.070083682,7.47E-10,,0.3625,1,0.285714286,0.785714286,0,0.103448276,0.28358209,0.454545455,0.3125,0.4,0.320420223,1,0,0,non toxic,0
0.15625,1,0.739130435,0.070083682,1.49E-09,,0.3625,1,0.285714286,0.785714286,0,0.103448276,0.28358209,0.454545455,0.3125,0.4,0.314972176,1,0,0,non toxic,0
0.15625,1,0.739130435,0.070083682,2.99E-09,,0.3625,1,0.285714286,0.785714286,0,0.103448276,0.28358209,0.454545455,0.3125,0.4,0.306800074,1,0,0,non toxic,0
0.15625,1,0.739130435,0.070083682,5.98E-09,,0.3625,1,0.285714286,0.785714286,0,0.103448276,0.28358209,0.454545455,0.3125,0.4,0.298627994,1,0,0,non toxic,0
0.15625,1,0.739130435,0.070083682,9.26E-11,,0.3625,1,0.285714286,0.785714286,0,0.103448276,0.28358209,0.727272727,0.9375,0.8,0.345174048,1,0,0,non toxic,0
0.15625,1,0.739130435,0.070083682,1.87E-10,,0.3625,1,0.285714286,0.785714286,0,0.103448276,0.28358209,0.727272727,0.9375,0.8,0.338152807,1,0,0,non toxic,0
0.15625,1,0.739130435,0.070083682,3.36E-10,,0.3625,1,0.285714286,0.785714286,0,0.103448276,0.28358209,0.727272727,0.9375,0.8,0.343167985,1,0,0,non toxic,0
0.15625,1,0.739130435,0.070083682,7.47E-10,,0.3625,1,0.285714286,0.785714286,0,0.103448276,0.28358209,0.727272727,0.9375,0.8,0.35319832,1,0,0,non toxic,0
0.15625,1,0.739130435,0.070083682,1.49E-09,,0.3625,1,0.285714286,0.785714286,0,0.103448276,0.28358209,0.727272727,0.9375,0.8,0.350189216,1,0,0,non toxic,0
0.15625,1,0.739130435,0.070083682,2.99E-09,,0.3625,1,0.285714286,0.785714286,0,0.103448276,0.28358209,0.727272727,0.9375,0.8,0.309064812,1,0,0,non toxic,0
0.15625,1,0.739130435,0.070083682,5.98E-09,,0.3625,1,0.285714286,0.785714286,0,0.103448276,0.28358209,0.727272727,0.9375,0.8,0.328122461,1,0,0,non toxic,0
0.15625,1,0.739130435,0.070083682,9.26E-11,,0.3625,1,0.285714286,0.785714286,0,0.103448276,0.28358209,0.590909091,0.875,0.6,0.328122461,1,0,0,non toxic,0
0.15625,1,0.739130435,0.070083682,1.87E-10,,0.3625,1,0.285714286,0.785714286,0,0.103448276,0.28358209,0.590909091,0.875,0.6,0.306055716,1,0,0,non toxic,0
0.15625,1,0.739130435,0.070083682,3.36E-10,,0.3625,1,0.285714286,0.785714286,0,0.103448276,0.28358209,0.590909091,0.875,0.6,0.2880011,1,0,0,non toxic,0
0.15625,1,0.739130435,0.070083682,7.47E-10,,0.3625,1,0.285714286,0.785714286,0,0.103448276,0.28358209,0.590909091,0.875,0.6,0.2880011,1,0,0,non toxic,0
0.15625,1,0.739130435,0.070083682,1.49E-09,,0.3625,1,0.285714286,0.785714286,0,0.103448276,0.28358209,0.590909091,0.875,0.6,0.270949535,1,0,0,non toxic,0
0.15625,1,0.739130435,0.070083682,2.99E-09,,0.3625,1,0.285714286,0.785714286,0,0.103448276,0.28358209,0.590909091,0.875,0.6,0.27496166,1,0,0,non toxic,0
0.15625,1,0.739130435,0.070083682,5.98E-09,,0.3625,1,0.285714286,0.785714286,0,0.103448276,0.28358209,0.590909091,0.875,0.6,0.26794043,1,0,0,non toxic,0
0.15625,1,0.739130435,0.070083682,9.26E-11,,0.3625,1,0.285714286,0.785714286,0,0.103448276,0.28358209,0.5,0.9375,0.4,0.342164943,1,0,0,non toxic,0
0.15625,1,0.739130435,0.070083682,1.87E-10,,0.3625,1,0.285714286,0.785714286,0,0.103448276,0.28358209,0.5,0.9375,0.4,0.340158881,1,0,0,non toxic,0
0.15625,1,0.739130435,0.070083682,3.36E-10,,0.3625,1,0.285714286,0.785714286,0,0.103448276,0.28358209,0.5,0.9375,0.4,0.339155838,1,0,0,non toxic,0
0.15625,1,0.739130435,0.070083682,7.47E-10,,0.3625,1,0.285714286,0.785714286,0,0.103448276,0.28358209,0.5,0.9375,0.4,0.338152807,1,0,0,non toxic,0
0.15625,1,0.739130435,0.070083682,1.49E-09,,0.3625,1,0.285714286,0.785714286,0,0.103448276,0.28358209,0.5,0.9375,0.4,0.32711943,1,0,0,non toxic,0
0.15625,1,0.739130435,0.070083682,2.99E-09,,0.3625,1,0.285714286,0.785714286,0,0.103448276,0.28358209,0.5,0.9375,0.4,0.311070896,1,0,0,non toxic,0
0.15625,1,0.739130435,0.070083682,5.98E-09,,0.3625,1,0.285714286,0.785714286,0,0.103448276,0.28358209,0.5,0.9375,0.4,0.289004142,1,0,0,non toxic,0
0.15625,1,0.739130435,0.010460251,3.53E-06,,0.9,0,0.285714286,0.142857143,0,0.724137931,0.140298507,0.909090909,0.875,0.6,0.329790338,0,0,0,non toxic,0
0.15625,1,0.739130435,0.010460251,3.53E-06,,0.9,0,0.285714286,0.142857143,0,0.724137931,0.211940299,0.909090909,0.875,0.6,0.28988767,0,0,0,non toxic,0
0.15625,1,0.739130435,0.017782427,8.06E-07,,0.9,0,0.285714286,0.142857143,0,0.724137931,0.28358209,0.909090909,0.875,0.6,0.291549918,0,0,0,non toxic,0
0.15625,1,0.739130435,0.017782427,8.06E-07,,0.9,0,0.285714286,0.142857143,0,0.724137931,0.28358209,0.909090909,0.875,0.6,0.269782683,0,0,0,non toxic,0
0.15625,1,0.739130435,0.010460251,3.53E-06,,0.9,0,0.285714286,0.142857143,0,0.724137931,0.28358209,0.909090909,0.875,0.6,0.154170351,0,0,0,toxic,1
0.15625,1,0.739130435,0.010460251,3.53E-06,,0.9,0,0.285714286,0.142857143,0,0.724137931,0.28358209,0.909090909,0.875,0.6,0.160560052,0,0,0,toxic,1
0.15625,1,0.739130435,0.017782427,8.06E-07,,0.9,0,0.285714286,0.142857143,0,0.724137931,0.140298507,0.909090909,0.875,0.6,0.151774214,0,0,0,toxic,1
0.15625,1,0.739130435,0.017782427,8.06E-07,,0.9,0,0.285714286,0.142857143,0,0.724137931,0.211940299,0.909090909,0.875,0.6,0.171742026,0,0,0,toxic,1
0.15625,1,0.739130435,0.010460251,7.06E-06,,0.225,0,0.285714286,0.142857143,0,0.724137931,0.28358209,0.909090909,0.875,0.6,0.213409585,0,0,0,toxic,1
0.15625,1,0.739130435,0.010460251,7.06E-06,,0.225,0,0.285714286,0.142857143,0,0.724137931,0.140298507,0.909090909,0.875,0.6,0.279397327,0,0,0,non toxic,0
0.15625,1,0.739130435,0.010460251,7.06E-06,,0.225,0,0.285714286,0.142857143,0,0.724137931,0.211940299,0.909090909,0.875,0.6,0.274199696,0,0,0,non toxic,0
0.15625,1,0.739130435,0.010460251,7.06E-06,,0.225,0,0.285714286,0.142857143,0,0.724137931,0.28358209,0.909090909,0.875,0.6,0.191034319,0,0,0,toxic,1
0.15625,1,0.739130435,0.010460251,7.06E-06,,0.225,0,0.285714286,0.142857143,0,0.724137931,0.28358209,0.909090909,0.875,0.6,0.228756941,0,0,0,toxic,1
0.15625,1,0.739130435,0.010460251,7.06E-06,,0.225,0,0.285714286,0.142857143,0,0.724137931,0.28358209,0.909090909,0.875,0.6,0.22251246,0,0,0,toxic,1
0.15625,1,0.739130435,0.017782427,1.61E-06,,0.225,0,0.285714286,0.142857143,0,0.724137931,0.28358209,0.909090909,0.875,0.6,0.235658687,0,0,0,non toxic,0
0.15625,1,0.739130435,0.017782427,1.61E-06,,0.225,0,0.285714286,0.142857143,0,0.724137931,0.28358209,0.909090909,0.875,0.6,0.303740119,0,0,0,non toxic,0
0.15625,1,0.739130435,0.017782427,1.61E-06,,0.225,0,0.285714286,0.142857143,0,0.724137931,0.28358209,0.909090909,0.875,0.6,0.296970512,0,0,0,non toxic,0
0.15625,1,0.739130435,0.017782427,1.61E-06,,0.225,0,0.285714286,0.142857143,0,0.724137931,0.28358209,0.909090909,0.875,0.6,0.209617719,0,0,0,toxic,1
0.15625,1,0.739130435,0.017782427,1.61E-06,,0.225,0,0.285714286,0.142857143,0,0.724137931,0.28358209,0.909090909,0.875,0.6,0.270896301,0,0,0,non toxic,0
0.15625,1,0.739130435,0.017782427,1.61E-06,,0.225,0,0.285714286,0.142857143,0,0.724137931,0.28358209,0.909090909,0.875,0.6,0.248424707,0,0,0,non toxic,0
0.125,1,0.739130435,0.940376569,2.06E-14,,0.3625,1,0.285714286,0.785714286,0,0.103448276,0.140298507,0.727272727,0.9375,0.8,0.338353418,0,0,0,non toxic,0
0.125,1,0.739130435,0.940376569,4.00E-14,,0.3625,1,0.285714286,0.785714286,0,0.103448276,0.140298507,0.727272727,0.9375,0.8,0.342666464,0,0,0,non toxic,0
0.125,1,0.739130435,0.940376569,8.06E-14,,0.3625,1,0.285714286,0.785714286,0,0.103448276,0.140298507,0.727272727,0.9375,0.8,0.353449081,0,0,0,non toxic,0
0.125,1,0.739130435,0.940376569,1.61E-13,,0.3625,1,0.285714286,0.785714286,0,0.103448276,0.140298507,0.727272727,0.9375,0.8,0.346979511,0,0,0,non toxic,0
0.125,1,0.739130435,0.940376569,3.22E-13,,0.3625,1,0.285714286,0.785714286,0,0.103448276,0.140298507,0.727272727,0.9375,0.8,0.359918651,0,0,0,non toxic,0
0.125,1,0.739130435,0.940376569,6.44E-13,,0.3625,1,0.285714286,0.785714286,0,0.103448276,0.140298507,0.727272727,0.9375,0.8,0.342666464,0,0,0,non toxic,0
0.125,1,0.739130435,0.940376569,1.29E-12,,0.3625,1,0.285714286,0.785714286,0,0.103448276,0.140298507,0.727272727,0.9375,0.8,0.359918651,0,0,0,non toxic,0
0.125,1,0.739130435,0.061715481,1.01E-14,,0.3,0,0.285714286,0.285714286,0,0.620689655,0.140298507,0.454545455,0.125,0.4,0.334757825,0,0,1,non toxic,0
0.125,1,0.739130435,0.061715481,1.02E-13,,0.3,0,0.285714286,0.285714286,0,0.620689655,0.140298507,0.454545455,0.125,0.4,0.3330981,0,0,1,non toxic,0
0.125,1,0.739130435,0.061715481,1.03E-12,,0.3,0,0.285714286,0.285714286,0,0.620689655,0.140298507,0.454545455,0.125,0.4,0.331842723,0,0,1,non toxic,0
0.125,1,0.739130435,0.061715481,5.16E-12,,0.3,0,0.285714286,0.285714286,0,0.620689655,0.140298507,0.454545455,0.125,0.4,0.30593505,0,0,1,non toxic,0
0.125,1,0.739130435,0.061715481,1.03E-11,,0.3,0,0.285714286,0.285714286,0,0.620689655,0.140298507,0.454545455,0.125,0.4,0.289748401,0,0,1,non toxic,0
0.125,1,0.739130435,0.061715481,1.30E-11,,0.3,0,0.285714286,0.285714286,0,0.620689655,0.140298507,0.454545455,0.125,0.4,0.299852791,0,0,1,non toxic,0
0.125,1,0.739130435,0.061715481,2.03E-11,,0.3,0,0.285714286,0.285714286,0,0.620689655,0.140298507,0.454545455,0.125,0.4,0.251322822,0,0,1,non toxic,0
0.125,1,0.739130435,0.061715481,7.73E-11,,0.3,0,0.285714286,0.285714286,0,0.620689655,0.140298507,0.454545455,0.125,0.4,0.269089771,0,0,1,non toxic,0
0.125,1,0.739130435,0.061715481,9.51E-11,,0.3,0,0.285714286,0.285714286,0,0.620689655,0.140298507,0.454545455,0.125,0.4,0.262864319,0,0,1,non toxic,0
0.125,1,0.739130435,0.061715481,1.07E-10,,0.3,0,0.285714286,0.285714286,0,0.620689655,0.140298507,0.454545455,0.125,0.4,0.218135654,0,0,1,toxic,1
0.125,1,0.739130435,0.061715481,1.29E-10,,0.3,0,0.285714286,0.285714286,0,0.620689655,0.140298507,0.454545455,0.125,0.4,0.238349825,0,0,1,non toxic,0
0.125,1,0.739130435,0.061715481,2.56E-10,,0.3,0,0.285714286,0.285714286,0,0.620689655,0.140298507,0.454545455,0.125,0.4,0.220950348,0,0,1,toxic,1
0.125,1,0.739130435,0.061715481,4.95E-10,,0.3,0,0.285714286,0.285714286,0,0.620689655,0.140298507,0.454545455,0.125,0.4,0.127129292,0,0,1,toxic,1
0.125,1,0.739130435,0.061715481,9.41E-10,,0.3,0,0.285714286,0.285714286,0,0.620689655,0.140298507,0.454545455,0.125,0.4,0.146122008,0,0,1,toxic,1
0.125,1,0.739130435,0.061715481,1.20E-08,,0.3,0,0.285714286,0.285714286,0,0.620689655,0.140298507,0.454545455,0.125,0.4,0.137988465,0,0,1,toxic,1
0.125,1,0.739130435,0.061715481,1.21E-07,,0.3,0,0.285714286,0.285714286,0,0.620689655,0.140298507,0.454545455,0.125,0.4,0.127028798,0,0,1,toxic,1
0.125,1,0.739130435,0.022604603,1.94E-08,,0.4375,0,0.285714286,1,0,0.448275862,0.068656716,0.909090909,0.875,0.6,0.338798261,1,1,1,non toxic,0
0.125,1,0.739130435,0.022604603,3.88E-08,,0.4375,0,0.285714286,1,0,0.448275862,0.068656716,0.909090909,0.875,0.6,0.335897109,1,1,1,non toxic,0
0.125,1,0.739130435,0.022604603,7.76E-08,,0.4375,0,0.285714286,1,0,0.448275862,0.068656716,0.909090909,0.875,0.6,0.330094804,1,1,1,non toxic,0
0.125,1,0.739130435,0.022604603,1.55E-07,,0.4375,0,0.285714286,1,0,0.448275862,0.068656716,0.909090909,0.875,0.6,0.322358396,1,1,1,non toxic,0
0.125,1,0.739130435,0.022604603,3.11E-07,,0.4375,0,0.285714286,1,0,0.448275862,0.068656716,0.909090909,0.875,0.6,0.31172084,1,1,1,non toxic,0
0.125,1,0.739130435,0.022604603,6.21E-07,,0.4375,0,0.285714286,1,0,0.448275862,0.068656716,0.909090909,0.875,0.6,0.285610465,1,1,1,non toxic,0
0.125,1,0.739130435,0.022604603,1.24E-06,,0.4375,0,0.285714286,1,0,0.448275862,0.068656716,0.909090909,0.875,0.6,0.228554465,1,1,1,toxic,1
0.125,1,0.739130435,0.022604603,2.48E-06,,0.4375,0,0.285714286,1,0,0.448275862,0.068656716,0.909090909,0.875,0.6,0.209213453,1,1,1,toxic,1
0.125,1,0.739130435,0.022604603,4.97E-06,,0.4375,0,0.285714286,1,0,0.448275862,0.068656716,0.909090909,0.875,0.6,0.180201913,1,1,1,toxic,1
0.125,1,0.739130435,0.022604603,1.94E-08,,0.4875,0,0.714285714,0.142857143,0,0.448275862,0.068656716,0.909090909,0.875,0.6,0.341699414,1,1,1,non toxic,0
0.125,1,0.739130435,0.022604603,3.88E-08,,0.4875,0,0.714285714,0.142857143,0,0.448275862,0.068656716,0.909090909,0.875,0.6,0.342666464,1,1,1,non toxic,0
0.125,1,0.739130435,0.022604603,7.76E-08,,0.4875,0,0.714285714,0.142857143,0,0.448275862,0.068656716,0.909090909,0.875,0.6,0.341699414,1,1,1,non toxic,0
0.125,1,0.739130435,0.022604603,1.55E-07,,0.4875,0,0.714285714,0.142857143,0,0.448275862,0.068656716,0.909090909,0.875,0.6,0.332028905,1,1,1,non toxic,0
0.125,1,0.739130435,0.022604603,3.11E-07,,0.4875,0,0.714285714,0.142857143,0,0.448275862,0.068656716,0.909090909,0.875,0.6,0.317523143,1,1,1,non toxic,0
0.125,1,0.739130435,0.022604603,6.21E-07,,0.4875,0,0.714285714,0.142857143,0,0.448275862,0.068656716,0.909090909,0.875,0.6,0.286577519,1,1,1,non toxic,0
0.125,1,0.739130435,0.022604603,1.24E-06,,0.4875,0,0.714285714,0.142857143,0,0.448275862,0.068656716,0.909090909,0.875,0.6,0.251763689,1,1,1,non toxic,0
0.125,1,0.739130435,0.022604603,2.48E-06,,0.4875,0,0.714285714,0.142857143,0,0.448275862,0.068656716,0.909090909,0.875,0.6,0.209213453,1,1,1,toxic,1
0.125,1,0.739130435,0.022604603,4.97E-06,,0.4875,0,0.714285714,0.142857143,0,0.448275862,0.068656716,0.909090909,0.875,0.6,0.178267824,1,1,1,toxic,1
0.125,1,0.739130435,0.035868201,5.10E-09,,0.4375,0,0.285714286,1,0,0.448275862,0.068656716,0.909090909,0.875,0.6,0.342666464,1,1,1,non toxic,0
0.125,1,0.739130435,0.035868201,1.02E-08,,0.4375,0,0.285714286,1,0,0.448275862,0.068656716,0.909090909,0.875,0.6,0.335897109,1,1,1,non toxic,0
0.125,1,0.739130435,0.035868201,2.04E-08,,0.4375,0,0.285714286,1,0,0.448275862,0.068656716,0.909090909,0.875,0.6,0.336864159,1,1,1,non toxic,0
0.125,1,0.739130435,0.035868201,4.08E-08,,0.4375,0,0.285714286,1,0,0.448275862,0.068656716,0.909090909,0.875,0.6,0.326226601,1,1,1,non toxic,0
0.125,1,0.739130435,0.035868201,8.17E-08,,0.4375,0,0.285714286,1,0,0.448275862,0.068656716,0.909090909,0.875,0.6,0.319457244,1,1,1,non toxic,0
0.125,1,0.739130435,0.035868201,1.63E-07,,0.4375,0,0.285714286,1,0,0.448275862,0.068656716,0.909090909,0.875,0.6,0.31268789,1,1,1,non toxic,0
0.125,1,0.739130435,0.035868201,3.27E-07,,0.4375,0,0.285714286,1,0,0.448275862,0.068656716,0.909090909,0.875,0.6,0.303017382,1,1,1,non toxic,0
0.125,1,0.739130435,0.035868201,6.53E-07,,0.4375,0,0.285714286,1,0,0.448275862,0.068656716,0.909090909,0.875,0.6,0.31268789,1,1,1,non toxic,0
0.125,1,0.739130435,0.035868201,1.31E-06,,0.4375,0,0.285714286,1,0,0.448275862,0.068656716,0.909090909,0.875,0.6,0.297215077,1,1,1,non toxic,0
0.125,1,0.739130435,0.035868201,5.10E-09,,0.4875,0,0.714285714,0.142857143,0,0.448275862,0.068656716,0.909090909,0.875,0.6,0.342666464,1,1,1,non toxic,0
0.125,1,0.739130435,0.035868201,1.02E-08,,0.4875,0,0.714285714,0.142857143,0,0.448275862,0.068656716,0.909090909,0.875,0.6,0.342666464,1,1,1,non toxic,0
0.125,1,0.739130435,0.035868201,2.04E-08,,0.4875,0,0.714285714,0.142857143,0,0.448275862,0.068656716,0.909090909,0.875,0.6,0.342666464,1,1,1,non toxic,0
0.125,1,0.739130435,0.035868201,4.08E-08,,0.4875,0,0.714285714,0.142857143,0,0.448275862,0.068656716,0.909090909,0.875,0.6,0.336864159,1,1,1,non toxic,0
0.125,1,0.739130435,0.035868201,8.17E-08,,0.4875,0,0.714285714,0.142857143,0,0.448275862,0.068656716,0.909090909,0.875,0.6,0.342666464,1,1,1,non toxic,0
0.125,1,0.739130435,0.035868201,1.63E-07,,0.4875,0,0.714285714,0.142857143,0,0.448275862,0.068656716,0.909090909,0.875,0.6,0.333963007,1,1,1,non toxic,0
0.125,1,0.739130435,0.035868201,3.27E-07,,0.4875,0,0.714285714,0.142857143,0,0.448275862,0.068656716,0.909090909,0.875,0.6,0.31365494,1,1,1,non toxic,0
0.125,1,0.739130435,0.035868201,6.53E-07,,0.4875,0,0.714285714,0.142857143,0,0.448275862,0.068656716,0.909090909,0.875,0.6,0.302050327,1,1,1,non toxic,0
0.125,1,0.739130435,0.035868201,1.31E-06,,0.4875,0,0.714285714,0.142857143,0,0.448275862,0.068656716,0.909090909,0.875,0.6,0.284643415,1,1,1,non toxic,0
0.125,1,0.739130435,0.171705021,4.98E-11,,0.4375,0,0.285714286,1,0,0.448275862,0.068656716,0.909090909,0.875,0.6,0.342666464,1,1,1,non toxic,0
0.125,1,0.739130435,0.172751046,9.78E-11,,0.4375,0,0.285714286,1,0,0.448275862,0.068656716,0.909090909,0.875,0.6,0.33783121,1,1,1,non toxic,0
0.125,1,0.739130435,0.173797071,1.92E-10,,0.4375,0,0.285714286,1,0,0.448275862,0.068656716,0.909090909,0.875,0.6,0.33783121,1,1,1,non toxic,0
0.125,1,0.739130435,0.174843096,3.78E-10,,0.4375,0,0.285714286,1,0,0.448275862,0.068656716,0.909090909,0.875,0.6,0.331061854,1,1,1,non toxic,0
0.125,1,0.739130435,0.175889121,7.42E-10,,0.4375,0,0.285714286,1,0,0.448275862,0.068656716,0.909090909,0.875,0.6,0.329127753,1,1,1,non toxic,0
0.125,1,0.739130435,0.176935146,1.46E-09,,0.4375,0,0.285714286,1,0,0.448275862,0.068656716,0.909090909,0.875,0.6,0.323325448,1,1,1,non toxic,0
0.125,1,0.739130435,0.177981172,2.86E-09,,0.4375,0,0.285714286,1,0,0.448275862,0.068656716,0.909090909,0.875,0.6,0.307852637,1,1,1,non toxic,0
0.125,1,0.739130435,0.179027197,5.63E-09,,0.4375,0,0.285714286,1,0,0.448275862,0.068656716,0.909090909,0.875,0.6,0.294313925,1,1,1,non toxic,0
0.125,1,0.739130435,0.180073222,1.11E-08,,0.4375,0,0.285714286,1,0,0.448275862,0.068656716,0.909090909,0.875,0.6,0.285610465,1,1,1,non toxic,0
0.125,1,0.739130435,0.181119247,4.25E-11,,0.4875,0,0.714285714,0.142857143,0,0.448275862,0.068656716,0.909090909,0.875,0.6,0.342666464,1,1,1,non toxic,0
0.125,1,0.739130435,0.182165272,8.35E-11,,0.4875,0,0.714285714,0.142857143,0,0.448275862,0.068656716,0.909090909,0.875,0.6,0.342666464,1,1,1,non toxic,0
0.125,1,0.739130435,0.183211297,1.64E-10,,0.4875,0,0.714285714,0.142857143,0,0.448275862,0.068656716,0.909090909,0.875,0.6,0.33783121,1,1,1,non toxic,0
0.125,1,0.739130435,0.184257322,3.23E-10,,0.4875,0,0.714285714,0.142857143,0,0.448275862,0.068656716,0.909090909,0.875,0.6,0.342666464,1,1,1,non toxic,0
0.125,1,0.739130435,0.185303347,6.35E-10,,0.4875,0,0.714285714,0.142857143,0,0.448275862,0.068656716,0.909090909,0.875,0.6,0.332028905,1,1,1,non toxic,0
0.125,1,0.739130435,0.186349372,1.25E-09,,0.4875,0,0.714285714,0.142857143,0,0.448275862,0.068656716,0.909090909,0.875,0.6,0.319457244,1,1,1,non toxic,0
0.125,1,0.739130435,0.187395397,2.46E-09,,0.4875,0,0.714285714,0.142857143,0,0.448275862,0.068656716,0.909090909,0.875,0.6,0.261434193,1,1,1,non toxic,0
0.125,1,0.739130435,0.188441423,4.83E-09,,0.4875,0,0.714285714,0.142857143,0,0.448275862,0.068656716,0.909090909,0.875,0.6,0.234356772,1,1,1,toxic,1
0.125,1,0.739130435,0.189487448,9.50E-09,,0.4875,0,0.714285714,0.142857143,0,0.448275862,0.068656716,0.909090909,0.875,0.6,0.227587419,1,1,1,toxic,1
0.125,1,0.043478261,0.005125523,2.29E-06,,0.7,0,0.571428571,0.857142857,0,0.24137931,0.068656716,0.590909091,0.875,0.6,0.351827828,1,1,1,non toxic,0
0.125,1,0.043478261,0.005125523,4.58E-06,,0.7,0,0.571428571,0.857142857,0,0.24137931,0.068656716,0.590909091,0.875,0.6,0.339475435,1,1,1,non toxic,0
0.125,1,0.043478261,0.005125523,1.14E-05,,0.7,0,0.571428571,0.857142857,0,0.24137931,0.068656716,0.590909091,0.875,0.6,0.335769709,1,1,1,non toxic,0
0.125,1,0.043478261,0.005125523,2.29E-05,,0.7,0,0.571428571,0.857142857,0,0.24137931,0.068656716,0.590909091,0.875,0.6,0.338857807,1,1,1,non toxic,0
0.125,1,0.043478261,0.005125523,4.58E-05,,0.7,0,0.571428571,0.857142857,0,0.24137931,0.068656716,0.590909091,0.875,0.6,0.34626926,1,1,1,non toxic,0
0.125,1,0.065217391,0.005125523,2.29E-06,,0.7,0,0.571428571,0.857142857,0,0.24137931,0.068656716,0.590909091,0.875,0.6,0.349974965,1,1,1,non toxic,0
0.125,1,0.065217391,0.005125523,4.58E-06,,0.7,0,0.571428571,0.857142857,0,0.24137931,0.068656716,0.590909091,0.875,0.6,0.338240189,1,1,1,non toxic,0
0.125,1,0.065217391,0.005125523,1.14E-05,,0.7,0,0.571428571,0.857142857,0,0.24137931,0.068656716,0.590909091,0.875,0.6,0.336387315,1,1,1,non toxic,0
0.125,1,0.065217391,0.005125523,2.29E-05,,0.7,0,0.571428571,0.857142857,0,0.24137931,0.068656716,0.590909091,0.875,0.6,0.332063991,1,1,1,non toxic,0
0.125,1,0.065217391,0.005125523,4.58E-05,,0.7,0,0.571428571,0.857142857,0,0.24137931,0.068656716,0.590909091,0.875,0.6,0.327740649,1,1,1,non toxic,0
0.125,1,0.065217391,0.005125523,2.29E-06,,0.7,0,0.571428571,0.857142857,0,0.24137931,0.068656716,0.590909091,0.875,0.6,0.33515208,1,1,1,non toxic,0
0.125,1,0.586956522,0.005125523,4.58E-06,,0.7,0,0.571428571,0.857142857,0,0.24137931,0.068656716,0.590909091,0.875,0.6,0.335769709,1,1,1,non toxic,0
0.125,1,0.586956522,0.005125523,1.14E-05,,0.7,0,0.571428571,0.857142857,0,0.24137931,0.068656716,0.590909091,0.875,0.6,0.338857807,1,1,1,non toxic,0
0.125,1,0.586956522,0.005125523,2.29E-05,,0.7,0,0.571428571,0.857142857,0,0.24137931,0.068656716,0.590909091,0.875,0.6,0.347504495,1,1,1,non toxic,0
0.125,1,0.586956522,0.005125523,4.58E-05,,0.7,0,0.571428571,0.857142857,0,0.24137931,0.068656716,0.590909091,0.875,0.6,0.354915926,1,1,1,non toxic,0
0.25,1,0.739130435,0.195606695,1.44E-07,0.611851852,0.0125,0,0.285714286,0.142857143,0,0.517241379,0.008955224,0.590909091,0.875,0.6,0.146007367,0,0,0,toxic,1
0.25,1,0.739130435,0.195606695,9.33E-08,0.611851852,0.0125,0,0.285714286,0.142857143,0,0.517241379,0.008955224,0.590909091,0.875,0.6,0.182411064,0,0,0,toxic,1
0.25,1,0.739130435,0.195606695,5.94E-08,0.611851852,0.0125,0,0.285714286,0.142857143,0,0.517241379,0.008955224,0.590909091,0.875,0.6,0.312198154,0,0,0,non toxic,0
0.25,1,0.739130435,0.195606695,4.24E-08,0.611851852,0.0125,0,0.285714286,0.142857143,0,0.517241379,0.008955224,0.590909091,0.875,0.6,0.332774147,0,0,0,non toxic,0
0.25,1,0.739130435,0.165271967,2.38E-07,0.581481481,0.0125,0,0.285714286,0.142857143,0,0.517241379,0.008955224,0.590909091,0.875,0.6,0.144424598,0,0,0,toxic,1
0.25,1,0.739130435,0.165271967,1.54E-07,0.581481481,0.0125,0,0.285714286,0.142857143,0,0.517241379,0.008955224,0.590909091,0.875,0.6,0.221980297,0,0,0,toxic,1
0.25,1,0.739130435,0.165271967,9.82E-08,0.581481481,0.0125,0,0.285714286,0.142857143,0,0.517241379,0.008955224,0.590909091,0.875,0.6,0.321694771,0,0,0,non toxic,0
0.25,1,0.739130435,0.165271967,7.01E-08,0.581481481,0.0125,0,0.285714286,0.142857143,0,0.517241379,0.008955224,0.590909091,0.875,0.6,0.330400009,0,0,0,non toxic,0
0.25,1,0.739130435,0.161087866,2.57E-07,0.568888889,0.0125,0,0.285714286,0.142857143,0,0.517241379,0.008955224,0.590909091,0.875,0.6,0.157878138,0,0,0,toxic,1
0.25,1,0.739130435,0.161087866,1.67E-07,0.568888889,0.0125,0,0.285714286,0.142857143,0,0.517241379,0.008955224,0.590909091,0.875,0.6,0.237807998,0,0,0,non toxic,0
0.25,1,0.739130435,0.161087866,1.06E-07,0.568888889,0.0125,0,0.285714286,0.142857143,0,0.517241379,0.008955224,0.590909091,0.875,0.6,0.302701537,0,0,0,non toxic,0
0.25,1,0.739130435,0.161087866,7.57E-08,0.568888889,0.0125,0,0.285714286,0.142857143,0,0.517241379,0.008955224,0.590909091,0.875,0.6,0.32802584,0,0,0,non toxic,0
0.25,1,0.739130435,0.126569038,5.28E-07,0.551851852,0.0125,0,0.285714286,0.142857143,0,0.517241379,0.008955224,0.590909091,0.875,0.6,0.158669521,0,0,0,toxic,1
0.25,1,0.739130435,0.126569038,3.42E-07,0.551851852,0.0125,0,0.285714286,0.142857143,0,0.517241379,0.008955224,0.590909091,0.875,0.6,0.229102761,0,0,0,toxic,1
0.25,1,0.739130435,0.126569038,2.17E-07,0.551851852,0.0125,0,0.285714286,0.142857143,0,0.517241379,0.008955224,0.590909091,0.875,0.6,0.277377225,0,0,0,non toxic,0
0.25,1,0.739130435,0.126569038,1.55E-07,0.551851852,0.0125,0,0.285714286,0.142857143,0,0.517241379,0.008955224,0.590909091,0.875,0.6,0.312198154,0,0,0,non toxic,0
0.25,1,0.739130435,0.276150628,5.15E-08,0.543703704,0.0125,0,0.285714286,0.142857143,0,0.517241379,0.008955224,0.590909091,0.875,0.6,0.181619676,0,0,0,toxic,1
0.25,1,0.739130435,0.276150628,3.33E-08,0.543703704,0.0125,0,0.285714286,0.142857143,0,0.517241379,0.008955224,0.590909091,0.875,0.6,0.233851065,0,0,0,toxic,1
0.25,1,0.739130435,0.276150628,2.12E-08,0.543703704,0.0125,0,0.285714286,0.142857143,0,0.517241379,0.008955224,0.590909091,0.875,0.6,0.272628914,0,0,0,non toxic,0
0.25,1,0.739130435,0.276150628,1.51E-08,0.543703704,0.0125,0,0.285714286,0.142857143,0,0.517241379,0.008955224,0.590909091,0.875,0.6,0.313780934,0,0,0,non toxic,0
0.25,1,0.739130435,0.195606695,6.07E-08,0.611851852,0.0125,0,0.285714286,0.142857143,0,0.517241379,0.008955224,0.590909091,0.875,0.6,0.299535998,0,0,0,non toxic,0
0.25,1,0.739130435,0.195606695,6.12E-08,0.611851852,0.0125,0,0.285714286,0.142857143,0,0.517241379,0.008955224,0.727272727,0.9375,0.8,0.299535998,0,0,0,non toxic,0
0.25,1,0.739130435,0.195606695,9.19E-08,0.611851852,0.0125,0,0.285714286,0.142857143,0,0.517241379,0.008955224,0.590909091,0.875,0.6,0.234840299,0,0,0,non toxic,0
0.25,1,0.739130435,0.195606695,1.25E-07,0.611851852,0.0125,0,0.285714286,0.142857143,0,0.517241379,0.008955224,0.727272727,0.9375,0.8,0.234840299,0,0,0,non toxic,0
0.25,1,0.739130435,0.165271967,1.14E-07,0.581481481,0.0125,0,0.285714286,0.142857143,0,0.517241379,0.008955224,0.590909091,0.875,0.6,0.299535998,0,0,0,non toxic,0
0.25,1,0.739130435,0.165271967,1.08E-07,0.581481481,0.0125,0,0.285714286,0.142857143,0,0.517241379,0.008955224,0.727272727,0.9375,0.8,0.299535998,0,0,0,non toxic,0
0.25,1,0.739130435,0.165271967,1.57E-07,0.581481481,0.0125,0,0.285714286,0.142857143,0,0.517241379,0.008955224,0.590909091,0.875,0.6,0.234840299,0,0,0,non toxic,0
0.25,1,0.739130435,0.165271967,1.71E-07,0.581481481,0.0125,0,0.285714286,0.142857143,0,0.517241379,0.008955224,0.727272727,0.9375,0.8,0.234840299,0,0,0,non toxic,0
0.25,1,0.739130435,0.161087866,1.05E-07,0.568888889,0.0125,0,0.285714286,0.142857143,0,0.517241379,0.008955224,0.590909091,0.875,0.6,0.299535998,0,0,0,non toxic,0
0.25,1,0.739130435,0.161087866,1.17E-07,0.568888889,0.0125,0,0.285714286,0.142857143,0,0.517241379,0.008955224,0.727272727,0.9375,0.8,0.299535998,0,0,0,non toxic,0
0.25,1,0.739130435,0.161087866,1.73E-07,0.568888889,0.0125,0,0.285714286,0.142857143,0,0.517241379,0.008955224,0.590909091,0.875,0.6,0.234840299,0,0,0,non toxic,0
0.25,1,0.739130435,0.161087866,2.07E-07,0.568888889,0.0125,0,0.285714286,0.142857143,0,0.517241379,0.008955224,0.727272727,0.9375,0.8,0.234840299,0,0,0,non toxic,0
0.25,1,0.739130435,0.126569038,2.02E-07,0.551851852,0.0125,0,0.285714286,0.142857143,0,0.517241379,0.008955224,0.590909091,0.875,0.6,0.299535998,0,0,0,non toxic,0
0.25,1,0.739130435,0.126569038,2.02E-07,0.551851852,0.0125,0,0.285714286,0.142857143,0,0.517241379,0.008955224,0.727272727,0.9375,0.8,0.299535998,0,0,0,non toxic,0
0.25,1,0.739130435,0.126569038,3.44E-07,0.551851852,0.0125,0,0.285714286,0.142857143,0,0.517241379,0.008955224,0.590909091,0.875,0.6,0.234840299,0,0,0,non toxic,0
0.25,1,0.739130435,0.126569038,3.80E-07,0.551851852,0.0125,0,0.285714286,0.142857143,0,0.517241379,0.008955224,0.727272727,0.9375,0.8,0.234840299,0,0,0,non toxic,0
0.25,1,0.739130435,0.276150628,1.94E-08,0.543703704,0.0125,0,0.285714286,0.142857143,0,0.517241379,0.008955224,0.590909091,0.875,0.6,0.299535998,0,0,0,non toxic,0
0.25,1,0.739130435,0.276150628,2.23E-08,0.543703704,0.0125,0,0.285714286,0.142857143,0,0.517241379,0.008955224,0.727272727,0.9375,0.8,0.299535998,0,0,0,non toxic,0
0.25,1,0.739130435,0.276150628,3.64E-08,0.543703704,0.0125,0,0.285714286,0.142857143,0,0.517241379,0.008955224,0.590909091,0.875,0.6,0.234840299,0,0,0,non toxic,0
0.25,1,0.739130435,0.276150628,3.97E-08,0.543703704,0.0125,0,0.285714286,0.142857143,0,0.517241379,0.008955224,0.727272727,0.9375,0.8,0.234840299,0,0,0,non toxic,0
0.25,1,0.739130435,0.195606695,6.02E-08,0.611851852,0.0125,0,0.285714286,0.142857143,0,0.517241379,0.008955224,0.590909091,0.875,0.6,0.299535998,0,0,0,non toxic,0
0.25,1,0.739130435,0.195606695,6.09E-08,0.611851852,0.0125,0,0.285714286,0.142857143,0,0.517241379,0.008955224,0.727272727,0.9375,0.8,0.299535998,0,0,0,non toxic,0
0.25,1,0.739130435,0.195606695,9.13E-08,0.611851852,0.0125,0,0.285714286,0.142857143,0,0.517241379,0.008955224,0.590909091,0.875,0.6,0.234840299,0,0,0,non toxic,0
0.25,1,0.739130435,0.195606695,1.35E-07,0.611851852,0.0125,0,0.285714286,0.142857143,0,0.517241379,0.008955224,0.727272727,0.9375,0.8,0.234840299,0,0,0,non toxic,0
0.25,1,0.739130435,0.195606695,9.78E-08,0.46962963,0.0125,0,0.285714286,0.142857143,0,0.517241379,0.008955224,0.590909091,0.875,0.6,0.299535998,0,0,0,non toxic,0
0.25,1,0.739130435,0.195606695,1.16E-07,0.46962963,0.0125,0,0.285714286,0.142857143,0,0.517241379,0.008955224,0.727272727,0.9375,0.8,0.299535998,0,0,0,non toxic,0
0.25,1,0.739130435,0.195606695,1.70E-07,0.46962963,0.0125,0,0.285714286,0.142857143,0,0.517241379,0.008955224,0.590909091,0.875,0.6,0.234840299,0,0,0,non toxic,0
0.25,1,0.739130435,0.195606695,1.74E-07,0.46962963,0.0125,0,0.285714286,0.142857143,0,0.517241379,0.008955224,0.727272727,0.9375,0.8,0.234840299,0,0,0,non toxic,0
0.25,1,0.739130435,0.195606695,1.08E-07,0.461481481,0.0125,0,0.285714286,0.142857143,0,0.517241379,0.008955224,0.590909091,0.875,0.6,0.299535998,0,0,0,non toxic,0
0.25,1,0.739130435,0.195606695,1.17E-07,0.461481481,0.0125,0,0.285714286,0.142857143,0,0.517241379,0.008955224,0.727272727,0.9375,0.8,0.299535998,0,0,0,non toxic,0
0.25,1,0.739130435,0.195606695,1.79E-07,0.461481481,0.0125,0,0.285714286,0.142857143,0,0.517241379,0.008955224,0.590909091,0.875,0.6,0.234840299,0,0,0,non toxic,0
0.25,1,0.739130435,0.195606695,2.05E-07,0.461481481,0.0125,0,0.285714286,0.142857143,0,0.517241379,0.008955224,0.727272727,0.9375,0.8,0.234840299,0,0,0,non toxic,0
0.25,1,0.739130435,0.25,1.53E-08,0.680740741,0.45,0,0.571428571,0.571428571,0,0.103448276,0.068656716,0.590909091,0.875,0.6,0.332841258,0,0,0,non toxic,0
0.25,1,0.739130435,0.25,1.53E-08,0.680740741,0.45,0,0.571428571,0.571428571,0,0.103448276,0.068656716,0.590909091,0.875,0.6,0.310742393,0,0,0,non toxic,0
0.25,1,0.739130435,0.25,1.53E-08,0.680740741,0.45,0,0.571428571,0.571428571,0,0.103448276,0.068656716,0.590909091,0.875,0.6,0.306724415,0,0,0,non toxic,0
0.25,1,0.739130435,0.25,1.53E-08,0.680740741,0.45,0,0.571428571,0.571428571,0,0.103448276,0.068656716,0.590909091,0.875,0.6,0.277594074,0,0,0,non toxic,0
0.25,1,0.739130435,0.25,1.53E-08,0.680740741,0.45,0,0.571428571,0.571428571,0,0.103448276,0.068656716,0.590909091,0.875,0.6,0.263028912,0,0,0,non toxic,0
0.25,1,0.739130435,0.25,1.53E-08,0.680740741,0.45,0,0.571428571,0.571428571,0,0.103448276,0.068656716,0.590909091,0.875,0.6,0.236409821,0,0,0,non toxic,0
0.25,1,0.739130435,0.25,1.53E-08,0.680740741,0.45,0,0.571428571,0.571428571,0,0.103448276,0.068656716,0.590909091,0.875,0.6,0.229378358,0,0,0,toxic,1
0.25,1,0.739130435,0.25,1.53E-08,0.680740741,0.45,0,0.571428571,0.571428571,0,0.103448276,0.068656716,0.590909091,0.875,0.6,0.216319943,0,0,0,toxic,1
0.25,1,0.739130435,0.25,1.53E-08,0.680740741,0.45,0,0.571428571,0.571428571,0,0.103448276,0.068656716,0.454545455,0.1875,0.4,0.285503113,0,0,0,non toxic,0
0.25,1,0.739130435,0.25,1.53E-08,0.680740741,0.45,0,0.571428571,0.571428571,0,0.103448276,0.068656716,0.454545455,0.1875,0.4,0.31274342,0,0,0,non toxic,0
0.25,1,0.739130435,0.25,1.53E-08,0.680740741,0.475,0,0.571428571,0.285714286,0,0.068965517,0.068656716,0.590909091,0.875,0.6,0.342383951,0,0,0,non toxic,0
0.25,1,0.739130435,0.25,1.53E-08,0.680740741,0.475,0,0.571428571,0.285714286,0,0.068965517,0.068656716,0.590909091,0.875,0.6,0.332590141,0,0,0,non toxic,0
0.25,1,0.739130435,0.25,1.53E-08,0.680740741,0.475,0,0.571428571,0.285714286,0,0.068965517,0.068656716,0.590909091,0.875,0.6,0.330330008,0,0,0,non toxic,0
0.25,1,0.739130435,0.25,1.53E-08,0.680740741,0.475,0,0.571428571,0.285714286,0,0.068965517,0.068656716,0.590909091,0.875,0.6,0.319029459,0,0,0,non toxic,0
0.25,1,0.739130435,0.25,1.53E-08,0.680740741,0.475,0,0.571428571,0.285714286,0,0.068965517,0.068656716,0.590909091,0.875,0.6,0.305468788,0,0,0,non toxic,0
0.25,1,0.739130435,0.25,1.53E-08,0.680740741,0.475,0,0.571428571,0.285714286,0,0.068965517,0.068656716,0.590909091,0.875,0.6,0.297935092,0,0,0,non toxic,0
0.25,1,0.739130435,0.25,1.53E-08,0.680740741,0.475,0,0.571428571,0.285714286,0,0.068965517,0.068656716,0.590909091,0.875,0.6,0.290401375,0,0,0,non toxic,0
0.25,1,0.739130435,0.25,1.53E-08,0.680740741,0.475,0,0.571428571,0.285714286,0,0.068965517,0.068656716,0.590909091,0.875,0.6,0.282490989,0,0,0,non toxic,0
0.25,1,0.739130435,0.375523013,4.53E-09,0.703703704,0.475,0,0.571428571,0.285714286,0,0.068965517,0.068656716,0.590909091,0.875,0.6,0.329827775,0,0,0,non toxic,0
0.25,1,0.739130435,0.375523013,4.53E-09,0.703703704,0.475,0,0.571428571,0.285714286,0,0.068965517,0.068656716,0.590909091,0.875,0.6,0.308231143,0,0,0,non toxic,0
0.25,1,0.739130435,0.375523013,4.53E-09,0.703703704,0.475,0,0.571428571,0.285714286,0,0.068965517,0.068656716,0.590909091,0.875,0.6,0.28362105,0,0,0,non toxic,0
0.25,1,0.739130435,0.375523013,4.53E-09,0.703703704,0.475,0,0.571428571,0.285714286,0,0.068965517,0.068656716,0.590909091,0.875,0.6,0.237414316,0,0,0,non toxic,0
0.25,1,0.739130435,0.375523013,4.53E-09,0.703703704,0.475,0,0.571428571,0.285714286,0,0.068965517,0.068656716,0.590909091,0.875,0.6,0.232894095,0,0,0,toxic,1
0.25,1,0.739130435,0.375523013,4.53E-09,0.703703704,0.475,0,0.571428571,0.285714286,0,0.068965517,0.068656716,0.590909091,0.875,0.6,0.225862628,0,0,0,toxic,1
0.25,1,0.739130435,0.375523013,4.53E-09,0.703703704,0.475,0,0.571428571,0.285714286,0,0.068965517,0.068656716,0.590909091,0.875,0.6,0.209790728,0,0,0,toxic,1
0.25,1,0.739130435,0.375523013,4.53E-09,0.703703704,0.475,0,0.571428571,0.285714286,0,0.068965517,0.068656716,0.454545455,0.1875,0.4,0.271882964,0,0,0,non toxic,0
0.25,1,0.739130435,0.375523013,4.53E-09,0.703703704,0.475,0,0.571428571,0.285714286,0,0.068965517,0.068656716,0.454545455,0.1875,0.4,0.309028841,0,0,0,non toxic,0
0.25,1,0.739130435,0.375523013,4.53E-09,0.703703704,0.45,0,0.571428571,0.571428571,0,0.103448276,0.068656716,0.590909091,0.875,0.6,0.338240416,0,0,0,non toxic,0
0.25,1,0.739130435,0.375523013,4.53E-09,0.703703704,0.45,0,0.571428571,0.571428571,0,0.103448276,0.068656716,0.590909091,0.875,0.6,0.334096872,0,0,0,non toxic,0
0.25,1,0.739130435,0.375523013,4.53E-09,0.703703704,0.45,0,0.571428571,0.571428571,0,0.103448276,0.068656716,0.590909091,0.875,0.6,0.325056424,0,0,0,non toxic,0
0.25,1,0.739130435,0.375523013,4.53E-09,0.703703704,0.45,0,0.571428571,0.571428571,0,0.103448276,0.068656716,0.590909091,0.875,0.6,0.316015977,0,0,0,non toxic,0
0.25,1,0.739130435,0.375523013,4.53E-09,0.703703704,0.45,0,0.571428571,0.571428571,0,0.103448276,0.068656716,0.590909091,0.875,0.6,0.297935092,0,0,0,non toxic,0
0.25,1,0.739130435,0.375523013,4.53E-09,0.703703704,0.45,0,0.571428571,0.571428571,0,0.103448276,0.068656716,0.590909091,0.875,0.6,0.29529829,0,0,0,non toxic,0
0.25,1,0.739130435,0.375523013,4.53E-09,0.703703704,0.45,0,0.571428571,0.571428571,0,0.103448276,0.068656716,0.590909091,0.875,0.6,0.282114296,0,0,0,non toxic,0
0.25,1,0.304347826,0.270920502,1.20E-08,0.703703704,0.45,0,0.571428571,0.571428571,0,0.103448276,0.068656716,0.590909091,0.875,0.6,0.329576648,0,0,0,non toxic,0
0.25,1,0.282608696,0.270920502,1.20E-08,0.703703704,0.45,0,0.571428571,0.571428571,0,0.103448276,0.068656716,0.590909091,0.875,0.6,0.329953339,0,0,0,non toxic,0
0.25,1,0.282608696,0.270920502,1.20E-08,0.703703704,0.475,0,0.571428571,0.285714286,0,0.068965517,0.068656716,0.590909091,0.875,0.6,0.30810559,0,0,0,non toxic,0
0.25,1,0.282608696,0.270920502,1.20E-08,0.703703704,0.475,0,0.571428571,0.285714286,0,0.068965517,0.068656716,0.590909091,0.875,0.6,0.302831985,0,0,0,non toxic,0
0.25,1,0.282608696,0.270920502,1.20E-08,0.703703704,0.475,0,0.571428571,0.285714286,0,0.068965517,0.068656716,0.590909091,0.875,0.6,0.280984248,0,0,0,non toxic,0
0.25,1,0.282608696,0.270920502,1.20E-08,0.703703704,0.475,0,0.571428571,0.285714286,0,0.068965517,0.068656716,0.590909091,0.875,0.6,0.223728079,0,0,0,toxic,1
0.25,1,0.282608696,0.270920502,1.20E-08,0.703703704,0.475,0,0.571428571,0.285714286,0,0.068965517,0.068656716,0.590909091,0.875,0.6,0.335226933,0,0,0,non toxic,0
0.25,1,0.282608696,0.270920502,1.20E-08,0.703703704,0.475,0,0.571428571,0.285714286,0,0.068965517,0.068656716,0.590909091,0.875,0.6,0.332966811,0,0,0,non toxic,0
0.25,1,0.282608696,0.270920502,1.20E-08,0.703703704,0.475,0,0.571428571,0.285714286,0,0.068965517,0.068656716,0.590909091,0.875,0.6,0.321666262,0,0,0,non toxic,0
0.25,1,0.282608696,0.270920502,1.20E-08,0.703703704,0.45,0,0.571428571,0.571428571,0,0.103448276,0.068656716,0.590909091,0.875,0.6,0.320159521,0,0,0,non toxic,0
0.25,1,0.282608696,0.270920502,1.20E-08,0.703703704,0.45,0,0.571428571,0.571428571,0,0.103448276,0.068656716,0.590909091,0.875,0.6,0.311119073,0,0,0,non toxic,0
0.25,1,0.282608696,0.270920502,1.20E-08,0.703703704,0.45,0,0.571428571,0.571428571,0,0.103448276,0.068656716,0.590909091,0.875,0.6,0.29642834,0,0,0,non toxic,0
